id,title,budget,revenue,runtime,popularity,vote_average,vote_count,release_date,original_language,genres,production_companies_count
1204680,Coyote vs. Acme,72000000,88043208,103,290.8185,7.525,632,2026-08-17,en,"['Comedy', 'Adventure', 'Family']",4
1101383,The End of Oak Street,80000000,120363694,100,235.5727,7.036,1785,2026-08-12,en,"['Science Fiction', 'Mystery', 'Thriller']",4
1423191,Resident Evil,75000000,212394895,95,433.5555,7.308,694,2026-09-16,en,"['Horror', 'Science Fiction', 'Adventure']",7
969681,Spider-Man: Brand New Day,225000000,2495683000,145,564.5909,7.9,3000,2026-07-29,en,"['Science Fiction', 'Action', 'Adventure']",4
1032863,The Love Hypothesis,0,0,112,205.4903,8.039,441,2026-09-23,en,"['Romance', 'Comedy']",3
1368337,The Odyssey,250000000,1751248000,173,298.6091,8.012,3996,2026-07-15,en,"['Adventure', 'Action', 'Fantasy']",2
1375646,Colony,0,0,123,172.1553,8.109,1014,2026-05-21,ko,"['Horror', 'Action', 'Science Fiction']",3
1288445,Mutiny,40000000,20824283,96,167.9601,7.397,742,2026-08-19,en,"['Action', 'Thriller']",2
1377237,Runner,0,6432956,97,267.0831,8.245,292,2026-09-07,en,"['Action', 'Comedy']",9
460458,Resident Evil: Welcome to Raccoon City,25000000,41914915,107,180.0969,5.937,2836,2021-11-24,en,"['Action', 'Horror', 'Science Fiction']",3
1339713,Obsession,750000,519159799,109,159.6844,8.2,5895,2026-05-13,en,"['Horror', 'Thriller']",4
1232569,Pinocchio: Unstrung,500000,822910,82,129.3562,6.5,122,2026-07-22,en,"['Horror', 'Fantasy', 'Mystery']",1
1492640,UNABOMBER,0,0,101,144.3174,6.587,304,2026-09-25,en,"['Thriller', 'Drama', 'Crime']",2
1477712,Ice Cream Man,5500000,7788193,86,119.9665,4.827,107,2026-08-03,en,"['Comedy', 'Horror', 'Thriller']",7
1084244,Toy Story 5,250000000,1136476240,102,162.7042,8.317,2460,2026-06-17,en,"['Animation', 'Family', 'Comedy', 'Adventure']",1
977942,The Uprising,20000000,8079597,128,161.4715,7.78,161,2026-09-10,en,"['History', 'Drama']",6
1263337,Heart of the Beast,82000000,0,101,150.6317,7.547,190,2026-09-19,en,"['Adventure', 'Thriller']",6
299534,Avengers: Endgame,356000000,2890946085,181,117.9721,8.245,28882,2019-04-24,en,"['Adventure', 'Science Fiction', 'Action']",1
687163,Project Hail Mary,200000000,684586806,157,96.8797,8.642,8099,2026-03-15,en,"['Science Fiction', 'Adventure']",5
1108427,Moana,250000000,308159595,115,107.8339,7.403,827,2026-07-08,en,"['Family', 'Fantasy', 'Comedy', 'Adventure']",4
1083381,Backrooms,10000000,400685080,111,96.1792,7.021,3565,2026-05-27,en,"['Horror', 'Mystery', 'Science Fiction']",5
299536,Avengers: Infinity War,300000000,2052415039,149,93.0896,8.244,33047,2018-04-25,en,"['Adventure', 'Action', 'Science Fiction']",1
1084242,Zootopia 2,150000000,1868208796,108,81.5792,7.668,3501,2025-11-26,en,"['Animation', 'Adventure', 'Comedy', 'Mystery', 'Family']",2
83533,Avatar: Fire and Ash,350000000,1485999890,198,80.656,7.646,4429,2025-12-17,en,"['Science Fiction', 'Adventure', 'Fantasy']",3
335984,Blade Runner 2049,150000000,259239658,164,73.5055,7.608,15770,2017-10-04,en,"['Science Fiction', 'Drama']",6
1315772,Minions & Monsters,85000000,519033384,90,95.3002,7.558,1220,2026-06-24,en,"['Adventure', 'Animation', 'Comedy', 'Family', 'Fantasy']",2
1275779,Disclosure Day,115000000,241186430,146,72.9564,7.462,3516,2026-06-10,en,"['Science Fiction', 'Thriller']",2
755898,War of the Worlds,10000000,0,91,89.328,4.031,1157,2025-07-29,en,"['Science Fiction', 'Thriller']",3
1240889,Teenage Sex and Death at Camp Miasma,8000000,8525000,112,71.63,6.29,233,2026-08-06,en,"['Comedy', 'Horror', 'Romance']",2
1440098,Drawn Together,0,0,104,71.3757,6.804,163,2026-09-09,es,"['Romance', 'Thriller']",1
157336,Interstellar,165000000,746606706,169,69.8103,8.489,41355,2014-11-05,en,"['Adventure', 'Drama', 'Science Fiction']",3
980431,Avatar Aang: The Last Airbender,0,0,99,66.7121,9.144,1238,2026-07-24,en,"['Animation', 'Adventure', 'Fantasy', 'Action']",5
533535,Deadpool & Wolverine,200000000,1338073645,128,65.4696,7.587,9545,2024-07-24,en,"['Action', 'Comedy', 'Science Fiction']",6
1228710,The Mandalorian and Grogu,165000000,345166617,132,63.4915,7.461,1773,2026-05-20,en,"['Action', 'Adventure', 'Science Fiction']",2
1284465,The Death of Robin Hood,25000000,3200000,123,63.4296,6.7,481,2026-06-18,en,"['Adventure', 'Drama', 'Action']",2
1419406,The Shadow's Edge,0,174400000,142,61.9262,8.313,1502,2025-08-16,zh,"['Action', 'Crime', 'Drama', 'Thriller']",4
348,Alien,11000000,104931801,117,61.3476,8.174,16914,1979-05-25,en,"['Horror', 'Science Fiction']",3
1386315,The Runner,0,0,86,60.8195,6.8,621,2026-09-03,en,"['Thriller', 'Action']",2
24428,The Avengers,220000000,1518815515,143,63.3008,8.079,39918,2012-04-25,en,"['Science Fiction', 'Action', 'Adventure']",1
591634,False Positive,0,0,93,61.2108,5.6,203,2021-06-18,en,"['Horror', 'Mystery', 'Thriller']",1
278,The Shawshank Redemption,25000000,28341469,142,59.1023,8.731,31477,1994-09-23,en,"['Drama', 'Crime']",1
634649,Spider-Man: No Way Home,200000000,1921426073,148,57.2524,7.947,23238,2021-12-15,en,"['Action', 'Adventure', 'Science Fiction']",3
150540,Inside Out,175000000,857611174,95,58.2517,7.905,23948,2015-06-17,en,"['Animation', 'Family', 'Adventure', 'Drama', 'Comedy']",1
238,The Godfather,6000000,245066411,175,58.1171,8.688,23677,1972-03-14,en,"['Drama', 'Crime']",3
1311031,Demon Slayer: Kimetsu no Yaiba Infinity Castle,20000000,793594078,156,59.5339,8.798,2229,2025-07-18,ja,"['Animation', 'Action', 'Fantasy']",3
1185806,PAW Patrol: The Dino Movie,40000000,138326933,88,56.9019,8.16,159,2026-07-23,en,"['Animation', 'Adventure', 'Family', 'Fantasy', 'Comedy']",3
1323244,Rage of Stars,0,0,106,55.8216,6.564,218,2026-08-06,en,"['Action', 'Science Fiction', 'Thriller']",1
1621552,Facing El Chapo,0,0,91,58.1804,8.779,863,2026-08-21,es,"['Crime', 'Action', 'Thriller']",1
205596,The Imitation Game,14000000,233555708,113,55.0061,8.0,18475,2014-11-14,en,"['History', 'Drama', 'Thriller', 'War']",3
1516698,The Last Sunrise,0,0,107,55.0539,6.856,208,2026-08-26,en,"['Romance', 'Drama']",6
671,Harry Potter and the Philosopher's Stone,125000000,1029374615,152,54.2574,7.904,30327,2001-11-16,en,"['Adventure', 'Fantasy']",3
122,The Lord of the Rings: The Return of the King,94000000,1118888979,201,53.31,8.505,27480,2003-12-17,en,"['Adventure', 'Fantasy', 'Action']",3
1280738,The Furious,20000000,39745080,113,53.2887,8.194,789,2026-06-10,zh,"['Action', 'Crime', 'Thriller']",3
1081003,Supergirl,175000000,126366532,108,52.5121,6.662,2484,2026-06-24,en,"['Action', 'Adventure', 'Science Fiction']",4
569094,Spider-Man: Across the Spider-Verse,100000000,690897910,140,52.361,8.351,9342,2023-05-31,en,"['Animation', 'Action', 'Adventure', 'Science Fiction']",6
1184918,The Wild Robot,78000000,331982078,102,53.3163,8.311,6671,2024-09-12,en,"['Family', 'Animation', 'Science Fiction', 'Adventure']",1
603,The Matrix,63000000,463517383,136,53.7435,8.26,28862,1999-03-31,en,"['Action', 'Science Fiction']",4
1273221,Scary Movie,30000000,231886052,96,52.1411,6.366,1979,2026-06-03,en,['Comedy'],2
693134,Dune: Part Two,190000000,714844358,167,53.8212,8.1,8664,2024-02-27,en,"['Science Fiction', 'Adventure']",1
155,The Dark Knight,185000000,1004558444,152,51.8926,8.5,36866,2008-07-16,en,"['Action', 'Thriller', 'Crime']",4
20352,Despicable Me,69000000,543284256,95,51.0418,7.262,16425,2010-07-08,en,"['Animation', 'Comedy', 'Crime', 'Science Fiction', 'Family']",2
438631,Dune,165000000,410668500,155,48.357,7.784,15636,2021-09-15,en,"['Science Fiction', 'Adventure']",1
475557,Joker,55000000,1078958629,122,42.4411,8.115,28417,2019-10-01,en,"['Crime', 'Thriller', 'Drama']",5
27205,Inception,160000000,839030630,148,48.2547,8.374,40322,2010-07-15,en,"['Action', 'Science Fiction', 'Adventure']",1
120,The Lord of the Rings: The Fellowship of the Ring,93000000,871368364,179,51.6039,8.446,28479,2001-12-18,en,"['Adventure', 'Fantasy', 'Action']",3
1384216,The Dog Stars,110000000,37416959,119,47.3324,6.6,300,2026-08-26,en,"['Science Fiction', 'Thriller', 'Adventure']",2
10138,Iron Man 2,200000000,623933331,124,50.1462,6.855,22981,2010-04-28,en,"['Adventure', 'Action', 'Science Fiction']",3
4935,Howl's Moving Castle,24000000,236049757,119,49.9671,8.387,11506,2004-09-09,ja,"['Fantasy', 'Animation', 'Adventure']",7
936075,Michael,250000000,1042616139,128,47.4042,8.625,4465,2026-04-22,en,"['Music', 'Drama']",3
1560520,Batman: Knightfall Part 1: Knightfall,0,0,79,45.8778,9.153,412,2026-06-23,en,"['Animation', 'Action', 'Adventure', 'Drama']",2
872585,Oppenheimer,100000000,952000000,181,48.7228,8.022,12597,2023-07-19,en,"['Drama', 'History']",5
1302904,Practical Magic 2,75000000,96891326,130,46.6564,6.2,103,2026-09-09,en,"['Romance', 'Fantasy', 'Comedy']",6
1212763,Evil Dead Burn,20000000,71491178,110,46.3558,7.646,1646,2026-07-07,en,['Horror'],3
550,Fight Club,63000000,100853753,139,45.2265,8.437,32960,1999-10-15,en,"['Drama', 'Thriller']",5
863,Toy Story 2,90000000,497375404,92,47.7148,7.624,15427,1999-10-30,en,"['Animation', 'Comedy', 'Family']",1
680,Pulp Fiction,8000000,213928762,154,44.8475,8.48,30996,1994-09-10,en,"['Thriller', 'Crime', 'Comedy']",3
1523145,Your Heart Will Be Broken,3716000,7578000,134,47.6024,7.1,124,2026-03-26,ru,['Romance'],5
242,The Godfather Part III,54000000,136766062,162,44.5477,7.415,7093,1990-12-25,en,"['Crime', 'Drama', 'Thriller']",2
1127384,Deep Water,40000000,7340233,107,41.7164,7.398,648,2026-04-30,en,"['Horror', 'Thriller', 'Adventure']",8
1368166,The Housemaid,35000000,399644671,131,44.4965,7.252,3156,2025-12-18,en,"['Mystery', 'Thriller']",4
1307118,Soulm8te,0,0,99,44.4394,7.481,390,2026-07-31,en,"['Horror', 'Science Fiction', 'Thriller']",3
672,Harry Potter and the Chamber of Secrets,100000000,876688482,161,43.5514,7.709,24151,2002-11-13,en,"['Adventure', 'Fantasy']",4
673,Harry Potter and the Prisoner of Azkaban,130000000,789804554,141,43.2844,8.013,23716,2004-05-31,en,"['Adventure', 'Fantasy']",4
354912,Coco,175000000,814641172,105,43.2685,8.197,21471,2017-10-27,en,"['Family', 'Animation', 'Music', 'Adventure']",1
1291595,Insidious: Out of the Further,18000000,168119298,106,44.0197,6.5,171,2026-08-19,en,"['Horror', 'Thriller']",5
315635,Spider-Man: Homecoming,175000000,880978185,133,42.8323,7.3,23988,2017-07-05,en,"['Action', 'Adventure', 'Science Fiction']",4
1058424,Hope,46000000,41212538,157,42.9137,7.2,107,2026-07-15,ko,"['Science Fiction', 'Mystery', 'Action']",3
674,Harry Potter and the Goblet of Fire,150000000,895921036,157,41.8601,7.803,22704,2005-11-16,en,"['Adventure', 'Fantasy']",3
280,Terminator 2: Judgment Day,102000000,517814175,137,41.7576,8.171,14941,1991-07-03,en,"['Action', 'Thriller', 'Science Fiction']",4
950028,The Invite,12000000,55505476,107,42.5509,7.2,705,2026-04-30,en,"['Comedy', 'Drama', 'Romance']",3
454639,Masters of the Universe,200000000,113763426,141,41.7207,7.1,2193,2026-06-03,en,"['Action', 'Fantasy', 'Science Fiction']",3
76341,Mad Max: Fury Road,150000000,378858340,121,41.4353,7.639,24702,2015-05-13,en,"['Action', 'Adventure', 'Science Fiction']",4
324857,Spider-Man: Into the Spider-Verse,90000000,394884133,117,41.4585,8.401,17950,2018-12-06,en,"['Animation', 'Action', 'Adventure', 'Science Fiction']",6
1495,Kingdom of Heaven,130000000,218366336,144,41.6016,7.092,5266,2005-05-03,en,"['Drama', 'Action', 'Adventure', 'History', 'War']",7
9479,The Nightmare Before Christmas,18000000,75634409,76,41.1456,7.8,10656,1993-10-09,en,"['Fantasy', 'Animation', 'Family']",2
414906,The Batman,185000000,772775278,177,40.8859,7.671,12596,2022-03-01,en,"['Crime', 'Mystery', 'Thriller']",4
99861,Avengers: Age of Ultron,235000000,1405403694,141,41.139,7.278,25101,2015-04-22,en,"['Action', 'Adventure', 'Science Fiction']",1
1010581,My Fault,0,0,116,40.5918,7.726,4204,2023-06-08,es,"['Drama', 'Romance', 'Thriller']",2
1011477,Karate Kid: Legends,45000000,117105466,94,40.541,6.975,1311,2025-05-08,en,"['Action', 'Adventure', 'Drama']",3
1327819,Hoppers,150000000,389685783,104,40.8018,8.143,2392,2026-03-04,en,"['Adventure', 'Animation', 'Comedy', 'Family', 'Science Fiction']",1
131631,The Hunger Games: Mockingjay - Part 1,125000000,755356711,123,40.2851,6.8,17056,2014-11-19,en,"['Science Fiction', 'Adventure', 'Thriller']",2
1168190,The Wrecking Crew,78500000,89000000,125,40.271,7.1,1297,2026-01-28,en,"['Action', 'Comedy', 'Crime', 'Mystery']",6
210577,Gone Girl,61000000,370890259,149,40.2408,7.89,20482,2014-10-01,en,"['Mystery', 'Thriller', 'Drama']",3
911430,F1,300000000,634142436,156,40.3327,7.827,4759,2025-06-25,en,"['Action', 'Drama']",5
933260,The Substance,17500000,77316812,141,40.1931,7.136,6535,2024-09-07,en,"['Horror', 'Science Fiction']",3
1234821,Jurassic World Rebirth,180000000,869146189,134,40.2465,6.255,3807,2025-06-23,en,"['Science Fiction', 'Adventure', 'Action']",2
12153,White Chicks,37000000,113100000,109,40.2439,6.967,4769,2004-06-23,en,"['Comedy', 'Crime']",3
1242898,Predator: Badlands,105000000,184500000,107,40.045,7.841,3737,2025-11-05,en,"['Action', 'Science Fiction', 'Adventure']",5
1137844,Mayday,0,0,111,39.9156,7.964,884,2026-09-03,en,"['Action', 'Comedy']",3
1265,Bridge to Terabithia,60000000,137587063,95,39.6974,7.355,5496,2007-02-15,en,"['Adventure', 'Drama', 'Family']",3
912649,Venom: The Last Dance,120000000,478937618,109,39.5759,6.667,4568,2024-10-22,en,"['Science Fiction', 'Action', 'Adventure']",5
597,Titanic,200000000,2264162353,194,39.7228,7.901,27830,1997-12-18,en,"['Drama', 'Romance']",3
1241982,Moana 2,150000000,1059242164,100,39.2239,6.993,3307,2024-11-21,en,"['Adventure', 'Animation', 'Comedy', 'Family', 'Fantasy']",2
549509,The Brutalist,9600000,50145227,215,39.2617,6.92,1840,2024-12-20,en,['Drama'],9
1022789,Inside Out 2,200000000,1698863816,97,39.0002,7.54,7022,2024-06-11,en,"['Animation', 'Adventure', 'Comedy', 'Family']",1
1007757,Swapped,7,7,102,38.9161,8.866,2220,2026-05-01,en,"['Adventure', 'Animation', 'Family', 'Fantasy']",2
10681,WALL·E,180000000,521311860,98,38.7796,8.125,20944,2008-06-26,en,"['Animation', 'Family', 'Science Fiction']",1
138843,The Conjuring,13000000,321293998,112,38.9371,7.542,13132,2013-07-18,en,"['Horror', 'Thriller']",3
8587,The Lion King,45000000,763455561,89,38.5947,8.251,20208,1994-06-15,en,"['Animation', 'Family', 'Drama']",2
76600,Avatar: The Way of Water,460000000,2334484620,192,38.5128,7.6,14706,2022-12-14,en,"['Action', 'Adventure', 'Science Fiction']",3
557,Spider-Man,139000000,821708551,121,38.5296,7.357,21508,2002-05-01,en,"['Action', 'Science Fiction']",3
893723,PAW Patrol: The Mighty Movie,30000000,202231360,88,37.9217,6.9,595,2023-09-21,en,"['Adventure', 'Animation', 'Comedy', 'Family', 'Science Fiction']",3
129,Spirited Away,19000000,274925095,125,38.1131,8.535,18976,2001-07-20,ja,"['Animation', 'Family', 'Fantasy']",7
1061474,Superman,225000000,618723803,130,37.8244,7.324,5540,2025-07-09,en,"['Science Fiction', 'Adventure', 'Action']",4
1290821,Shelter,50000000,53933639,107,37.7755,7.752,1931,2026-01-28,en,"['Action', 'Crime', 'Thriller']",4
122917,The Hobbit: The Battle of the Five Armies,250000000,956019788,144,38.0156,7.3,15809,2014-12-10,en,"['Action', 'Adventure', 'Fantasy']",3
121,The Lord of the Rings: The Two Towers,79000000,926287400,179,37.5845,8.4,24670,2002-12-18,en,"['Adventure', 'Fantasy', 'Action']",3
3933,Corpse Bride,40000000,118133252,77,37.6687,7.591,10454,2005-09-12,en,"['Romance', 'Fantasy', 'Animation']",4
615777,Babylon,78000000,65267446,189,37.4622,7.3,3958,2022-12-22,en,"['Drama', 'Comedy']",5
1233413,Sinners,100000000,371368759,138,37.4428,7.513,5254,2025-04-16,en,"['Horror', 'Action', 'Thriller']",3
218,The Terminator,6400000,78371200,108,37.3312,7.696,15213,1984-10-26,en,"['Action', 'Thriller', 'Science Fiction']",2
939243,Sonic the Hedgehog 3,122000000,492162604,110,37.2206,7.598,3482,2024-12-19,en,"['Action', 'Science Fiction', 'Comedy', 'Family']",6
1439930,The Punisher: One Last Kill,0,0,51,36.9566,8.259,2290,2026-05-12,en,"['Action', 'Drama', 'Crime']",2
1314481,The Devil Wears Prada 2,100000000,691379651,119,37.1423,7.042,2393,2026-04-29,en,"['Comedy', 'Drama']",2
447365,Guardians of the Galaxy Vol. 3,250000000,845550000,150,36.8512,7.933,8891,2023-05-03,en,"['Science Fiction', 'Adventure', 'Action']",2
496243,Parasite,11363000,257591776,133,37.313,8.49,21412,2019-05-30,ko,"['Comedy', 'Thriller', 'Drama']",1
244786,Whiplash,3300000,50307484,107,36.7758,8.377,17166,2014-10-10,en,"['Drama', 'Music', 'Thriller']",3
161,Ocean's Eleven,85000000,450717150,116,36.2993,7.465,12949,2001-12-07,en,"['Thriller', 'Crime']",5
1726,Iron Man,140000000,585174222,126,36.6009,7.7,28900,2008-04-30,en,"['Action', 'Science Fiction', 'Adventure']",3
385687,Fast X,340000000,704709660,142,36.2807,6.976,6528,2023-05-17,en,"['Action', 'Crime', 'Thriller']",4
497,The Green Mile,60000000,286801374,189,36.2535,8.505,19892,1999-12-10,en,"['Fantasy', 'Drama', 'Crime']",2
575265,Mission: Impossible - The Final Reckoning,400000000,598767057,170,36.1158,7.172,3200,2025-05-17,en,"['Action', 'Thriller', 'Adventure']",3
803796,KPop Demon Hunters,100000000,24619953,96,36.0784,7.993,3248,2025-06-20,en,"['Fantasy', 'Music', 'Comedy', 'Animation']",1
1265609,War Machine,73000000,0,110,36.1962,7.504,2549,2026-02-12,en,"['Action', 'Science Fiction', 'Thriller']",4
126889,Alien: Covenant,97000000,240891763,122,35.946,6.19,9711,2017-05-09,en,"['Horror', 'Science Fiction']",3
39254,Real Steel,110000000,299300000,127,36.0763,7.151,9599,2011-09-28,en,"['Action', 'Science Fiction', 'Drama']",4
986056,Thunderbolts*,180000000,382436917,127,35.9342,7.297,4121,2025-04-30,en,"['Action', 'Science Fiction', 'Adventure']",2
73723,The Lorax,70000000,349305397,86,35.9097,6.54,3999,2012-03-01,en,"['Animation', 'Family']",2
101,Léon: The Professional,16000000,20330788,111,35.8303,8.289,16589,1994-09-14,fr,"['Crime', 'Drama', 'Action']",2
862,Toy Story,30000000,401157969,81,35.6638,7.989,20600,1995-11-22,en,"['Family', 'Comedy', 'Animation', 'Adventure']",1
12445,Harry Potter and the Deathly Hallows: Part 2,125000000,1341511219,130,35.4175,8.1,22508,2011-07-12,en,"['Adventure', 'Fantasy']",2
860508,The Whisper Man,50000000,0,111,35.2497,6.876,841,2026-08-27,en,"['Crime', 'Drama', 'Thriller']",1
12,Finding Nemo,94000000,940335536,100,34.9968,7.821,21038,2003-05-30,en,"['Animation', 'Family', 'Adventure']",1
1297842,GOAT,90000000,193566330,100,35.3503,8.051,1107,2026-02-11,en,"['Animation', 'Comedy', 'Family']",6
617126,The Fantastic 4: First Steps,200000000,521858728,115,34.8086,6.941,3946,2025-07-23,en,"['Science Fiction', 'Adventure', 'Action']",2
350,The Devil Wears Prada,35000000,326588371,109,35.1976,7.434,14285,2006-06-29,en,"['Drama', 'Comedy']",4
976912,Graphic Desires,0,0,90,34.8818,6.88,158,2023-08-31,en,"['Thriller', 'Crime']",4
10588,The Cat in the Hat,109000000,133800000,82,35.2361,5.381,1904,2003-11-21,en,"['Fantasy', 'Adventure', 'Family', 'Comedy']",4
675,Harry Potter and the Order of the Phoenix,150000000,938212738,138,35.0318,7.7,21280,2007-07-08,en,"['Adventure', 'Fantasy']",2
49026,The Dark Knight Rises,250000000,1081041287,165,34.4364,7.798,25044,2012-07-17,en,"['Action', 'Crime', 'Drama', 'Thriller']",4
453395,Doctor Strange in the Multiverse of Madness,295400000,955775804,126,34.4073,7.224,10917,2022-05-04,en,"['Fantasy', 'Action', 'Adventure']",2
808,Shrek,60000000,489676241,90,33.9901,7.78,19380,2001-05-18,en,"['Animation', 'Comedy', 'Fantasy', 'Adventure', 'Family']",3
1122573,In the Grey,70000000,27117528,97,33.8551,7.563,1067,2026-05-13,en,"['Action', 'Thriller']",4
1110034,Kraken,1000000,14329678,94,33.9244,6.243,341,2026-02-06,no,"['Horror', 'Action', 'Thriller']",2
98,Gladiator,103000000,465516248,155,34.1161,8.231,21588,2000-05-04,en,"['Action', 'Drama', 'Adventure']",5
9426,The Fly,15000000,60629159,96,33.757,7.447,5171,1986-08-15,en,"['Horror', 'Science Fiction']",2
13,Forrest Gump,55000000,677387716,142,34.1082,8.461,30571,1994-06-23,en,"['Comedy', 'Drama', 'Romance']",3
539972,Kraven the Hunter,130000000,62076533,127,33.6473,6.412,2528,2024-12-11,en,"['Action', 'Adventure', 'Thriller']",4
767,Harry Potter and the Half-Blood Prince,250000000,933959197,153,33.7179,7.7,21244,2009-07-15,en,"['Adventure', 'Fantasy']",2
950387,A Minecraft Movie,150000000,960387780,101,33.5169,6.214,3330,2025-03-31,en,"['Family', 'Fantasy', 'Comedy', 'Adventure']",6
19995,Avatar,237000000,2923706026,162,33.5111,7.61,34763,2009-12-16,en,"['Science Fiction', 'Action', 'Adventure']",4
105,Back to the Future,19000000,391546852,116,33.3155,8.33,22496,1985-07-03,en,"['Adventure', 'Comedy', 'Science Fiction']",2
585,"Monsters, Inc.",130000000,650000000,92,33.073,7.858,20322,2001-11-01,en,"['Animation', 'Comedy', 'Family', 'Fantasy']",1
798645,The Running Man,110000000,69000000,133,33.2823,6.725,2020,2025-11-11,en,"['Action', 'Thriller', 'Science Fiction']",4
552524,Lilo & Stitch,100000000,1038027526,108,33.0356,7.2,2306,2025-05-17,en,"['Family', 'Science Fiction', 'Comedy']",2
603692,John Wick: Chapter 4,100000000,447316405,170,33.2143,7.712,8361,2023-03-21,en,"['Action', 'Thriller', 'Crime']",4
931285,Mortal Kombat II,80000000,129570110,116,33.2091,7.791,2648,2026-05-06,en,"['Action', 'Fantasy', 'Adventure']",5
284053,Thor: Ragnarok,180000000,855301806,131,33.0226,7.58,22559,2017-10-02,en,"['Action', 'Adventure', 'Comedy', 'Science Fiction']",1
1078605,Weapons,38000000,269972492,129,32.9587,7.263,4036,2025-08-04,en,"['Horror', 'Mystery']",5
1159559,Scream 7,45000000,213835967,114,32.9322,6.2,1322,2026-02-25,en,"['Horror', 'Mystery', 'Crime']",3
68718,Django Unchained,100000000,425368238,165,32.7812,8.193,28691,2012-12-25,en,"['Drama', 'Western']",2
240,The Godfather Part II,13000000,102600000,202,32.7524,8.573,14405,1974-12-20,en,"['Drama', 'Crime']",3
49013,Cars 2,200000000,559852396,106,32.6717,6.192,8731,2011-06-11,en,"['Animation', 'Family', 'Adventure', 'Comedy']",2
12444,Harry Potter and the Deathly Hallows: Part 1,250000000,954305868,146,32.5617,7.733,20849,2010-11-17,en,"['Adventure', 'Fantasy']",2
1304313,Lee Cronin's The Mummy,22000000,90552113,133,32.6282,7.839,2750,2026-04-15,en,"['Horror', 'Mystery']",6
216015,Fifty Shades of Grey,40000000,569651467,125,32.4765,5.859,12564,2015-02-11,en,"['Drama', 'Romance', 'Thriller']",4
284054,Black Panther,200000000,1349926083,135,32.5364,7.361,24032,2018-02-13,en,"['Action', 'Adventure', 'Science Fiction']",1
545611,Everything Everywhere All at Once,25000000,139200000,140,32.4671,7.715,8474,2022-03-24,en,"['Action', 'Adventure', 'Science Fiction']",5
11,Star Wars,11000000,775398007,121,32.5586,8.207,22951,1977-05-25,en,"['Adventure', 'Action', 'Science Fiction']",1
58,Pirates of the Caribbean: Dead Man's Chest,200000000,1066179747,151,32.2158,7.391,17650,2006-07-06,en,"['Adventure', 'Fantasy', 'Action']",3
11324,Shutter Island,80000000,294804195,138,32.1929,8.197,26509,2010-02-14,en,"['Drama', 'Thriller', 'Mystery']",4
637649,Wrath of Man,40000000,103966489,119,32.028,7.573,6337,2021-04-22,en,"['Thriller', 'Crime', 'Drama']",2
390062,Jungle,0,1906640,115,31.9962,6.732,2300,2017-06-27,en,"['Adventure', 'Thriller']",4
840464,Greenland 2: Migration,90000000,44856736,98,32.1078,6.362,1576,2026-01-07,en,"['Adventure', 'Thriller', 'Science Fiction']",6
1301421,The Sheep Detectives,75000000,131550648,109,31.8827,7.9,1746,2026-04-30,en,"['Comedy', 'Family', 'Mystery']",3
11770,Shaolin Soccer,10000005,42776760,113,32.0619,7.2,2668,2001-07-05,cn,"['Action', 'Comedy']",2
436969,The Suicide Squad,185000000,168717425,132,31.8805,7.443,9954,2021-07-28,en,"['Action', 'Comedy', 'Adventure']",4
1087192,How to Train Your Dragon,150000000,636596299,125,31.6903,7.93,3155,2025-06-06,en,"['Fantasy', 'Family', 'Action', 'Adventure']",2
285,Pirates of the Caribbean: At World's End,300000000,961691209,169,31.8663,7.278,15886,2007-05-19,en,"['Adventure', 'Fantasy', 'Action']",3
324786,Hacksaw Ridge,40000000,175302354,139,31.6795,8.193,15357,2016-10-07,en,"['Drama', 'History', 'War']",11
466272,Once Upon a Time... in Hollywood,95000000,393869691,162,31.6105,7.417,15334,2019-07-24,en,"['Comedy', 'Drama', 'Thriller']",3
165,Back to the Future Part II,40000000,332861197,108,31.5659,7.784,14348,1989-11-22,en,"['Adventure', 'Comedy', 'Science Fiction']",2
1325734,The Drama,28000000,132588401,105,31.5655,6.893,1892,2026-04-01,en,"['Romance', 'Comedy', 'Drama']",3
286217,The Martian,108000000,631058917,141,31.4477,7.708,21889,2015-09-30,en,"['Science Fiction', 'Drama', 'Adventure']",4
10193,Toy Story 3,200000000,1067316101,103,31.5259,7.817,16292,2010-06-16,en,"['Animation', 'Family', 'Comedy']",1
389,12 Angry Men,397751,4360000,97,31.4453,8.574,10427,1957-04-10,en,['Drama'],1
346698,Barbie,145000000,1447138421,114,31.3922,6.907,11635,2023-07-19,en,"['Comedy', 'Adventure', 'Fantasy']",5
1171145,Crime 101,90000000,72900246,141,31.4283,7.0,1394,2026-02-11,en,"['Crime', 'Thriller']",5
1481343,The Devil's Mouth,0,0,106,31.3323,6.5,807,2026-07-29,en,"['Horror', 'Thriller']",3
315162,Puss in Boots: The Last Wish,90000000,484700000,103,31.2192,8.219,9264,2022-12-07,en,"['Animation', 'Adventure', 'Fantasy', 'Comedy', 'Family']",1
11036,The Notebook,29000000,115600000,123,31.2081,7.889,12912,2004-06-25,en,"['Romance', 'Drama']",3
156022,The Equalizer,55000000,192330738,132,31.2075,7.295,10241,2014-09-24,en,"['Thriller', 'Action', 'Crime']",6
330457,Frozen II,150000000,1453683476,103,31.1818,7.222,10493,2019-11-20,en,"['Family', 'Animation', 'Adventure', 'Comedy', 'Fantasy']",1
271110,Captain America: Civil War,250000000,1155046416,147,31.2037,7.455,24642,2016-04-27,en,"['Adventure', 'Action', 'Science Fiction']",1
1930,The Amazing Spider-Man,215000000,758725893,136,31.0294,6.763,19169,2012-06-23,en,"['Action', 'Adventure', 'Science Fiction']",5
9489,You've Got Mail,65000000,250800000,119,30.9744,6.7,3767,1998-12-18,en,"['Comedy', 'Romance']",2
9806,The Incredibles,92000000,631442092,115,30.9058,7.729,19356,2004-10-27,en,"['Action', 'Adventure', 'Animation', 'Family']",1
807,Se7en,33000000,327311859,127,31.1111,8.382,23892,1995-09-22,en,"['Crime', 'Mystery', 'Thriller']",3
383498,Deadpool 2,110000000,785896632,120,30.8705,7.488,19719,2018-05-15,en,"['Action', 'Comedy', 'Adventure']",4
38757,Tangled,260000000,592461732,100,30.8637,7.617,12732,2010-11-24,en,"['Animation', 'Family', 'Adventure']",2
1380291,Tom Clancy's Jack Ryan: Ghost War,0,0,107,30.8514,6.911,797,2026-05-20,en,"['Action', 'Thriller']",3
272,Batman Begins,150000000,374218673,140,30.6901,7.73,23270,2005-06-10,en,"['Drama', 'Crime', 'Action']",5
6435,Practical Magic,75000000,94400000,104,30.6246,6.813,2004,1998-10-16,en,"['Romance', 'Fantasy', 'Comedy']",4
198663,The Maze Runner,34000000,348319861,113,30.4343,7.19,18515,2014-09-10,en,"['Action', 'Mystery', 'Science Fiction', 'Thriller']",6
948,Halloween,325000,70260597,91,30.4651,7.558,6396,1978-10-24,en,"['Horror', 'Thriller']",3
10192,Shrek Forever After,165000000,752600867,93,30.2099,6.415,8151,2010-05-16,en,"['Comedy', 'Adventure', 'Fantasy', 'Animation', 'Family']",1
810,Shrek the Third,160000000,808310187,93,30.5788,6.315,10027,2007-05-17,en,"['Fantasy', 'Adventure', 'Animation', 'Comedy', 'Family']",2
49051,The Hobbit: An Unexpected Journey,250000000,1021103568,169,30.4707,7.383,20127,2012-12-12,en,"['Adventure', 'Fantasy', 'Action']",3
1433367,One Night Only,25000000,25112730,103,30.2239,6.4,176,2026-08-06,en,"['Romance', 'Comedy']",2
985939,Fall,3000000,17363261,107,29.9685,7.144,4913,2022-08-11,en,['Thriller'],3
429617,Spider-Man: Far From Home,160000000,1132723226,129,30.1909,7.4,17683,2019-06-28,en,"['Action', 'Adventure', 'Science Fiction']",3
177572,Big Hero 6,165000000,657870525,102,29.9268,7.725,16952,2014-10-24,en,"['Adventure', 'Family', 'Animation', 'Action', 'Comedy']",1
424,Schindler's List,22000000,321365567,195,29.9502,8.568,17984,1993-12-15,en,"['Drama', 'History', 'War']",1
38365,Grown Ups,80000000,271457606,102,29.9214,6.437,6914,2010-06-24,en,['Comedy'],3
76338,Thor: The Dark World,170000000,644783140,112,29.8053,6.508,18783,2013-10-30,en,"['Action', 'Adventure', 'Fantasy']",1
109445,Frozen,150000000,1274219009,102,29.68,7.25,17925,2013-11-20,en,"['Animation', 'Family', 'Adventure', 'Fantasy']",1
866398,The Beekeeper,35000000,162619535,106,29.6197,7.281,4572,2024-01-08,en,"['Action', 'Crime', 'Thriller']",3
502356,The Super Mario Bros. Movie,100000000,1360879735,93,29.7157,7.6,11179,2023-04-05,en,"['Family', 'Comedy', 'Adventure', 'Fantasy', 'Animation']",3
653346,Kingdom of the Planet of the Apes,160000000,397378150,145,29.5416,7.048,4484,2024-05-08,en,"['Science Fiction', 'Adventure', 'Action']",4
489,Good Will Hunting,10000000,225933435,127,29.2709,8.165,14371,1997-12-05,en,['Drama'],3
16869,Inglourious Basterds,70000000,321457747,153,29.2093,8.217,24863,2009-08-02,en,"['Drama', 'Thriller', 'War']",5
106646,The Wolf of Wall Street,100000000,407039432,180,29.1596,8.027,26630,2013-12-25,en,"['Crime', 'Drama', 'Comedy']",4
980477,Ne Zha 2,80000000,2270700370,144,27.8401,8.193,840,2025-01-29,zh,"['Animation', 'Action', 'Fantasy', 'Adventure']",5
694,The Shining,19000000,50312025,144,29.0452,8.2,19458,1980-05-23,en,"['Horror', 'Thriller']",4
72190,World War Z,200000000,531865000,116,29.0467,6.853,17107,2013-06-19,en,"['Action', 'Horror', 'Science Fiction']",6
845781,Red One,250000000,185700759,124,28.9743,6.953,3181,2024-10-31,en,"['Action', 'Adventure', 'Comedy', 'Fantasy']",4
8966,Twilight,37000000,393616788,122,29.0154,6.273,14709,2008-11-20,en,"['Fantasy', 'Drama', 'Romance']",6
411,"The Chronicles of Narnia: The Lion, the Witch and the Wardrobe",180000000,745013115,143,28.8843,7.144,11804,2005-12-07,en,"['Adventure', 'Family', 'Fantasy']",3
228150,Fury,68000000,211817906,135,29.07,7.544,13276,2014-10-15,en,"['War', 'Drama', 'Action']",5
466420,Killers of the Flower Moon,200000000,158722599,206,28.7276,7.392,4377,2023-10-18,en,"['Crime', 'History', 'Drama']",4
37165,The Truman Show,60000000,264118712,103,28.6175,8.16,20943,1998-06-04,en,"['Comedy', 'Drama']",2
950396,The Gorge,70000000,0,128,28.5142,7.701,4255,2025-02-13,en,"['Romance', 'Science Fiction', 'Thriller']",3
214756,Ted 2,68000000,215863606,115,27.7023,6.327,8193,2015-06-25,en,"['Comedy', 'Fantasy']",5
559,Spider-Man 3,258000000,894983373,139,28.4252,6.484,15831,2007-05-01,en,"['Action', 'Adventure', 'Science Fiction']",3
1329016,Tony,15000000,18131048,106,28.4408,7.56,116,2026-08-07,en,"['Drama', 'Comedy']",3
760104,X,1000000,14745049,106,28.3716,6.702,4160,2022-03-17,en,['Horror'],2
269149,Zootopia,150000000,1025521689,109,28.2593,7.765,18566,2016-02-11,en,"['Animation', 'Adventure', 'Family', 'Comedy']",1
447332,A Quiet Place,17000000,340955294,91,28.2455,7.395,15776,2018-04-03,en,"['Horror', 'Drama', 'Science Fiction']",3
1124620,The Monkey,10000000,68871071,97,28.2255,5.982,1475,2025-02-10,en,"['Horror', 'Comedy']",7
497698,Black Widow,200000000,379751131,134,28.2142,7.146,11664,2021-07-07,en,"['Action', 'Adventure', 'Science Fiction']",1
10625,Mean Girls,17000000,130195052,97,28.1014,7.2,9702,2004-04-30,en,"['Drama', 'Comedy']",3
105864,The Good Dinosaur,175000000,332207671,93,28.0188,6.755,6175,2015-11-14,en,"['Adventure', 'Animation', 'Family']",1
68721,Iron Man 3,200000000,1215577205,130,27.9925,6.9,23938,2013-04-18,en,"['Action', 'Adventure', 'Science Fiction']",1
170,28 Days Later,8000000,82784517,113,27.9518,7.244,8921,2002-10-31,en,"['Horror', 'Thriller', 'Science Fiction']",1
769,GoodFellas,25000000,47072327,145,27.8684,8.45,14822,1990-09-12,en,"['Drama', 'Crime']",2
284052,Doctor Strange,180000000,676343174,115,27.9238,7.425,23986,2016-10-25,en,"['Fantasy', 'Adventure', 'Action']",1
505642,Black Panther: Wakanda Forever,250000000,859102154,162,27.6666,6.988,7825,2022-11-09,en,"['Action', 'Adventure', 'Science Fiction']",1
507086,Jurassic World Dominion,658800000,1004004592,147,27.8443,6.589,7312,2022-06-01,en,"['Adventure', 'Science Fiction', 'Thriller']",2
313369,La La Land,30000000,509183536,129,27.6629,7.895,18548,2016-12-01,en,"['Comedy', 'Drama', 'Romance']",4
629542,The Bad Guys,80000000,250162278,100,27.6379,7.512,2692,2022-03-17,en,"['Action', 'Adventure', 'Animation', 'Comedy', 'Crime', 'Family']",1
87101,Terminator Genisys,155000000,440603537,126,27.6349,5.961,9205,2015-06-23,en,"['Science Fiction', 'Action', 'Thriller']",2
974262,Descendants: The Rise of Red,0,0,92,27.6335,6.7,530,2024-07-11,en,"['Fantasy', 'Adventure', 'Family', 'Comedy']",4
14160,Up,175000000,735103954,96,27.5952,7.96,22196,2009-05-28,en,"['Animation', 'Comedy', 'Family', 'Adventure']",1
293660,Deadpool,58000000,782837347,108,27.5762,7.626,33372,2016-02-09,en,"['Action', 'Adventure', 'Comedy']",4
207,Dead Poets Society,16400000,235860116,129,27.4656,8.296,13009,1989-06-02,en,['Drama'],4
111,Scarface,25000000,66023329,170,27.5188,8.154,13503,1983-12-09,en,"['Action', 'Crime', 'Drama']",2
101299,The Hunger Games: Catching Fire,130000000,865011746,146,27.4448,7.424,18839,2013-11-15,en,"['Adventure', 'Action', 'Science Fiction']",2
2062,Ratatouille,150000000,623726000,111,27.3885,7.848,19000,2007-06-28,en,"['Animation', 'Comedy', 'Family', 'Fantasy']",1
93456,Despicable Me 2,76000000,970766005,98,27.3741,6.949,12260,2013-06-26,en,"['Animation', 'Comedy', 'Family', 'Science Fiction']",2
18785,The Hangover,35000000,469310836,100,27.2909,7.338,18579,2009-06-02,en,['Comedy'],3
11544,Lilo & Stitch,80000000,273144151,85,27.2742,7.6,7268,2002-06-21,en,"['Animation', 'Family', 'Comedy', 'Science Fiction']",1
4348,Pride & Prejudice,28000000,124604345,128,27.2304,8.052,8983,2005-09-16,en,"['Drama', 'Romance']",4
12155,Alice in Wonderland,200000000,1025467110,108,27.1978,6.643,15086,2010-03-03,en,"['Family', 'Fantasy', 'Adventure']",4
18,The Fifth Element,90000000,263920180,126,27.1961,7.592,12203,1997-05-02,fr,"['Science Fiction', 'Action', 'Adventure']",1
522627,The Gentlemen,22000000,115171795,113,27.0191,7.659,6934,2020-01-01,en,"['Action', 'Comedy', 'Crime']",3
857,Saving Private Ryan,70000000,481840909,169,27.0961,8.232,17849,1998-07-24,en,"['War', 'Drama', 'History']",4
331482,Little Women,40000000,332103783,135,27.0012,7.84,7025,2019-12-25,en,"['Drama', 'Romance']",3
22,Pirates of the Caribbean: The Curse of the Black Pearl,140000000,655011224,143,27.1023,7.835,22846,2003-07-09,en,"['Adventure', 'Fantasy', 'Action']",2
301528,Toy Story 4,175000000,1073841394,100,26.9773,7.464,11034,2019-06-19,en,"['Family', 'Comedy', 'Animation', 'Adventure']",1
429,"The Good, the Bad and the Ugly",1200000,38900000,161,26.9637,8.469,9993,1966-12-23,it,['Western'],4
24,Kill Bill: Vol. 1,30000000,180906076,111,26.9492,7.97,19484,2003-10-10,en,"['Action', 'Crime']",3
1724,The Incredible Hulk,150000000,264770996,114,26.8317,6.263,13188,2008-06-12,en,"['Science Fiction', 'Action', 'Adventure']",3
1244492,Look Back,0,25198872,58,26.8187,8.183,682,2024-06-28,ja,"['Animation', 'Drama']",3
508947,Turning Red,175000000,21813358,100,26.7273,7.327,6062,2022-03-10,en,"['Animation', 'Family', 'Comedy', 'Fantasy']",1
10020,Beauty and the Beast,25000000,424967620,84,26.6477,7.723,10919,1991-10-22,en,"['Romance', 'Family', 'Animation', 'Fantasy']",2
282035,The Mummy,125000000,409231607,110,26.5946,5.52,7820,2017-06-06,en,"['Fantasy', 'Thriller', 'Action', 'Adventure', 'Horror']",4
640,Catch Me If You Can,52000000,352114312,141,26.5179,7.978,17643,2002-12-16,en,"['Drama', 'Crime']",5
49521,Man of Steel,225000000,668045518,143,26.9029,6.662,16649,2013-06-12,en,"['Action', 'Adventure', 'Science Fiction']",4
372058,Your Name.,7500000,407210429,106,26.4897,8.488,13046,2016-07-01,ja,"['Animation', 'Romance', 'Drama']",7
329865,Arrival,47000000,203388186,116,26.4809,7.635,19948,2016-11-10,en,"['Drama', 'Science Fiction', 'Mystery']",3
926393,The Equalizer 3,70000000,191067560,109,26.4519,7.292,3942,2023-08-30,en,"['Action', 'Thriller', 'Crime']",4
1317288,Marty Supreme,65000000,192406422,150,26.3329,7.367,2247,2025-12-19,en,"['Drama', 'Thriller']",2
564,The Mummy,80000000,415885488,124,26.3908,6.997,10445,1999-04-16,en,"['Adventure', 'Action', 'Fantasy']",1
1100988,28 Years Later,60000000,151308832,115,26.2467,6.607,3016,2025-06-18,en,"['Horror', 'Thriller', 'Science Fiction']",4
281957,The Revenant,135000000,532950503,157,26.2017,7.541,19770,2015-12-25,en,"['Western', 'Drama', 'Adventure']",9
822119,Captain America: Brave New World,180000000,415101577,119,26.798,5.952,3448,2025-02-12,en,"['Action', 'Thriller', 'Science Fiction']",2
436270,Black Adam,200000000,393452111,125,26.1995,6.759,7293,2022-10-19,en,"['Action', 'Adventure', 'Science Fiction']",5
786892,Furiosa: A Mad Max Saga,168000000,174287546,149,26.1899,7.442,5234,2024-05-22,en,"['Action', 'Science Fiction', 'Adventure']",3
458156,John Wick: Chapter 3 - Parabellum,55000000,328349908,131,26.1747,7.439,12125,2019-05-15,en,"['Action', 'Thriller', 'Crime']",3
359410,Road House,85000000,0,121,26.0911,6.935,3263,2024-03-08,en,"['Action', 'Thriller', 'Drama']",2
283995,Guardians of the Galaxy Vol. 2,200000000,863756051,137,26.0984,7.61,23507,2017-04-25,en,"['Science Fiction', 'Adventure', 'Action']",1
1318447,Apex,0,0,96,26.0907,6.89,1966,2026-04-24,en,"['Action', 'Thriller']",4
1857,The Transformers: The Movie,6000000,10024103,85,26.0103,7.149,645,1986-08-08,en,"['Animation', 'Science Fiction', 'Action', 'Adventure', 'Family']",2
1197306,A Working Man,40000000,89400711,116,25.1605,6.679,2106,2025-03-26,en,"['Action', 'Crime', 'Thriller']",7
1175942,The Bad Guys 2,80000000,239676236,104,25.6373,7.623,914,2025-07-24,en,"['Family', 'Comedy', 'Crime', 'Adventure', 'Animation', 'Action']",1
1422,The Departed,90000000,291465000,151,25.9511,8.159,16722,2006-10-04,en,"['Drama', 'Thriller', 'Crime']",5
1306368,The Rip,100000000,0,113,24.7292,7.082,1957,2026-01-13,en,"['Action', 'Thriller', 'Crime']",1
9502,Kung Fu Panda,130000000,632091832,90,25.9139,7.339,13040,2008-06-04,en,"['Action', 'Animation', 'Comedy', 'Family']",1
519182,Despicable Me 4,100000000,972021410,94,25.7432,6.969,3387,2024-06-20,en,"['Animation', 'Comedy', 'Action', 'Science Fiction', 'Family']",2
718930,Bullet Train,90000000,239268602,126,25.7163,7.406,7982,2022-07-20,en,"['Action', 'Comedy', 'Thriller']",2
920,Cars,120000000,461983149,117,25.7162,7.057,15588,2006-06-08,en,"['Animation', 'Adventure', 'Comedy', 'Family']",2
954,Mission: Impossible,80000000,457696391,111,25.6735,7.031,10312,1996-05-22,en,"['Adventure', 'Action', 'Thriller']",2
945961,Alien: Romulus,80000000,350865342,119,25.0865,7.16,4935,2024-08-13,en,"['Horror', 'Science Fiction']",4
62,2001: A Space Odyssey,12000000,71923560,149,25.5402,8.042,12997,1968-04-02,en,"['Science Fiction', 'Mystery', 'Adventure']",2
1124,The Prestige,40000000,109676311,130,25.6659,8.211,18208,2006-10-19,en,"['Drama', 'Mystery', 'Science Fiction']",4
384018,Fast & Furious Presents: Hobbs & Shaw,200000000,760098996,137,23.9429,6.818,7950,2019-07-31,en,"['Action', 'Adventure', 'Comedy']",3
27578,The Expendables,80000000,274470394,103,25.4975,6.251,8490,2010-08-07,en,"['Thriller', 'Adventure', 'Action']",5
57800,Ice Age: Continental Drift,95000000,877244782,88,25.4708,6.4,8298,2012-06-27,en,"['Animation', 'Comedy', 'Adventure', 'Family']",2
77338,The Intouchables,13000000,426590315,113,25.4171,8.272,18883,2011-11-02,fr,"['Drama', 'Comedy']",5
381284,Hidden Figures,25000000,235957472,127,25.3783,8.049,10705,2016-12-10,en,"['Drama', 'History']",3
78,Blade Runner,28000000,41722424,118,25.3908,7.936,15465,1982-06-25,en,"['Science Fiction', 'Drama', 'Thriller']",3
762509,Mufasa: The Lion King,200000000,722631756,118,25.351,7.282,2789,2024-12-18,en,"['Adventure', 'Family', 'Animation']",1
546554,Knives Out,40000000,312897920,131,25.3216,7.844,14568,2019-11-27,en,"['Comedy', 'Crime', 'Mystery']",2
9820,The Parent Trap,15000000,92108518,128,25.3204,7.22,4667,1998-07-28,en,"['Comedy', 'Family', 'Romance']",2
420818,The Lion King,260000000,1662020819,118,25.2849,7.09,10927,2019-07-12,en,"['Adventure', 'Drama', 'Family', 'Animation']",2
615656,Meg 2: The Trench,129000000,398500317,116,25.2368,6.351,4133,2023-08-02,en,"['Action', 'Science Fiction', 'Horror']",6
823464,Godzilla x Kong: The New Empire,150000000,571750016,115,25.1906,7.0,4886,2024-03-27,en,"['Action', 'Adventure', 'Science Fiction']",1
345887,The Equalizer 2,62000000,190400157,121,25.1748,6.794,6187,2018-07-19,en,"['Action', 'Thriller', 'Crime']",6
10195,Thor,150000000,449326618,115,25.1231,6.772,22862,2011-04-21,en,"['Adventure', 'Fantasy', 'Action']",2
1072790,Anyone but You,25000000,214891370,103,25.1112,6.746,3239,2023-12-21,en,"['Romance', 'Comedy']",4
10144,The Little Mermaid,40000000,211343479,83,25.0656,7.4,8589,1989-11-17,en,"['Animation', 'Family', 'Fantasy']",2
1153714,Death of a Unicorn,15000000,16423085,107,25.0596,6.39,939,2025-03-17,en,"['Horror', 'Fantasy', 'Comedy']",5
7518,Over the Hedge,80000000,343397247,83,25.0294,6.61,4997,2006-05-17,en,"['Adventure', 'Animation', 'Comedy', 'Family']",1
85,Raiders of the Lost Ark,18000000,389925971,115,25.0052,7.927,14048,1981-06-12,en,"['Adventure', 'Action']",2
1284041,The Last House,0,0,110,24.9512,6.841,1434,2026-08-06,en,"['Horror', 'Science Fiction', 'Thriller']",2
652,Troy,175000000,497409852,163,24.9077,7.192,11574,2004-05-13,en,"['Action', 'Adventure']",4
1008042,Talk to Me,4500000,91959188,95,24.8781,7.143,4010,2023-07-26,en,['Horror'],6
345,Eyes Wide Shut,65000000,162517900,159,24.8743,7.485,7350,1999-07-16,en,"['Drama', 'Thriller', 'Mystery']",4
1865,Pirates of the Caribbean: On Stranger Tides,379000000,1046721266,136,24.8409,6.574,15288,2011-05-15,en,"['Adventure', 'Action', 'Fantasy']",3
209112,Batman v Superman: Dawn of Justice,250000000,874362803,152,24.7878,6.013,19413,2016-03-23,en,"['Action', 'Adventure', 'Fantasy']",5
454626,Sonic the Hedgehog,85000000,319715683,99,24.6444,7.267,10608,2020-02-12,en,"['Action', 'Science Fiction', 'Comedy', 'Family']",6
1154538,Nirvanna the Band the Show the Movie,1200000,5191174,100,24.575,7.581,142,2026-02-02,en,"['Comedy', 'Science Fiction', 'Adventure']",2
346364,It,35000000,719766009,135,24.574,7.241,20727,2017-09-06,en,"['Horror', 'Thriller', 'Drama']",4
75656,Now You See Me,75000000,351723989,116,24.525,7.325,17177,2013-05-29,en,"['Thriller', 'Crime']",2
10439,Hocus Pocus,28000000,51663767,96,24.5109,7.036,3405,1993-07-16,en,"['Fantasy', 'Comedy', 'Family']",3
574475,Final Destination Bloodlines,50000000,317854739,110,24.4567,7.034,3150,2025-05-14,en,"['Horror', 'Mystery']",5
68726,Pacific Rim,180000000,411000000,131,24.4512,6.951,13863,2013-07-11,en,"['Action', 'Science Fiction', 'Adventure']",2
447273,Snow White,271600000,205679463,109,24.2525,4.246,1753,2025-03-19,en,"['Family', 'Fantasy']",2
541671,Ballerina,90000000,137408107,125,24.1933,7.268,3014,2025-06-04,en,"['Action', 'Thriller', 'Crime']",3
940551,Migration,72000000,298776052,83,24.1301,7.355,2329,2023-12-06,en,"['Family', 'Comedy', 'Adventure', 'Animation']",2
118,Charlie and the Chocolate Factory,150000000,475000000,115,24.1239,7.037,16426,2005-07-13,en,"['Adventure', 'Comedy', 'Family', 'Fantasy']",5
26827,Who's That Girl,18500000,7305209,93,24.1113,5.5,263,1987-08-07,en,"['Comedy', 'Romance']",2
62177,Brave,185000000,538983207,93,24.0801,7.036,14476,2012-06-21,en,"['Adventure', 'Animation', 'Family', 'Fantasy']",1
575264,Mission: Impossible - Dead Reckoning Part One,220000000,571125435,164,24.0659,7.502,5408,2023-07-08,en,"['Action', 'Adventure', 'Thriller']",3
609681,The Marvels,274800000,206136825,105,24.0799,5.905,3671,2023-11-08,en,"['Science Fiction', 'Adventure', 'Action']",2
474350,It Chapter Two,79000000,473123154,169,24.048,6.826,9887,2019-09-04,en,"['Horror', 'Thriller', 'Drama']",4
102382,The Amazing Spider-Man 2,200000000,716934779,141,24.0275,6.563,14793,2014-04-16,en,"['Action', 'Adventure', 'Science Fiction']",4
1035259,The Naked Gun,42000000,102147396,85,23.991,6.345,2009,2025-07-30,en,"['Comedy', 'Crime', 'Action']",3
1564614,Leviticus,3500000,8493480,88,23.9455,6.796,549,2026-06-17,en,"['Horror', 'Romance']",6
976893,Perfect Days,14000000,24094016,124,23.9148,7.823,2087,2023-11-10,ja,['Drama'],2
6977,No Country for Old Men,25000000,171627166,122,23.9344,7.951,13834,2007-11-09,en,"['Crime', 'Thriller', 'Western']",4
278154,Ice Age: Collision Course,105000000,408579038,95,23.9082,6.121,4997,2016-06-23,en,"['Adventure', 'Animation', 'Family', 'Comedy', 'Science Fiction']",2
8355,Ice Age: Dawn of the Dinosaurs,90000000,886686817,94,23.8849,6.8,9096,2009-06-26,en,"['Animation', 'Comedy', 'Family', 'Adventure']",3
76492,Hotel Transylvania,85000000,358375603,91,23.8774,6.971,9390,2012-09-20,en,"['Animation', 'Comedy', 'Family', 'Fantasy']",2
929590,Civil War,50000000,126542249,109,23.8386,6.844,4616,2024-04-10,en,"['War', 'Action', 'Drama']",3
558449,Gladiator II,310000000,462180717,148,23.789,6.593,4778,2024-11-13,en,"['Action', 'Adventure', 'Drama']",3
567646,Extreme Job,8120000,124652206,111,23.7802,7.172,373,2019-01-23,ko,"['Action', 'Comedy', 'Crime']",3
1266127,Ready or Not: Here I Come,14000000,42940054,108,23.78,7.546,1691,2026-03-19,en,"['Horror', 'Comedy']",5
299537,Captain Marvel,152000000,1131416446,124,23.6143,6.77,17202,2019-03-06,en,"['Action', 'Adventure', 'Science Fiction']",1
425,Ice Age,59000000,383257136,81,23.5997,7.385,14672,2002-03-14,en,"['Animation', 'Comedy', 'Family', 'Adventure']",2
377,A Nightmare on Elm Street,1800000,57004513,91,23.5881,7.355,5968,1984-11-09,en,['Horror'],5
957,Spaceballs,22700000,38120460,96,23.5658,6.891,3569,1987-06-24,en,"['Comedy', 'Science Fiction']",2
1159831,The Bride!,80000000,23944025,127,23.522,6.124,673,2026-03-04,en,"['Science Fiction', 'Horror', 'Fantasy']",4
82690,Wreck-It Ralph,165000000,471222889,101,23.5087,7.362,13348,2012-11-01,en,"['Family', 'Animation', 'Comedy', 'Adventure']",1
1011985,Kung Fu Panda 4,80000000,548040835,94,23.5009,6.993,3702,2024-03-02,en,"['Animation', 'Comedy', 'Adventure', 'Action', 'Family']",1
713704,Evil Dead Rise,15000000,147256372,96,23.5004,6.963,4030,2023-04-12,en,"['Horror', 'Thriller']",4
695721,The Hunger Games: The Ballad of Songbirds & Snakes,100000000,337371917,157,23.5002,7.0,3705,2023-11-15,en,"['Science Fiction', 'Action']",4
197,Braveheart,72000000,213216216,178,23.4883,7.945,11480,1995-05-24,en,"['Drama', 'History', 'War']",2
562,Die Hard,28000000,140767956,132,23.4774,7.817,12696,1988-07-15,en,"['Action', 'Thriller']",3
131634,The Hunger Games: Mockingjay - Part 2,160000000,653428261,137,23.4715,6.897,13626,2015-11-18,en,"['Action', 'Adventure', 'Science Fiction']",3
426063,Nosferatu,50000000,181805645,133,23.4587,6.716,4009,2024-12-25,en,"['Horror', 'Fantasy']",4
290859,Terminator: Dark Fate,185000000,261119292,128,23.4569,6.421,5884,2019-10-23,en,"['Science Fiction', 'Action', 'Adventure', 'Thriller']",6
667538,Transformers: Rise of the Beasts,195000000,441381193,127,23.3672,7.16,5451,2023-06-06,en,"['Science Fiction', 'Adventure', 'Action']",7
772,Home Alone 2: Lost in New York,18000000,358994850,120,23.3529,6.793,10934,1992-11-15,en,"['Comedy', 'Family', 'Adventure']",2
103,Taxi Driver,1900000,28579636,114,23.3149,8.12,13843,1976-02-09,en,"['Crime', 'Drama']",2
290098,The Handmaiden,8575000,38600000,145,23.3088,8.178,4519,2016-06-01,ko,"['Thriller', 'Drama', 'Romance']",3
337167,Fifty Shades Freed,55000000,371985018,110,23.3081,6.668,8439,2018-01-17,en,"['Drama', 'Romance']",3
744,Top Gun,15000000,356830601,110,23.2979,7.072,9953,1986-05-16,en,"['Action', 'Drama', 'Romance']",2
855,Black Hawk Down,92000000,172989651,145,23.2928,7.401,6625,2001-12-28,en,"['Action', 'War', 'History']",3
128,Princess Mononoke,20000000,231379818,134,23.2571,8.322,9338,1997-07-12,ja,"['Adventure', 'Fantasy', 'Animation']",4
604,The Matrix Reloaded,150000000,738599701,138,23.2528,7.086,12365,2003-05-15,en,"['Adventure', 'Action', 'Thriller', 'Science Fiction']",3
1038392,The Conjuring: Last Rites,55000000,499256445,136,23.2468,6.941,2161,2025-09-03,en,['Horror'],4
398818,Call Me by Your Name,3500000,43143046,132,23.2029,8.08,12968,2017-10-01,en,"['Romance', 'Drama']",5
829557,365 Days: This Day,0,0,110,23.199,5.9,1877,2022-04-26,pl,"['Romance', 'Drama']",2
1288341,Seven Snipers,0,0,87,23.1624,5.916,148,2026-04-30,en,"['Action', 'Thriller']",8
363088,Ant-Man and the Wasp,140000000,622674139,119,23.1397,6.894,14560,2018-07-04,en,"['Action', 'Adventure', 'Science Fiction']",1
572802,Aquaman and the Lost Kingdom,205000000,440181226,124,23.1154,6.5,3690,2023-12-20,en,"['Action', 'Adventure', 'Fantasy']",5
566525,Shang-Chi and the Legend of the Ten Rings,150000000,432243292,132,23.1051,7.485,10786,2021-09-01,en,"['Action', 'Adventure', 'Fantasy']",1
1091,The Thing,15000000,19629760,109,23.085,8.075,8304,1982-06-25,en,"['Horror', 'Mystery', 'Science Fiction']",2
567609,Ready or Not,6000000,57615777,96,23.0385,7.096,5921,2019-08-21,en,"['Horror', 'Comedy']",5
10191,How to Train Your Dragon,165000000,495141736,98,23.0233,7.868,14769,2010-03-18,en,"['Fantasy', 'Adventure', 'Animation', 'Family']",1
1084187,Pretty Lethal,0,0,89,23.0026,6.806,527,2026-03-13,en,"['Action', 'Thriller', 'Horror']",4
1151031,Bring Her Back,15000000,39410222,104,22.9754,7.324,1983,2025-05-19,en,['Horror'],5
162,Edward Scissorhands,20000000,86024005,105,22.9554,7.7,14073,1990-12-07,en,"['Fantasy', 'Drama', 'Romance']",1
1698863,The Odyssey,0,0,86,22.9511,4.05,648,2026-07-03,en,"['Adventure', 'Fantasy', 'Action']",1
260513,Incredibles 2,200000000,1243225667,118,22.9504,7.452,13981,2018-06-14,en,"['Action', 'Adventure', 'Animation', 'Family']",1
447277,The Little Mermaid,297000000,569626289,135,22.9349,6.247,3424,2023-05-18,en,"['Adventure', 'Family', 'Fantasy', 'Romance']",3
696506,Mickey 17,118000000,133542263,137,22.9303,6.824,4027,2025-02-28,en,"['Science Fiction', 'Comedy', 'Adventure']",5
44214,Black Swan,13000000,329398046,108,22.9215,7.7,15930,2010-12-03,en,"['Drama', 'Thriller', 'Horror']",5
637,Life Is Beautiful,20000000,230098753,116,22.9205,8.436,14284,1997-12-20,it,"['Comedy', 'Drama']",2
640146,Ant-Man and the Wasp: Quantumania,200000000,476071180,125,22.9112,6.208,6142,2023-02-15,en,"['Action', 'Adventure', 'Science Fiction']",2
57158,The Hobbit: The Desolation of Smaug,250000000,958400000,161,22.8845,7.578,14626,2013-12-11,en,"['Fantasy', 'Adventure', 'Action']",3
505026,Death on the Nile,90000000,137307235,127,22.8767,6.405,4385,2022-02-09,en,"['Mystery', 'Crime', 'Thriller']",4
62211,Monsters University,200000000,743559465,104,22.7883,7.058,11572,2013-06-19,en,"['Animation', 'Family', 'Comedy', 'Fantasy']",1
1272837,28 Years Later: The Bone Temple,63000000,58527279,109,22.7743,7.09,1797,2026-01-14,en,"['Horror', 'Thriller', 'Science Fiction']",3
870028,The Accountant²,80000000,103223366,133,22.7066,7.08,1964,2025-04-23,en,"['Mystery', 'Crime', 'Thriller']",4
500,Reservoir Dogs,1200000,2859750,99,22.6773,8.109,15874,1992-09-02,en,"['Crime', 'Thriller']",2
102899,Ant-Man,130000000,519311965,117,22.6607,7.067,21310,2015-07-14,en,"['Science Fiction', 'Adventure', 'Action']",1
8392,My Neighbor Totoro,3700000,41000000,86,22.5901,8.1,9127,1988-04-16,ja,"['Fantasy', 'Animation', 'Family']",2
82702,How to Train Your Dragon 2,145000000,621537519,102,22.6331,7.685,10698,2014-06-05,en,"['Fantasy', 'Action', 'Adventure', 'Animation', 'Family']",1
1413976,Citizen Vigilante,0,0,89,22.5899,6.524,417,2026-06-19,en,"['Thriller', 'Action', 'Crime']",3
412117,The Secret Life of Pets 2,80000000,429434163,86,22.5775,6.949,3427,2019-05-24,en,"['Animation', 'Comedy', 'Family', 'Adventure']",2
1430077,Hokum,5000000,25023390,108,22.5194,6.835,917,2026-04-29,en,"['Horror', 'Thriller']",6
1579,Apocalypto,40000000,120654337,138,22.4213,7.668,6702,2006-12-07,en,"['Action', 'Drama', 'History']",3
1218925,Chainsaw Man - The Movie: Reze Arc,4100000,191400000,100,22.4167,8.545,1223,2025-09-19,ja,"['Animation', 'Action', 'Romance', 'Fantasy']",1
293863,The Age of Adaline,25000000,65663276,112,22.3889,7.466,7216,2015-04-16,en,"['Romance', 'Fantasy', 'Drama']",3
586353,The Master and Margarita,15000000,28013812,157,22.3882,6.801,171,2024-01-25,ru,"['Fantasy', 'Drama']",4
1233575,Black Bag,50000000,43887905,94,22.371,6.372,1396,2025-03-12,en,"['Drama', 'Mystery', 'Thriller']",1
10882,Sleeping Beauty,6000000,51600000,75,22.2755,6.946,5588,1959-02-17,en,"['Fantasy', 'Animation', 'Romance', 'Family']",1
396535,Train to Busan,8500000,87547518,118,22.3258,7.749,8799,2016-07-20,ko,"['Action', 'Horror', 'Thriller', 'Adventure']",5
1359,American Psycho,7000000,34269748,102,22.2633,7.401,12794,2000-04-13,en,"['Thriller', 'Drama', 'Crime']",4
194,Amélie,10000000,173921954,122,22.2174,7.921,12700,2001-04-25,fr,"['Comedy', 'Romance']",5
135397,Jurassic World,150000000,1671537444,124,22.1958,6.703,21954,2015-06-06,en,"['Adventure', 'Science Fiction', 'Thriller']",3
680493,Return to Silent Hill,23000000,47976996,106,22.1542,5.329,861,2026-01-21,en,"['Horror', 'Mystery']",11
298618,The Flash,220000000,271333313,144,22.1508,6.601,5296,2023-06-13,en,"['Action', 'Science Fiction', 'Adventure']",4
950,Ice Age: The Meltdown,80000000,660998756,91,22.1356,6.728,10573,2006-03-29,en,"['Animation', 'Family', 'Comedy', 'Adventure']",3
402,Basic Instinct,49000000,352927224,128,22.1322,6.952,4559,1992-03-20,en,"['Thriller', 'Mystery']",2
423,The Pianist,35000000,120098945,150,22.1302,8.37,10489,2002-09-17,en,"['Drama', 'War']",5
9880,The Princess Diaries,37000000,165335153,115,22.1178,6.966,5381,2001-08-03,en,"['Comedy', 'Family', 'Romance']",3
508442,Soul,150000000,121977511,101,22.0146,8.088,11780,2020-12-25,en,"['Animation', 'Family', 'Drama', 'Music', 'Fantasy']",1
28,Apocalypse Now,31500000,150000000,147,22.0329,8.26,9419,1979-05-19,en,"['Drama', 'War']",1
49444,Kung Fu Panda 2,150000000,665692281,91,21.9952,7.086,8166,2011-05-25,en,"['Animation', 'Family', 'Comedy', 'Action']",1
9487,A Bug's Life,80000000,363258859,95,21.9308,6.984,9940,1998-11-25,en,"['Adventure', 'Animation', 'Comedy', 'Family']",1
18239,The Twilight Saga: New Moon,50000000,709827462,131,21.907,6.0,9923,2009-11-18,en,"['Adventure', 'Fantasy', 'Drama', 'Romance']",5
679,Aliens,18500000,183316455,137,21.8965,7.967,11231,1986-07-18,en,"['Action', 'Thriller', 'Science Fiction']",3
318846,The Big Short,28000000,133346506,131,21.8955,7.373,10130,2015-12-11,en,"['Comedy', 'Drama']",3
140607,Star Wars: The Force Awakens,245000000,2068223624,136,21.8772,7.24,20964,2015-12-15,en,"['Adventure', 'Action', 'Science Fiction']",2
9297,Monster House,75000000,140175006,91,21.8932,6.7,4472,2006-06-30,en,"['Animation', 'Comedy', 'Family', 'Fantasy', 'Horror']",2
698687,Transformers One,75000000,129408392,104,21.8686,7.977,1791,2024-09-11,en,"['Animation', 'Science Fiction', 'Adventure', 'Family']",6
263115,Logan,97000000,619021436,137,21.8769,7.82,20899,2017-02-28,en,"['Action', 'Drama', 'Science Fiction']",6
177677,Mission: Impossible - Rogue Nation,150000000,682716636,131,21.8517,7.227,9980,2015-07-28,en,"['Action', 'Adventure']",6
61791,Rise of the Planet of the Apes,93000000,481800873,105,21.8676,7.354,13109,2011-08-03,en,"['Thriller', 'Action', 'Drama', 'Science Fiction']",5
745,The Sixth Sense,40000000,672800000,107,21.8141,7.956,13389,1999-08-06,en,"['Mystery', 'Thriller', 'Drama']",4
18240,The Proposal,40000000,317400000,108,21.8036,7.182,7806,2009-06-02,en,"['Comedy', 'Romance', 'Drama']",3
749170,Heads of State,158400000,0,117,21.7876,6.822,1158,2025-06-24,en,"['Action', 'Thriller', 'Comedy']",4
1100782,Smile 2,28000000,138128854,127,21.7463,6.6,2370,2024-10-16,en,"['Horror', 'Mystery']",3
245891,John Wick,20000000,86085191,101,21.7761,7.464,21408,2014-10-16,en,"['Action', 'Thriller']",4
11688,The Emperor's New Groove,100000000,169327687,78,21.7121,7.566,7483,2000-12-15,en,"['Adventure', 'Animation', 'Comedy', 'Family', 'Fantasy']",2
1156594,Our Fault,0,0,110,21.698,7.373,751,2025-10-15,es,"['Romance', 'Drama']",2
321612,Beauty and the Beast,160000000,1266115964,129,21.6915,6.967,16181,2017-03-16,en,"['Family', 'Fantasy', 'Romance']",2
438148,Minions: The Rise of Gru,85000000,940203765,87,21.6958,7.261,4200,2022-06-29,en,"['Animation', 'Comedy', 'Crime', 'Science Fiction', 'Family']",2
5559,Bee Movie,160000000,287594577,91,21.6765,6.1,5443,2007-01-03,en,"['Family', 'Animation', 'Adventure', 'Comedy']",2
49519,The Croods,135000000,587204668,99,21.67,6.95,7731,2013-03-15,en,"['Animation', 'Adventure', 'Family', 'Comedy']",1
1316092,“Wuthering Heights”,80000000,241601072,136,21.6688,6.649,1380,2026-02-11,en,"['Romance', 'Drama', 'History']",5
109418,Grown Ups 2,80000000,247022278,101,21.6639,6.19,4836,2013-07-11,en,['Comedy'],2
539,Psycho,806947,50000000,109,21.5701,8.406,11299,1960-06-22,en,"['Horror', 'Thriller', 'Mystery']",1
333339,Ready Player One,175000000,607274134,140,21.5826,7.585,17417,2018-03-28,en,"['Adventure', 'Action', 'Science Fiction']",5
608,Men in Black II,140000000,445135288,88,21.5729,6.393,10938,2002-07-03,en,"['Action', 'Comedy', 'Science Fiction']",3
2059,National Treasure,100000000,347500000,131,21.4998,6.655,7087,2004-11-19,en,"['Adventure', 'Action', 'Mystery']",4
1369,Rambo: First Blood Part II,44000000,300400432,96,21.4857,6.673,4500,1985-05-22,en,"['Action', 'Adventure', 'Thriller', 'War']",3
1087891,The Amateur,60000000,96000836,123,21.4472,6.9,1811,2025-04-09,en,"['Thriller', 'Action']",4
417859,Puss in Boots,130000000,554987477,90,21.4341,6.618,4771,2011-10-27,en,"['Action', 'Adventure', 'Animation', 'Comedy', 'Family']",1
259316,Fantastic Beasts and Where to Find Them,180000000,809342332,133,21.422,7.307,20033,2016-11-16,en,"['Fantasy', 'Adventure']",2
843527,The Idea of You,0,36178,116,21.4132,7.24,2039,2024-05-02,en,"['Music', 'Comedy', 'Romance', 'Drama']",5
120467,The Grand Budapest Hotel,30000000,174600318,100,21.3545,8.026,16553,2014-02-26,en,"['Comedy', 'Drama']",5
507089,Five Nights at Freddy's,20000000,298267333,110,21.3499,7.271,5209,2023-10-25,en,"['Horror', 'Thriller']",2
968051,The Nun II,38500000,269670590,110,21.3424,6.622,2596,2023-09-06,en,['Horror'],3
166426,Pirates of the Caribbean: Dead Men Tell No Tales,230000000,795922298,129,21.3242,6.664,13104,2017-05-23,en,"['Adventure', 'Action', 'Fantasy']",3
324552,John Wick: Chapter 2,40000000,171539887,122,21.3157,7.346,14667,2017-02-08,en,"['Action', 'Thriller', 'Crime']",3
10009,Brother Bear,128000000,250397798,85,21.3097,7.285,5877,2003-10-23,en,"['Adventure', 'Animation', 'Family']",1
490132,Green Book,23000000,321752656,130,21.2295,8.224,13311,2018-11-16,en,"['Drama', 'Comedy', 'History']",4
10331,Night of the Living Dead,114000,30236452,96,21.1684,7.604,2840,1968-10-04,en,"['Horror', 'Thriller', 'Science Fiction']",1
615457,Nobody,16000000,57512470,91,21.1817,7.86,8766,2021-03-18,en,"['Action', 'Thriller']",3
41630,No Strings Attached,25000000,149200000,107,21.1057,6.3,5085,2011-01-21,en,"['Comedy', 'Romance']",3
63,Twelve Monkeys,29000000,168841459,129,21.0796,7.614,9434,1995-12-29,en,"['Science Fiction', 'Thriller', 'Mystery']",4
119450,Dawn of the Planet of the Apes,170000000,710644566,130,21.0438,7.343,12535,2014-07-08,en,"['Science Fiction', 'Action', 'Drama', 'Thriller']",4
439079,The Nun,22000000,366082797,96,21.0713,5.91,7334,2018-09-05,en,['Horror'],3
260346,Taken 3,48000000,325800000,109,21.0365,6.27,6301,2014-12-16,en,"['Thriller', 'Action']",5
1363123,The Family Plan 2,0,0,106,21.0264,6.591,666,2025-11-11,en,"['Action', 'Comedy']",2
270946,Penguins of Madagascar,132000000,373515621,92,21.0053,6.548,4592,2014-11-22,en,"['Family', 'Animation', 'Adventure', 'Comedy']",2
6479,I Am Legend,150000000,585410052,101,21.0052,7.223,17369,2007-12-12,en,"['Drama', 'Science Fiction', 'Thriller']",6
316029,The Greatest Showman,84000000,459066134,105,20.9708,7.853,10261,2017-12-20,en,['Drama'],4
630,The Wizard of Oz,2777000,33754967,102,20.934,7.581,6308,1939-08-21,en,"['Adventure', 'Fantasy', 'Family']",1
246655,X-Men: Apocalypse,178000000,543934787,144,20.9308,6.529,14155,2016-05-18,en,"['Science Fiction', 'Fantasy', 'Action']",7
9016,Treasure Planet,140000000,109578115,96,20.9078,7.6,4747,2002-11-26,en,"['Science Fiction', 'Adventure', 'Animation', 'Family', 'Fantasy']",1
1084199,Companion,10000000,36869122,97,20.8801,7.0,2681,2025-01-22,en,"['Horror', 'Science Fiction', 'Thriller']",5
578,Jaws,7000000,470653000,124,20.8777,7.687,11903,1975-06-20,en,"['Horror', 'Thriller', 'Adventure']",2
8363,Superbad,20000000,170800000,113,20.8732,7.274,8408,2007-08-17,en,['Comedy'],2
10198,The Princess and the Frog,105000000,270997378,98,20.8555,7.238,6303,2009-12-08,en,"['Animation', 'Romance', 'Fantasy', 'Family']",1
1062722,Frankenstein,120000000,480678,150,20.8616,7.609,3904,2025-10-17,en,"['Drama', 'Fantasy', 'Horror']",3
577922,Tenet,205000000,365304105,150,20.844,7.172,11582,2020-08-22,en,"['Action', 'Thriller', 'Science Fiction']",2
1368,First Blood,15000000,125212904,93,20.8132,7.518,7138,1982-10-22,en,"['Action', 'Thriller', 'Drama']",3
9769,Lolita,62000000,1100000,137,20.8035,7.095,2050,1997-09-27,en,"['Drama', 'Romance']",2
1613798,Vengeance,0,0,103,20.7825,7.503,321,2026-02-26,es,"['Action', 'Thriller']",2
1576,Resident Evil,33000000,102984862,100,20.8028,6.68,7212,2002-03-15,en,"['Horror', 'Action', 'Science Fiction']",4
324852,Despicable Me 3,80000000,1034800131,90,20.7768,6.468,7811,2017-06-15,en,"['Action', 'Animation', 'Comedy', 'Family', 'Adventure']",2
530385,Midsommar,9000000,48498408,147,20.7646,7.145,8471,2019-07-03,en,"['Horror', 'Drama', 'Mystery']",2
1124142,The Rivals of Amziah King,6000000,3111550,131,20.7631,6.769,106,2026-08-13,en,"['Drama', 'Crime']",3
90,Beverly Hills Cop,14000000,316360478,105,20.7445,7.212,4757,1984-12-05,en,"['Comedy', 'Crime', 'Action']",3
809,Shrek 2,150000000,932542741,92,20.7427,7.331,13821,2004-05-19,en,"['Animation', 'Comedy', 'Family', 'Fantasy', 'Romance']",2
335797,Sing,75000000,634151679,108,20.7244,7.124,8601,2016-11-23,en,"['Animation', 'Comedy', 'Family', 'Music']",1
297762,Wonder Woman,149000000,823970682,141,20.6984,7.2,21251,2017-05-30,en,"['Action', 'Adventure', 'Fantasy']",5
351286,Jurassic World: Fallen Kingdom,170000000,1310469037,129,20.6391,6.523,13043,2018-06-06,en,"['Adventure', 'Science Fiction', 'Thriller']",2
315837,Ghost in the Shell,110000000,169801921,107,20.63,6.114,8768,2017-03-29,en,"['Science Fiction', 'Drama', 'Action']",10
106,Predator,15000000,98267558,107,20.6257,7.583,9552,1987-06-12,en,"['Science Fiction', 'Action', 'Adventure', 'Thriller']",6
799583,The Ministry of Ungentlemanly Warfare,60000000,29768915,120,20.6251,6.997,2103,2024-04-18,en,"['Action', 'Comedy', 'War']",3
359724,Ford v Ferrari,97600000,225508210,153,20.6083,8.008,9340,2019-11-13,en,"['Drama', 'History', 'Action']",4
141052,Justice League,300000000,661326987,120,20.5957,6.065,13985,2017-11-15,en,"['Action', 'Adventure', 'Science Fiction']",5
100402,Captain America: The Winter Soldier,170000000,714766572,136,20.594,7.656,20518,2014-03-20,en,"['Action', 'Adventure', 'Science Fiction']",1
181812,Star Wars: The Rise of Skywalker,489900000,1074144248,142,20.5921,6.246,11194,2019-12-18,en,"['Adventure', 'Action', 'Science Fiction']",2
127585,X-Men: Days of Future Past,250000000,748045700,132,20.5883,7.536,16721,2014-05-15,en,"['Action', 'Adventure', 'Science Fiction']",6
510,One Flew Over the Cuckoo's Nest,3000000,108981275,135,20.5796,8.404,11815,1975-11-19,en,['Drama'],1
360920,The Grinch,75000000,552976825,85,20.5608,6.863,4529,2018-11-08,en,"['Animation', 'Comedy', 'Family', 'Fantasy']",2
10674,Mulan,90000000,304320254,88,20.5493,7.903,10714,1998-06-18,en,"['Animation', 'Family', 'Adventure']",2
1294203,My Fault: London,0,0,119,20.5428,7.4,628,2025-02-12,en,"['Drama', 'Romance']",4
581528,"The Gangster, the Cop, the Devil",6500000,25775371,110,20.5054,7.886,1586,2019-05-15,ko,"['Action', 'Crime', 'Thriller']",4
335787,Uncharted,120000000,407141258,116,20.4883,6.869,7196,2022-02-10,en,"['Action', 'Adventure', 'Mystery']",4
114,Pretty Woman,14000000,463406268,120,20.4799,7.442,9215,1990-03-23,en,"['Romance', 'Comedy']",3
1417,Pan's Labyrinth,19000000,83258226,118,20.4766,7.769,11777,2006-10-11,es,"['Fantasy', 'Drama', 'War']",4
1480387,undertone,500000,21555603,94,20.4265,6.002,682,2026-03-12,en,"['Horror', 'Mystery']",6
530915,1917,100000000,446064352,119,20.3769,7.983,13964,2019-12-25,en,"['War', 'Drama', 'History']",5
1318621,Descendants: Wicked Wonderland,0,0,98,20.3586,7.476,188,2026-07-16,en,"['Fantasy', 'TV Movie', 'Family', 'Adventure']",5
176,Saw,1200000,104045735,103,20.381,7.428,10372,2004-10-01,en,"['Horror', 'Mystery', 'Crime']",1
940721,Godzilla Minus One,15000000,113676322,125,20.3573,7.604,3470,2023-11-03,ja,"['Science Fiction', 'Horror', 'Action']",3
1668364,Desire,0,0,97,20.2154,6.697,259,2026-05-07,es,"['Mystery', 'Drama']",2
47971,xXx: Return of Xander Cage,85000000,346118277,107,20.2999,6.128,9342,2017-01-13,en,"['Action', 'Adventure', 'Crime']",8
423108,The Conjuring: The Devil Made Me Do It,39000000,206444123,111,20.2141,7.333,6736,2021-05-25,en,"['Horror', 'Mystery', 'Thriller']",3
254128,San Andreas,110000000,473990832,114,20.2097,6.25,9231,2015-05-27,en,"['Action', 'Drama', 'Thriller']",4
2668,Sleepy Hollow,100000000,206071526,105,20.1999,7.196,7615,1999-11-19,en,"['Fantasy', 'Thriller', 'Mystery', 'Horror']",6
74,War of the Worlds,132000000,603873119,117,20.1629,6.576,9579,2005-06-28,en,"['Adventure', 'Thriller', 'Science Fiction']",4
2501,The Bourne Identity,60000000,214034224,119,20.1424,7.486,10423,2002-06-14,en,"['Action', 'Mystery', 'Thriller']",5
75780,Jack Reacher,60000000,218300000,130,20.1399,6.679,7890,2012-12-20,en,"['Crime', 'Drama', 'Thriller', 'Action']",3
949,Heat,60000000,187400000,170,20.1348,7.945,8742,1995-12-15,en,"['Crime', 'Drama', 'Action']",3
446893,Trolls World Tour,90000000,49276818,91,20.0836,7.222,2314,2020-03-11,en,"['Family', 'Animation', 'Comedy', 'Fantasy', 'Adventure', 'Music']",1
15512,Monsters vs Aliens,175000000,381509870,94,20.1306,6.273,5144,2009-03-19,en,"['Animation', 'Family', 'Adventure', 'Science Fiction']",1
168259,Furious 7,190000000,1515400000,138,20.0729,7.211,11520,2015-04-01,en,"['Action', 'Crime', 'Thriller']",3
87,Indiana Jones and the Temple of Doom,28000000,333000000,118,20.0715,7.309,10414,1984-05-23,en,"['Adventure', 'Action']",2
2105,American Pie,11000000,235483004,95,20.0655,6.619,8587,1999-07-09,en,"['Comedy', 'Romance']",2
73861,A Serbian Film,0,0,104,20.0209,5.447,2281,2010-01-06,sr,"['Crime', 'Horror', 'Thriller']",1
150689,Cinderella,95000000,543514353,105,19.9964,6.825,7518,2015-03-06,en,"['Romance', 'Fantasy', 'Family', 'Drama']",4
137113,Edge of Tomorrow,178000000,370541256,114,19.9898,7.643,15563,2014-05-27,en,"['Action', 'Science Fiction']",5
37799,The Social Network,40000000,224920315,121,19.967,7.376,13576,2010-10-01,en,['Drama'],5
56292,Mission: Impossible - Ghost Protocol,145000000,694713380,133,19.9658,7.118,11042,2011-12-07,en,"['Action', 'Thriller', 'Adventure']",4
320288,Dark Phoenix,200000000,252442974,114,19.925,5.958,7337,2019-06-05,en,"['Science Fiction', 'Action', 'Adventure']",5
9552,The Exorcist,11000000,430872776,122,19.9122,7.748,8904,1973-12-26,en,['Horror'],2
137,Groundhog Day,14600000,71108778,101,19.9206,7.635,9219,1993-02-11,en,"['Romance', 'Fantasy', 'Comedy']",1
166428,How to Train Your Dragon: The Hidden World,129000000,539987993,104,19.8911,7.751,7303,2019-01-03,en,"['Animation', 'Family', 'Adventure']",1
812583,Wake Up Dead Man: A Knives Out Mystery,210000000,4000000,145,19.9054,7.206,2926,2025-11-26,en,"['Thriller', 'Mystery', 'Comedy']",1
616,The Last Samurai,140000000,456800000,154,19.8745,7.61,7806,2003-12-05,en,"['Drama', 'Action', 'War']",4
4232,Scream,14000000,173046663,112,19.8641,7.436,8278,1996-12-20,en,"['Crime', 'Horror', 'Mystery']",2
45269,The King's Speech,15000000,414211549,118,19.8632,7.731,9548,2010-11-26,en,"['Drama', 'History']",7
297761,Suicide Squad,175000000,749200054,122,19.8557,5.917,22470,2016-08-03,en,"['Action', 'Adventure', 'Fantasy']",4
1007734,Nobody 2,25000000,43285109,89,19.8571,6.914,1879,2025-08-13,en,"['Action', 'Thriller', 'Crime']",4
10897,The Little Rascals,0,67308282,82,19.8513,6.837,1374,1994-08-05,en,"['Romance', 'Comedy', 'Family']",3
10330,Freaky Friday,26000000,160846332,97,19.8418,6.6,4378,2003-08-05,en,"['Comedy', 'Family', 'Fantasy']",3
50014,The Help,25000000,216600000,146,19.8306,8.206,9306,2011-08-09,en,['Drama'],2
604079,The Long Walk,20000000,63103084,108,19.8148,6.853,1990,2025-09-10,en,"['Science Fiction', 'Thriller', 'Horror']",4
8467,Dumb and Dumber,16000000,247275374,107,19.7462,6.666,6964,1994-12-16,en,['Comedy'],2
48650,Room in Rome,0,844281,109,19.7263,6.4,850,2010-05-07,es,"['Drama', 'Romance']",4
406563,Insidious: The Last Key,10000000,172811971,103,19.7193,6.281,3286,2018-01-03,en,"['Horror', 'Thriller']",3
1242332,Normal,10000000,6095691,91,19.7143,7.248,636,2026-04-16,en,"['Action', 'Crime', 'Thriller']",6
107,Snatch,100000000,83557872,103,19.7111,7.83,10326,2000-09-01,en,"['Crime', 'Comedy']",1
207703,Kingsman: The Secret Service,81000000,414351546,129,19.6841,7.618,18218,2015-01-24,en,"['Crime', 'Comedy', 'Action']",4
402431,Wicked,150000000,763963597,162,19.6739,6.903,3259,2024-10-16,en,"['Drama', 'Romance', 'Fantasy']",2
791373,Zack Snyder's Justice League,70000000,0,242,19.641,8.072,11185,2021-03-18,en,"['Action', 'Adventure', 'Fantasy']",6
10494,Perfect Blue,830442,2743097,81,19.6703,8.305,3378,1998-02-28,ja,"['Animation', 'Thriller']",6
335983,Venom,116000000,856085151,112,19.6329,6.823,17647,2018-09-28,en,"['Science Fiction', 'Action']",6
889737,Joker: Folie à Deux,190000000,207500287,138,19.6264,5.406,3083,2024-10-01,en,"['Drama', 'Crime', 'Thriller']",3
38,Eternal Sunshine of the Spotless Mind,20000000,72258126,108,19.6249,8.088,16793,2004-03-19,en,"['Science Fiction', 'Drama', 'Romance']",3
343668,Kingsman: The Golden Circle,104000000,410902662,141,19.6127,6.941,11413,2017-09-20,en,"['Crime', 'Comedy', 'Action']",4
72105,Ted,50000000,549368315,107,19.6125,6.455,13512,2012-06-29,en,"['Comedy', 'Fantasy']",5
661374,Glass Onion: A Knives Out Mystery,40000000,15000000,140,19.6108,7.02,7226,2022-11-23,en,"['Comedy', 'Crime', 'Mystery']",1
493922,Hereditary,10000000,87796204,128,19.5885,7.298,8945,2018-06-07,en,"['Horror', 'Mystery', 'Thriller']",4
10591,The Girl Next Door,21000000,31635150,110,19.5837,6.756,4203,2004-04-09,en,"['Comedy', 'Romance']",4
76493,The Dictator,65000000,179379533,83,19.5745,6.249,6648,2012-05-15,en,['Comedy'],4
598,City of God,3300000,30641770,129,19.5702,8.426,8481,2002-08-30,pt,"['Drama', 'Crime']",6
896536,The Legend of Ochi,10000000,4872389,95,19.5692,6.115,352,2025-04-18,en,"['Family', 'Fantasy', 'Adventure']",7
2493,The Princess Bride,16000000,30900000,99,19.5195,7.7,5309,1987-09-25,en,"['Adventure', 'Fantasy', 'Family']",3
746036,The Fall Guy,125000000,181073291,127,19.4562,6.951,4085,2024-04-24,en,"['Action', 'Comedy', 'Romance']",3
1119878,Ice Road: Vengeance,0,0,113,19.4329,6.223,678,2025-06-27,en,"['Action', 'Thriller', 'Drama']",4
91314,Transformers: Age of Extinction,210000000,1105261713,165,19.331,5.973,8977,2014-06-25,en,"['Science Fiction', 'Action', 'Adventure']",5
50619,The Twilight Saga: Breaking Dawn - Part 1,110000000,712171856,117,19.4441,6.184,9434,2011-11-16,en,"['Adventure', 'Fantasy', 'Romance']",7
9358,Final Destination 2,26000000,90941129,90,19.3005,6.317,5052,2003-01-31,en,"['Horror', 'Mystery']",2
882598,Smile,17000000,217408513,115,19.2857,6.7,4289,2022-09-23,en,"['Horror', 'Mystery']",3
118340,Guardians of the Galaxy,170000000,772776600,121,19.2819,7.907,30386,2014-07-30,en,"['Action', 'Science Fiction', 'Adventure']",1
550988,Free Guy,110000000,331526598,115,19.2627,7.432,10224,2021-08-11,en,"['Comedy', 'Adventure', 'Science Fiction']",6
1156593,Your Fault,0,0,117,19.2532,7.1,1630,2024-12-26,es,"['Drama', 'Romance']",2
614479,Insidious: The Red Door,16000000,189090647,107,19.2392,6.526,2126,2023-07-05,en,"['Horror', 'Thriller']",3
438695,Sing 2,85000000,408402685,110,19.226,7.833,4923,2021-12-01,en,"['Animation', 'Comedy', 'Family', 'Music']",1
615,The Passion of the Christ,30000000,610063468,127,19.2166,7.542,5365,2004-02-25,en,['Drama'],1
364,Batman Returns,80000000,280000000,126,19.2163,7.0,7322,1992-06-19,en,"['Action', 'Fantasy']",2
345940,The Meg,150000000,530517320,113,19.2112,6.25,8416,2018-08-08,en,"['Action', 'Science Fiction', 'Horror']",6
14,American Beauty,15000000,356296601,122,19.2079,7.997,13402,1999-09-15,en,['Drama'],2
1824,50 First Dates,75000000,196482882,99,19.1661,6.879,7949,2004-02-13,en,"['Comedy', 'Romance']",4
7131,Van Helsing,160000000,300257475,132,19.1442,6.43,6875,2004-05-03,en,"['Horror', 'Adventure', 'Action']",3
296096,Me Before You,20000000,207945075,110,19.1504,7.932,13609,2016-06-01,en,"['Drama', 'Romance']",3
270303,It Follows,2300000,23374076,101,19.1325,6.583,7176,2015-02-04,en,"['Horror', 'Mystery']",3
1279493,The Get Out,0,0,111,19.1183,6.0,101,2026-06-18,en,"['Action', 'Thriller']",5
11619,Flushed Away,149000000,178120010,85,19.1052,6.346,4200,2006-10-22,en,"['Adventure', 'Animation', 'Comedy', 'Family']",2
324668,Jason Bourne,120000000,415484914,123,19.0974,6.385,6389,2016-07-27,en,"['Action', 'Adventure', 'Thriller']",4
1735,The Mummy: Tomb of the Dragon Emperor,145000000,403449830,112,19.0695,5.5,4952,2008-07-01,en,"['Adventure', 'Action', 'Fantasy']",7
2048,"I, Robot",120000000,347234916,115,19.0668,6.973,13049,2004-07-15,en,"['Action', 'Science Fiction']",6
49018,Insidious,1500000,100106454,102,19.0959,6.959,7636,2011-03-31,en,"['Horror', 'Thriller']",4
36557,Casino Royale,150000000,599045960,144,19.0665,7.575,12044,2006-11-14,en,"['Adventure', 'Action', 'Thriller']",4
508,Love Actually,40000000,250779876,135,19.0543,7.098,7588,2003-09-07,en,"['Comedy', 'Romance', 'Drama']",3
591,The Da Vinci Code,125000000,760006945,149,19.0615,6.736,10351,2006-05-17,en,"['Thriller', 'Mystery']",2
812,Aladdin,28000000,504050219,91,19.0077,7.657,12292,1992-11-25,en,"['Animation', 'Family', 'Adventure', 'Fantasy', 'Romance']",1
140300,Kung Fu Panda 3,145000000,521170825,95,18.9942,6.941,6794,2016-01-23,en,"['Animation', 'Action', 'Adventure', 'Comedy', 'Family']",4
1018,Mulholland Drive,15000000,20289986,147,18.981,7.8,7322,2001-06-06,en,"['Thriller', 'Drama', 'Mystery']",4
335,Once Upon a Time in the West,5000000,5380118,166,18.9655,8.263,5073,1968-12-21,it,"['Drama', 'Western']",3
311,Once Upon a Time in America,30000000,5500000,139,18.9337,8.368,6241,1984-05-23,en,"['Drama', 'Crime']",4
81,Warriors of the Wind,1000000,9016411,95,18.9185,7.942,4224,1984-03-11,ja,"['Adventure', 'Animation', 'Fantasy']",3
1612018,Jackass: Best and Last,10000000,27795255,92,18.9153,7.437,261,2026-06-25,en,"['Action', 'Comedy', 'Documentary']",4
675353,Sonic the Hedgehog 2,110000000,405421518,123,18.9121,7.415,6035,2022-03-30,en,"['Action', 'Adventure', 'Family', 'Comedy']",6
27449,Baby Face,187000,451000,76,18.8849,7.238,162,1933-07-13,en,['Drama'],1
4248,Scary Movie 2,45000000,141220678,82,18.8812,5.85,5421,2001-07-04,en,['Comedy'],4
1893,Star Wars: Episode I - The Phantom Menace,115000000,1046515409,136,18.8695,6.583,16267,1999-05-19,en,"['Adventure', 'Action', 'Science Fiction']",1
81188,Rise of the Guardians,145000000,306941670,97,18.8686,7.379,7305,2012-11-21,en,"['Action', 'Adventure', 'Animation', 'Family', 'Fantasy']",1
308266,War Dogs,50000000,86234523,114,18.839,6.951,5723,2016-08-18,en,"['Comedy', 'Crime', 'Drama']",4
80321,Madagascar 3: Europe's Most Wanted,145000000,746921274,93,18.8361,6.65,6749,2012-06-06,en,"['Animation', 'Family', 'Comedy', 'Adventure']",2
1734,The Mummy Returns,98000000,443280904,130,18.8345,6.417,7939,2001-05-04,en,"['Adventure', 'Action', 'Fantasy']",3
913290,Barbarian,4500000,45400000,103,18.8115,6.885,3571,2022-08-29,en,"['Horror', 'Mystery', 'Thriller']",5
930094,"Red, White & Royal Blue",20000000,0,118,18.8112,7.93,1641,2023-07-27,en,"['Comedy', 'Romance']",2
467905,How to Make a Killing,15000000,21598574,105,18.7985,6.953,777,2026-02-16,en,"['Comedy', 'Thriller']",2
122906,About Time,12000000,87100449,123,18.7911,7.901,9543,2013-06-27,en,"['Drama', 'Romance', 'Fantasy']",3
2034,Training Day,45000000,104900000,122,18.7908,7.532,6879,2001-10-05,en,"['Action', 'Crime', 'Drama']",5
273248,The Hateful Eight,44000000,155760117,188,18.7901,7.8,15667,2015-12-25,en,"['Drama', 'Mystery', 'Western']",3
697843,Extraction 2,65000000,0,122,18.7758,7.385,3076,2023-06-09,en,"['Action', 'Thriller', 'Crime']",3
917496,Beetlejuice Beetlejuice,99000000,452000435,105,18.7224,6.917,3352,2024-09-04,en,"['Comedy', 'Fantasy']",6
2251,Unfaithful,50000000,119137784,124,18.7131,6.7,1806,2002-05-10,en,"['Thriller', 'Drama', 'Romance']",4
293167,Kong: Skull Island,185000000,566652812,118,18.7126,6.56,11374,2017-03-08,en,"['Action', 'Adventure', 'Fantasy']",2
15121,The Sound of Music,8200000,286214286,174,18.7106,7.728,3756,1965-03-29,en,"['Drama', 'Family', 'Music', 'Romance']",3
1239193,Deep Cover,0,0,99,18.7101,6.716,657,2025-06-12,en,"['Action', 'Comedy', 'Crime']",3
882569,Guy Ritchie's The Covenant,55000000,21948551,123,18.7092,7.719,3388,2023-04-19,en,"['War', 'Action', 'Thriller']",2
20526,TRON: Legacy,170000000,409912892,126,18.7072,6.55,8182,2010-12-14,en,"['Adventure', 'Action', 'Science Fiction']",2
77,Memento,9000000,40060108,113,18.6939,8.173,16831,2000-10-11,en,"['Mystery', 'Thriller']",4
941109,Play Dirty,2500000,0,128,18.7068,6.577,723,2025-09-30,en,"['Crime', 'Action', 'Thriller']",2
629,The Usual Suspects,6000000,23300000,106,18.6903,8.162,11796,1995-07-19,en,"['Drama', 'Crime', 'Thriller']",2
424694,Bohemian Rhapsody,52000000,910813521,135,18.6492,7.949,18085,2018-10-24,en,"['Music', 'Drama']",4
38575,The Karate Kid,40000000,359126022,140,18.633,6.569,6728,2010-06-10,en,"['Action', 'Adventure', 'Drama', 'Family']",5
50646,"Crazy, Stupid, Love.",50000000,145079584,118,18.6252,7.278,9546,2011-07-29,en,"['Comedy', 'Drama', 'Romance']",1
854,The Mask,23000000,351583407,101,18.6243,6.997,11634,1994-07-29,en,"['Comedy', 'Fantasy', 'Crime', 'Romance']",2
1136867,Materialists,20000000,107949056,116,18.6062,6.274,1454,2025-06-12,en,"['Romance', 'Drama']",5
529203,The Croods: A New Age,65000000,215905815,95,18.5955,7.436,4249,2020-11-25,en,"['Animation', 'Family', 'Adventure', 'Fantasy', 'Comedy']",1
1381027,Good Boy,0,0,110,18.575,7.285,328,2026-03-05,en,"['Thriller', 'Drama', 'Mystery', 'Horror']",6
567,Rear Window,1000000,37042336,113,18.5749,8.334,7396,1954-08-01,en,"['Thriller', 'Mystery', 'Drama']",1
4951,10 Things I Hate About You,16000000,53478166,97,18.5735,7.6,9179,1999-03-30,en,"['Comedy', 'Romance', 'Drama']",2
1106289,The Pickup,0,0,94,18.5683,6.394,514,2025-07-27,en,"['Action', 'Comedy', 'Crime']",4
9323,Ghost in the Shell,3000000,10000000,83,18.568,7.93,4079,1995-11-18,ja,"['Action', 'Animation', 'Science Fiction']",4
493529,Dungeons & Dragons: Honor Among Thieves,151000000,208200000,134,18.5604,7.357,4961,2023-03-23,en,"['Adventure', 'Fantasy', 'Comedy']",2
4247,Scary Movie,19000000,278023280,88,18.5547,6.43,8172,2000-07-07,en,['Comedy'],4
1408208,Exit 8,1400000,43892680,95,18.5324,7.015,827,2025-08-03,ja,"['Mystery', 'Thriller', 'Horror']",8
13207,Friday the 13th,19000000,91509154,97,18.5285,5.779,2947,2009-02-11,en,"['Horror', 'Thriller']",4
399055,The Shape of Water,19500000,195300000,123,18.524,7.231,13112,2017-12-01,en,"['Drama', 'Fantasy', 'Romance']",4
332562,A Star Is Born,36000000,436388866,136,18.5056,7.488,12417,2018-10-03,en,"['Music', 'Drama', 'Romance']",6
408,Snow White and the Seven Dwarfs,1488423,184925486,83,18.4961,7.129,8143,1938-01-22,en,"['Fantasy', 'Animation', 'Family']",1
10315,Fantastic Mr. Fox,40000000,46471023,87,18.4585,7.828,6349,2009-10-14,en,"['Adventure', 'Animation', 'Comedy', 'Family']",3
257344,Pixels,88000000,244874809,106,18.4464,5.789,8218,2015-07-16,en,"['Action', 'Comedy', 'Science Fiction', 'Adventure', 'Fantasy']",6
1165366,De Gaulle: Résistance,25000000,18752948,160,18.5257,7.799,209,2026-06-03,fr,"['History', 'Drama']",11
600,Full Metal Jacket,30000000,46357676,117,18.4446,8.119,11797,1987-06-26,en,"['Drama', 'War']",3
1250,Ghost Rider,110000000,228738393,114,18.4276,5.623,6681,2007-01-15,en,"['Thriller', 'Action', 'Fantasy']",5
1022787,Elio,150000000,154291182,98,18.4208,6.9,1149,2025-06-18,en,"['Animation', 'Adventure', 'Science Fiction', 'Family', 'Comedy']",1
670,Oldboy,3000000,17500000,120,18.4195,8.235,10259,2003-11-21,ko,"['Thriller', 'Mystery']",3
476669,The King's Man,100000000,125897478,131,18.4078,6.702,5250,2021-12-22,en,"['Action', 'Adventure', 'Thriller']",4
87827,Life of Pi,120000000,609016565,127,18.4054,7.414,14043,2012-11-20,en,"['Adventure', 'Drama']",6
9837,The Prince of Egypt,70000000,218613188,99,18.3766,7.325,4448,1998-12-16,en,"['Adventure', 'Animation', 'Drama', 'Family']",2
800939,Ticket to Paradise,20000000,168800000,104,18.3628,6.403,1444,2022-09-08,en,"['Drama', 'Comedy', 'Romance']",4
346,Seven Samurai,2000000,105000000,207,18.3355,8.453,4393,1954-04-26,ja,"['Action', 'Drama']",1
1064028,Subservience,4400000,262793,105,18.2931,6.641,1127,2024-08-15,en,"['Horror', 'Science Fiction', 'Thriller']",3
801335,Girl in the Basement,0,0,88,18.2768,7.575,899,2021-02-27,en,"['Thriller', 'Crime', 'TV Movie']",3
297,Meet Joe Black,90000000,142940100,178,18.2671,7.372,5971,1998-11-12,en,"['Fantasy', 'Drama', 'Romance']",2
1299655,Blue Moon,0,3569263,101,18.266,6.6,337,2025-10-17,en,"['Music', 'History', 'Drama', 'Comedy']",8
639933,The Northman,70000000,69633110,137,18.2582,7.022,5311,2022-04-07,en,"['Action', 'Adventure', 'Fantasy']",4
752,V for Vendetta,54000000,134686457,132,18.2539,7.897,15998,2006-02-23,en,"['Action', 'Thriller', 'Science Fiction']",6
1034541,Terrifier 3,2000000,90322103,125,18.2491,6.8,2049,2024-10-09,en,['Horror'],3
138832,We're the Millers,37000000,270000000,110,18.2208,6.841,9700,2013-08-07,en,"['Comedy', 'Crime']",6
225886,Sex Tape,40000000,126069509,94,18.2179,5.406,4290,2014-07-17,en,['Comedy'],4
785084,The Whale,3000000,57615635,117,18.2071,7.8,4934,2022-12-09,en,['Drama'],2
646385,Scream,24000000,138874789,114,18.1878,6.7,4041,2022-01-12,en,"['Horror', 'Mystery']",4
338953,Fantastic Beasts: The Secrets of Dumbledore,200000000,407200000,142,18.1862,6.619,5279,2022-04-06,en,"['Fantasy', 'Adventure']",2
117,The Untouchables,25000000,76270454,119,18.1851,7.752,6352,1987-06-03,en,"['Crime', 'History', 'Thriller']",2
142,Brokeback Mountain,14000000,178043761,134,18.1681,7.782,7751,2005-10-22,en,"['Drama', 'Romance']",3
6477,Alvin and the Chipmunks,60000000,361366633,92,18.1557,5.841,4838,2007-12-13,en,"['Comedy', 'Family', 'Fantasy', 'Animation']",5
198184,Chappie,49000000,104399548,120,18.1545,6.793,8698,2015-03-04,en,"['Crime', 'Action', 'Science Fiction']",4
937278,A Man Called Otto,50000000,113360085,126,18.1366,7.749,3794,2022-12-28,en,"['Comedy', 'Drama']",6
89,Indiana Jones and the Last Crusade,48000000,474171806,127,18.1348,7.9,11398,1989-05-24,en,"['Adventure', 'Action']",2
748783,The Garfield Movie,60000000,254907482,101,18.1344,6.943,1513,2024-04-30,en,"['Adventure', 'Animation', 'Comedy', 'Family']",7
38055,Megamind,130000000,321885765,96,18.1224,7.041,7717,2010-10-28,en,"['Animation', 'Action', 'Comedy', 'Family', 'Science Fiction']",2
302946,The Accountant,44000000,155160045,128,18.1103,7.14,7624,2016-10-13,en,"['Crime', 'Thriller', 'Drama']",4
329,Jurassic Park,63000000,1058454230,127,18.1077,7.976,18414,1993-06-11,en,"['Adventure', 'Science Fiction']",2
185,A Clockwork Orange,2200000,27033812,137,18.0923,8.17,14176,1971-10-28,en,"['Science Fiction', 'Crime']",3
1366,Rocky,1000000,117253345,120,18.0805,7.799,8944,1976-12-03,en,['Drama'],1
159824,Hotel Transylvania 2,80000000,473200000,89,18.0604,6.765,6267,2015-09-21,en,"['Animation', 'Comedy', 'Family', 'Fantasy']",3
399174,Isle of Dogs,35000000,72991435,101,18.0419,7.849,5586,2018-03-23,en,"['Adventure', 'Comedy', 'Animation']",4
335977,Indiana Jones and the Dial of Destiny,294700000,383963057,155,18.0302,6.494,4390,2023-06-25,en,"['Adventure', 'Action']",1
13448,Angels & Demons,150000000,485930816,139,18.0233,6.729,7527,2009-04-20,en,"['Thriller', 'Mystery']",5
453,A Beautiful Mind,58000000,316791257,135,18.0187,7.852,11438,2001-12-14,en,"['Drama', 'Romance']",3
1197137,Black Phone 2,30000000,132675749,114,17.9913,6.622,1370,2025-10-15,en,"['Horror', 'Thriller']",3
91586,Insidious: Chapter 2,5000000,161921515,106,18.0019,6.7,4773,2013-09-12,en,"['Horror', 'Thriller']",4
460465,Mortal Kombat,20000000,84426031,110,17.9735,7.032,7074,2021-04-07,en,"['Action', 'Fantasy', 'Adventure']",3
353491,The Dark Tower,60000000,113231078,95,17.9709,5.811,5699,2017-08-03,en,"['Fantasy', 'Action', 'Science Fiction']",4
10585,Child's Play,9000000,44196684,87,17.9654,6.775,3491,1988-11-09,en,['Horror'],2
646380,Don't Look Up,75000000,791863,138,17.9607,7.054,9736,2021-12-08,en,"['Comedy', 'Science Fiction', 'Drama']",1
1368314,Passenger,15000000,31620508,94,17.9473,7.257,919,2026-05-20,en,"['Horror', 'Thriller']",4
1402,The Pursuit of Happyness,55000000,307077295,117,17.952,7.882,10899,2006-12-14,en,['Drama'],4
9532,Final Destination,23000000,112880294,98,17.9365,6.642,6978,2000-03-17,en,['Horror'],2
73,American History X,20000000,23900000,119,17.8881,8.323,12967,1998-07-01,en,['Drama'],3
22794,Cloudy with a Chance of Meatballs,100000000,242988466,90,17.88,6.671,6650,2009-09-17,en,"['Animation', 'Comedy', 'Family']",1
1440050,The Breadwinner,25000000,20247080,100,17.8769,7.13,108,2026-05-29,en,"['Comedy', 'Family']",5
45243,The Hangover Part II,80000000,586764305,102,17.8568,6.513,11586,2011-05-25,en,['Comedy'],3
1771,Captain America: The First Avenger,140000000,370569774,124,17.8548,7.013,23309,2011-07-22,en,"['Action', 'Adventure', 'Science Fiction']",2
11836,The SpongeBob SquarePants Movie,30000000,141067890,87,17.845,7.112,3315,2004-11-19,en,"['Adventure', 'Animation', 'Comedy', 'Family', 'Fantasy']",4
670292,The Creator,80000000,104272136,134,17.8406,7.0,4206,2023-09-27,en,"['Science Fiction', 'Action', 'Adventure']",4
934433,Scream VI,33000000,169063850,123,17.8022,6.919,3347,2023-03-08,en,"['Horror', 'Thriller', 'Crime']",4
425909,Ghostbusters: Afterlife,75000000,204445747,124,17.836,7.299,5356,2021-11-18,en,"['Fantasy', 'Comedy', 'Adventure']",4
915935,Anatomy of a Fall,6600000,36000000,151,17.8019,7.508,3506,2023-08-23,fr,"['Thriller', 'Mystery', 'Crime']",4
117263,Olympus Has Fallen,70000000,170270201,120,17.7987,6.419,7233,2013-03-20,en,"['Action', 'Thriller']",3
573435,Bad Boys: Ride or Die,100000000,404547819,116,17.7947,7.311,3486,2024-06-05,en,"['Action', 'Comedy', 'Crime']",4
605,The Matrix Revolutions,150000000,424988211,129,17.7654,6.76,11177,2003-11-05,en,"['Adventure', 'Action', 'Thriller', 'Science Fiction']",3
1246049,Dracula,52000000,42415061,130,17.7535,7.25,1508,2025-07-30,fr,"['Horror', 'Fantasy', 'Romance']",6
10545,The Hunchback of Notre Dame,100000000,325300000,91,17.7501,7.135,5494,1996-06-21,en,"['Drama', 'Animation', 'Family']",2
399579,Alita: Battle Angel,170000000,405000000,122,17.7427,7.278,10429,2019-01-31,en,"['Action', 'Science Fiction', 'Adventure']",4
400155,Hotel Transylvania 3: Summer Vacation,80000000,528600000,97,17.725,6.842,4809,2018-06-28,en,"['Animation', 'Comedy', 'Family', 'Fantasy']",3
402900,Ocean's Eight,70000000,297718711,111,17.7227,6.945,9019,2018-06-07,en,"['Crime', 'Comedy', 'Action']",4
953,Madagascar,75000000,542064525,86,17.721,6.933,12048,2005-05-25,en,"['Adventure', 'Animation', 'Comedy', 'Family']",2
5255,The Polar Express,165000000,318432432,100,17.7207,6.727,7057,2004-11-10,en,"['Adventure', 'Animation', 'Family', 'Fantasy']",5
607,Men in Black,90000000,589390539,98,17.6945,7.23,15251,1997-07-02,en,"['Action', 'Adventure', 'Comedy', 'Science Fiction']",3
146233,Prisoners,46000000,122127446,153,17.6853,8.106,13563,2013-09-19,en,"['Drama', 'Thriller', 'Crime']",3
7485,Shooter,61000000,95700000,124,17.7115,7.128,5651,2007-03-22,en,"['Drama', 'Action', 'Thriller']",3
10386,The Iron Giant,50000000,23300000,86,17.6646,7.966,6397,1999-08-06,en,"['Animation', 'Drama', 'Family', 'Science Fiction', 'Adventure']",1
1305781,Blades of the Guardians,123000000,203356793,126,17.6789,8.185,243,2026-02-17,zh,"['Action', 'Adventure']",6
13475,Star Trek,150000000,386839614,127,17.6613,7.438,10756,2009-05-06,en,"['Science Fiction', 'Action', 'Adventure']",3
1029575,The Family Plan,0,0,118,17.634,7.216,2006,2023-12-14,en,"['Action', 'Comedy', 'Adventure']",2
1585,It's a Wonderful Life,3180000,9644124,131,17.6339,8.279,5082,1946-12-20,en,"['Drama', 'Family', 'Fantasy']",1
339403,Baby Driver,34000000,226945087,113,17.6309,7.446,17253,2017-06-28,en,"['Action', 'Crime']",3
291805,Now You See Me 2,120000000,334897606,129,17.6995,6.821,11844,2016-06-02,en,"['Crime', 'Thriller']",4
1487861,Elize: Shadows of a Woman,0,0,93,17.6269,7.511,220,2026-07-22,pt,"['Thriller', 'Crime', 'Drama']",1
1064213,Anora,6000000,56286295,139,17.6209,7.075,3498,2024-10-14,en,"['Drama', 'Comedy', 'Romance']",2
4011,Beetlejuice,15000000,84554197,92,17.6167,7.368,8715,1988-03-30,en,"['Fantasy', 'Comedy']",2
338970,Tomb Raider,94000000,274650803,118,17.5606,6.363,8546,2018-03-05,en,"['Action', 'Adventure', 'Fantasy']",4
974573,Another Simple Favor,0,0,123,17.5589,5.795,563,2025-03-07,en,"['Comedy', 'Thriller', 'Mystery']",2
44912,Green Lantern,200000000,219851172,114,17.5525,5.201,7887,2011-06-14,en,"['Adventure', 'Action', 'Science Fiction']",3
534,Terminator Salvation,200000000,371353001,115,17.5461,6.104,7269,2009-05-20,en,"['Action', 'Science Fiction', 'Thriller']",7
115,The Big Lebowski,15000000,47010480,117,17.5447,7.8,12527,1998-03-06,en,"['Comedy', 'Crime']",2
49530,In Time,40000000,173900000,109,17.5322,6.97,12462,2011-10-27,en,"['Action', 'Thriller', 'Science Fiction']",2
110415,Snowpiercer,39200000,86758912,127,17.5275,6.909,10725,2013-08-01,ko,"['Action', 'Science Fiction', 'Drama']",4
956,Mission: Impossible III,150000000,398479497,126,17.5024,6.767,7883,2006-04-25,en,"['Adventure', 'Action', 'Thriller']",3
22881,The Blind Side,29000000,309231694,129,17.4921,7.66,7020,2009-11-20,en,['Drama'],2
37135,Tarzan,130000000,448200000,88,17.4262,7.407,7517,1999-06-17,en,"['Animation', 'Family', 'Adventure']",3
242582,Nightcrawler,8500000,47425835,118,17.4251,7.709,12116,2014-10-23,en,"['Crime', 'Drama', 'Thriller']",2
138103,The Expendables 3,95000000,214657577,126,17.4241,6.202,5467,2014-08-07,en,"['Action', 'Adventure', 'Thriller']",6
398978,The Irishman,159000000,968853,209,17.3931,7.569,7754,2019-11-01,en,"['Crime', 'Drama', 'History']",3
1593,Night at the Museum,110000000,574480841,108,17.3802,6.6,11242,2006-12-20,en,"['Fantasy', 'Family', 'Comedy']",5
353486,Jumanji: Welcome to the Jungle,90000000,995339117,119,17.3763,6.824,14803,2017-12-20,en,"['Adventure', 'Comedy', 'Fantasy']",3
701387,Bugonia,55000000,43500000,119,17.3456,7.288,2463,2025-10-23,en,"['Science Fiction', 'Thriller', 'Comedy']",6
257211,The Intern,35000000,194564672,121,17.3389,7.225,7523,2015-09-23,en,['Comedy'],3
27,9 Songs,1000000,1574623,70,17.3161,5.5,602,2004-07-16,en,"['Drama', 'Music', 'Romance']",1
1813,The Devil's Advocate,57000000,153000000,144,17.3072,7.482,7082,1997-10-17,en,"['Horror', 'Drama', 'Mystery']",6
6114,Bram Stoker's Dracula,40000000,215862692,128,17.2738,7.448,5944,1992-11-13,en,"['Romance', 'Horror']",3
601,E.T. the Extra-Terrestrial,10500000,797307407,115,17.273,7.518,12302,1982-06-11,en,"['Adventure', 'Science Fiction', 'Family']",2
274857,King Arthur: Legend of the Sword,175000000,149175066,126,17.262,6.561,6207,2017-05-09,en,"['Action', 'Drama', 'Fantasy']",5
22970,The Cabin in the Woods,30000000,71038838,95,17.236,6.66,8847,2012-04-12,en,"['Horror', 'Mystery', 'Comedy']",1
1248226,Playdate,0,0,93,17.2496,6.182,698,2025-11-04,en,"['Action', 'Comedy']",5
1245993,Caught Stealing,40000000,32703294,107,17.2351,6.83,1159,2025-08-26,en,"['Crime', 'Thriller', 'Comedy']",3
1895,Star Wars: Episode III - Revenge of the Sith,113000000,850000000,140,17.2216,7.476,15353,2005-05-17,en,"['Adventure', 'Action', 'Science Fiction']",1
435,The Day After Tomorrow,125000000,552639571,124,17.2148,6.567,9163,2004-05-26,en,"['Science Fiction', 'Thriller', 'Adventure']",4
9738,Fantastic Four,100000000,333535934,106,17.1981,5.812,10243,2005-06-29,en,"['Action', 'Fantasy', 'Science Fiction']",6
747,Shaun of the Dead,6000000,39396175,99,17.1862,7.547,9671,2004-04-09,en,"['Horror', 'Comedy']",2
752623,The Lost City,74000000,192907684,112,17.1813,6.434,4146,2022-03-23,en,"['Action', 'Adventure', 'Comedy']",3
1292695,They Will Kill You,20000000,19382152,94,17.1676,6.922,1160,2026-03-25,en,"['Action', 'Comedy', 'Horror', 'Thriller']",4
181533,Night at the Museum: Secret of the Tomb,127000000,363204635,98,17.1713,6.228,6352,2014-12-17,en,"['Adventure', 'Comedy', 'Fantasy', 'Family']",5
1571,Live Free or Die Hard,110000000,383531464,128,17.1667,6.644,6536,2007-06-20,en,"['Action', 'Thriller']",5
194662,Birdman or (The Unexpected Virtue of Ignorance),18000000,103215094,120,17.1648,7.436,13874,2014-10-17,en,"['Drama', 'Comedy']",5
1032823,Trap,30000000,83677281,105,17.1621,6.213,3054,2024-07-31,en,"['Crime', 'Horror', 'Thriller', 'Music']",1
755,From Dusk Till Dawn,19000000,25800000,108,17.1595,7.051,6735,1996-01-19,en,"['Horror', 'Action', 'Crime']",4
22803,Law Abiding Citizen,53000000,127900000,109,17.1573,7.396,5876,2009-10-15,en,"['Drama', 'Crime', 'Thriller']",5
1228246,Five Nights at Freddy's 2,36000000,239568877,104,17.14,6.585,1195,2025-12-03,en,"['Horror', 'Thriller']",3
813,Airplane!,3500000,83453539,88,17.1504,7.306,5289,1980-06-27,en,['Comedy'],2
337339,The Fate of the Furious,250000000,1236000000,136,17.1343,6.849,11013,2017-04-12,en,"['Action', 'Crime', 'Thriller']",3
337170,American Made,50000000,133511855,115,17.1084,6.902,5152,2017-08-18,en,"['Comedy', 'Crime', 'Drama']",6
515001,Jojo Rabbit,14000000,82468705,108,17.1124,7.973,10735,2019-10-18,en,"['Comedy', 'War', 'Drama']",4
278927,The Jungle Book,175000000,966550600,106,17.1066,6.878,8659,2016-04-07,en,"['Adventure', 'Family', 'Fantasy']",2
1138194,Heretic,10000000,51913394,111,17.1033,6.966,2925,2024-10-31,en,"['Thriller', 'Horror']",4
395834,Wind River,11000000,44998252,107,17.0894,7.441,5990,2017-08-03,en,"['Crime', 'Mystery', 'Thriller']",11
41513,The Smurfs,110000000,563749323,103,17.0811,5.754,4092,2011-07-29,en,"['Animation', 'Family', 'Adventure', 'Comedy', 'Fantasy']",3
941,Lethal Weapon,15000000,120207127,110,17.0785,7.305,5233,1987-03-06,en,"['Action', 'Thriller', 'Crime']",2
1318413,Pressure,30000000,20245995,101,17.0628,7.678,486,2026-05-28,en,"['Thriller', 'History', 'War']",3
1278,The Dreamers,15000000,15100000,115,17.0581,7.178,3178,2003-10-10,en,"['Drama', 'Romance']",7
297802,Aquaman,160000000,1152028393,143,17.0306,6.862,15248,2018-12-07,en,"['Action', 'Adventure', 'Fantasy']",3
976573,Elemental,200000000,496444308,102,17.0148,7.6,5564,2023-06-14,en,"['Animation', 'Comedy', 'Family', 'Romance']",1
379686,Space Jam: A New Legacy,150000000,163692228,115,17.0259,6.619,4303,2021-07-08,en,"['Family', 'Comedy', 'Adventure', 'Animation', 'Science Fiction']",4
9732,The Lion King II: Simba's Pride,0,0,81,17.0039,6.938,4765,1998-10-24,en,"['Adventure', 'Animation', 'Drama', 'Family', 'Romance']",1
696806,The Adam Project,116000000,0,106,16.999,6.983,5184,2022-03-11,en,"['Adventure', 'Science Fiction', 'Comedy']",3
348350,Solo: A Star Wars Story,250000000,392952373,135,17.0022,6.554,9546,2018-05-15,en,"['Science Fiction', 'Adventure', 'Action']",1
1630409,The Debt Collector,0,0,134,16.9772,7.908,141,2026-07-20,th,"['Action', 'Thriller', 'Crime']",1
310,Bruce Almighty,80000000,484592874,101,16.9653,6.7,11770,2003-05-23,en,"['Fantasy', 'Comedy']",4
884605,No Hard Feelings,45000000,83000000,103,16.9584,6.669,4072,2023-06-15,en,"['Comedy', 'Romance']",4
228165,The SpongeBob Movie: Sponge Out of Water,74000000,325186032,93,16.9598,6.1,2611,2015-01-28,en,"['Adventure', 'Animation', 'Comedy', 'Family', 'Fantasy']",5
228161,Home,135000000,368871007,94,16.9529,6.8,4331,2015-03-18,en,"['Fantasy', 'Comedy', 'Animation', 'Science Fiction', 'Family']",1
109414,This Is the End,32000000,126041322,106,16.9448,6.234,7044,2013-06-12,en,"['Action', 'Comedy']",3
11970,Hercules,85000000,252712101,93,16.9402,7.499,8133,1997-06-13,en,"['Animation', 'Family', 'Fantasy', 'Adventure', 'Comedy', 'Romance']",1
107846,Escape Plan,50000000,137328301,115,16.9345,6.719,5764,2013-10-09,en,"['Action', 'Thriller']",7
205587,The Judge,40000000,84419388,141,16.9266,7.331,4567,2014-10-08,en,['Drama'],4
2454,The Chronicles of Narnia: Prince Caspian,225000000,419665568,150,16.9159,6.638,6945,2008-05-15,en,"['Adventure', 'Family', 'Fantasy']",5
495764,Birds of Prey (and the Fantabulous Emancipation of One Harley Quinn),75000000,205537933,109,16.9133,6.863,11027,2020-02-05,en,"['Action', 'Crime']",5
1084577,Balls Up,0,0,104,16.8931,5.854,338,2026-04-15,en,"['Comedy', 'Action', 'Adventure']",3
343611,Jack Reacher: Never Go Back,60000000,162100000,118,16.8931,6.032,5508,2016-10-19,en,"['Action', 'Thriller', 'Crime']",5
1390300,Over Your Dead Body,0,2055131,105,16.8806,6.42,628,2026-03-14,en,"['Action', 'Comedy', 'Thriller']",4
4327,Charlie's Angels,92000000,264105545,98,16.8756,5.853,4653,2000-11-02,en,"['Action', 'Comedy', 'Adventure']",4
335988,Transformers: The Last Knight,217000000,605425157,154,16.8732,6.063,6910,2017-06-16,en,"['Action', 'Adventure', 'Science Fiction']",5
14161,2012,200000000,791217826,158,16.868,5.898,13073,2009-10-10,en,"['Action', 'Adventure', 'Science Fiction']",4
644,A.I. Artificial Intelligence,100000000,235926552,146,16.8669,7.1,6905,2001-06-29,en,"['Drama', 'Science Fiction', 'Adventure']",4
568124,Encanto,150000000,261292688,102,16.8568,7.565,10427,2021-10-13,en,"['Animation', 'Comedy', 'Family', 'Fantasy']",1
300671,13 Hours: The Secret Soldiers of Benghazi,50000000,69411370,144,16.836,7.3,4082,2016-01-14,en,"['War', 'History', 'Drama']",3
88,Dirty Dancing,6000000,214577242,100,16.8374,7.325,6695,1987-08-21,en,"['Drama', 'Music', 'Romance']",2
1891,The Empire Strikes Back,18000000,538400000,124,16.7973,8.393,18923,1980-05-20,en,"['Adventure', 'Action', 'Science Fiction']",1
1607,A Bronx Tale,22000000,17287898,121,16.8122,7.91,3034,1993-10-01,en,"['Drama', 'Crime']",3
7345,There Will Be Blood,25000000,77208711,158,16.8278,8.063,7749,2007-12-26,en,['Drama'],4
533533,TRON: Ares,220000000,142249983,119,16.7758,6.455,1662,2025-10-08,en,"['Science Fiction', 'Adventure', 'Action']",2
310131,The Witch,4000000,40423945,92,16.7933,7.0,7911,2016-02-19,en,"['Horror', 'Fantasy', 'Mystery']",9
840705,Blink Twice,20000000,46393906,103,16.7597,6.681,2068,2024-08-21,en,"['Mystery', 'Thriller', 'Horror']",4
251,Ghost,22000000,505000000,127,16.7565,7.248,6229,1990-07-13,en,"['Fantasy', 'Romance', 'Thriller']",2
1635,The Island,126000000,162949164,136,16.7519,6.695,6092,2005-07-21,en,"['Action', 'Thriller', 'Science Fiction']",3
137106,The Lego Movie,60000000,470759687,100,16.7555,7.432,8749,2014-02-06,en,"['Animation', 'Family', 'Adventure', 'Comedy', 'Fantasy']",7
27581,The Other Guys,100000000,170432927,107,16.7561,6.342,4720,2010-08-06,en,"['Comedy', 'Action', 'Crime']",3
645710,The Voyeurs,0,0,117,16.7211,6.531,1290,2021-08-25,en,['Thriller'],1
353081,Mission: Impossible - Fallout,178000000,824171374,147,16.7363,7.451,9419,2018-07-25,en,"['Action', 'Adventure']",4
18823,Clash of the Titans,125000000,493214993,106,16.7108,5.926,6871,2010-03-26,en,"['Adventure', 'Fantasy', 'Action']",5
1631807,The Secret Woman,0,0,119,16.6922,6.466,134,2026-08-28,da,"['Drama', 'Thriller', 'Mystery']",1
588228,The Tomorrow War,200000000,14400000,138,16.6673,7.528,4491,2021-09-03,en,"['Action', 'Science Fiction', 'Adventure']",3
1236153,Mercy,60000000,54708061,100,16.6756,7.065,1739,2026-01-19,en,"['Science Fiction', 'Thriller', 'Crime', 'Mystery']",3
8078,Alien Resurrection,70000000,162000000,109,16.6643,6.172,5789,1997-11-12,en,"['Science Fiction', 'Horror', 'Action']",2
756999,The Black Phone,16000000,161441914,103,16.6597,7.506,6128,2022-06-16,en,"['Horror', 'Thriller']",2
1317149,I Swear,3730000,15564404,121,16.6507,8.275,598,2025-09-22,en,"['Drama', 'History']",2
8835,Legally Blonde,18000000,141778365,96,16.6447,6.815,4742,2001-07-13,en,['Comedy'],2
527774,Raya and the Last Dragon,100000000,130423032,107,16.6413,7.789,7461,2021-03-03,en,"['Animation', 'Action', 'Adventure', 'Fantasy', 'Family']",1
180,Minority Report,102000000,358372926,145,16.6317,7.354,9977,2002-06-20,en,"['Science Fiction', 'Action', 'Thriller']",7
593643,The Menu,35000000,79628200,107,16.6197,7.179,6708,2022-11-17,en,"['Comedy', 'Horror']",4
290250,The Nice Guys,50000000,71261763,116,16.6125,7.137,8970,2016-05-15,en,"['Comedy', 'Crime', 'Action']",2
399566,Godzilla vs. Kong,200000000,470116094,114,16.6164,7.5,10848,2021-03-24,en,"['Action', 'Science Fiction', 'Adventure']",1
8681,Taken,25000000,226830568,94,16.6071,7.413,12445,2008-02-18,en,"['Action', 'Thriller']",5
1232546,Until Dawn,15000000,54105064,103,16.6046,6.251,1611,2025-04-23,en,"['Horror', 'Mystery']",6
17654,District 9,30000000,210888950,112,16.5933,7.478,10693,2009-08-05,en,['Science Fiction'],4
602,Independence Day,75000000,817400891,145,16.5842,6.9,10766,1996-07-02,en,"['Action', 'Adventure', 'Science Fiction']",2
30497,The Texas Chain Saw Massacre,140000,30926225,83,16.5767,7.291,3981,1974-10-11,en,['Horror'],4
50620,The Twilight Saga: Breaking Dawn - Part 2,120000000,829747654,115,16.567,6.451,9519,2012-11-13,en,"['Fantasy', 'Drama', 'Romance']",3
64690,Drive,15000000,79713640,100,16.5712,7.583,14065,2011-09-15,en,"['Drama', 'Thriller', 'Crime']",6
520763,A Quiet Place Part II,55000000,297372261,97,16.5636,7.427,7667,2021-05-21,en,"['Science Fiction', 'Thriller', 'Horror']",3
211672,Minions,74000000,1159457503,91,16.5283,6.426,11341,2015-06-17,en,"['Family', 'Animation', 'Adventure', 'Comedy']",2
580489,Venom: Let There Be Carnage,110000000,506863592,97,16.5358,6.727,11465,2021-09-30,en,"['Science Fiction', 'Action', 'Adventure']",4
281338,War for the Planet of the Apes,150000000,490719763,140,16.5271,7.225,9993,2017-07-11,en,"['Drama', 'Science Fiction', 'War']",3
937287,Challengers,55000000,94182533,132,16.5164,6.911,2876,2024-04-18,en,"['Drama', 'Romance']",4
37169,The Human Centipede (First Sequence),2000000,252207,92,16.5049,5.16,2478,2009-10-31,en,['Horror'],1
64635,Total Recall,125000000,198800000,118,16.5004,6.038,6034,2012-08-02,en,"['Action', 'Science Fiction', 'Thriller']",4
1573,Die Hard 2,70000000,240031094,124,16.4949,6.968,6617,1990-07-03,en,"['Action', 'Thriller']",3
980489,Gran Turismo,60000000,121700000,135,16.4506,7.69,3595,2023-08-09,en,"['Adventure', 'Drama', 'Action']",3
70160,The Hunger Games,75000000,694000000,142,16.4908,7.223,23785,2012-03-12,en,"['Science Fiction', 'Adventure', 'Action', 'Thriller']",2
7446,Tropic Thunder,92000000,195702811,107,16.4244,6.7,7231,2008-08-09,en,"['Action', 'Comedy', 'War']",4
76163,The Expendables 2,100000000,314975955,103,16.4127,6.356,7346,2012-08-15,en,"['Action', 'Adventure', 'Thriller']",4
393,Kill Bill: Vol. 2,30000000,152159461,136,16.4218,7.873,15493,2004-04-16,en,"['Action', 'Crime', 'Thriller']",3
153,Lost in Translation,4000000,119723856,102,16.4043,7.377,8344,2003-09-18,en,"['Drama', 'Comedy', 'Romance']",2
524434,Eternals,200000000,402064899,156,16.395,6.75,9456,2021-11-03,en,"['Science Fiction', 'Action', 'Adventure']",1
19913,(500) Days of Summer,7500000,60781545,95,16.3854,7.3,11340,2009-07-17,en,"['Comedy', 'Drama', 'Romance']",3
163,Ocean's Twelve,110000000,362744280,125,16.3805,6.567,8157,2004-12-09,en,"['Thriller', 'Crime']",4
1079091,It Ends with Us,55000000,351441044,131,16.3789,6.949,2056,2024-08-07,en,"['Drama', 'Romance']",3
10771,The Tuxedo,60000000,104400000,99,16.3508,5.74,2246,2002-09-27,en,"['Thriller', 'Action', 'Comedy', 'Science Fiction']",3
300668,Annihilation,40000000,43070915,115,16.348,6.453,9674,2018-02-22,en,"['Science Fiction', 'Horror']",4
268,Batman,35000000,411348924,126,16.3429,7.235,8842,1989-06-21,en,"['Fantasy', 'Action', 'Crime']",3
512200,Jumanji: The Next Level,125000000,801693929,123,16.3039,6.866,9634,2019-12-04,en,"['Adventure', 'Comedy', 'Fantasy']",4
396422,Annabelle: Creation,15000000,306592201,110,16.3429,6.6,6110,2017-08-03,en,['Horror'],4
10112,The Aristocats,4000000,191000000,78,16.2979,7.302,5465,1970-12-24,en,"['Animation', 'Comedy', 'Family', 'Adventure']",1
296,Terminator 3: Rise of the Machines,200000000,435000000,109,16.2925,6.2,7516,2003-07-02,en,"['Action', 'Thriller', 'Science Fiction']",4
294254,Maze Runner: The Scorch Trials,61000000,312296056,131,16.2901,6.731,11271,2015-09-09,en,"['Science Fiction', 'Action', 'Thriller', 'Adventure']",4
666277,Past Lives,12000000,28126646,106,16.2856,7.697,2489,2023-06-02,en,"['Drama', 'Romance']",4
1267,Meet the Robinsons,150000000,169332978,95,16.2835,6.951,3248,2007-03-23,en,"['Animation', 'Comedy', 'Family', 'Science Fiction', 'Adventure']",1
1226578,Longlegs,10000000,127961936,101,16.2731,6.5,2897,2024-07-10,en,"['Crime', 'Horror', 'Mystery']",5
373571,Godzilla: King of the Monsters,170000000,387300138,132,16.2661,6.682,6934,2019-05-29,en,"['Science Fiction', 'Action']",3
777443,The Electric State,320000000,0,125,16.2631,6.5,1831,2025-02-24,en,"['Action', 'Adventure', 'Science Fiction']",2
217,Indiana Jones and the Kingdom of the Crystal Skull,185000000,786636033,122,16.2628,6.026,9275,2008-05-21,en,"['Adventure', 'Action']",2
76757,Jupiter Ascending,176000000,184000000,127,16.2567,5.476,7265,2015-02-04,en,"['Science Fiction', 'Fantasy', 'Action']",4
770,Gone with the Wind,4000000,402352579,238,16.2527,7.903,4502,1939-12-15,en,"['Drama', 'War', 'Romance']",2
4256,Scary Movie 3,45000000,220673217,84,16.2434,5.98,4676,2003-10-24,en,['Comedy'],2
28178,Hachi: A Dog's Tale,16000000,46800000,93,16.209,8.004,7345,2009-06-08,en,"['Drama', 'Family']",6
614945,Voicemails for Isabelle,0,0,119,16.2245,8.312,951,2026-06-20,en,"['Romance', 'Comedy', 'Drama']",2
464052,Wonder Woman 1984,200000000,169601036,151,16.1979,6.346,9286,2020-12-16,en,"['Action', 'Adventure', 'Fantasy']",4
955,Mission: Impossible II,125000000,546388108,123,16.1714,6.139,7849,2000-05-24,en,"['Adventure', 'Action', 'Thriller']",3
1892,Return of the Jedi,32350000,572700000,132,16.1877,7.912,17372,1983-05-25,en,"['Adventure', 'Action', 'Science Fiction']",1
10555,Shark Tale,75000000,367300000,90,16.1655,6.047,6849,2004-09-20,en,"['Animation', 'Action', 'Comedy', 'Family']",1
124905,Godzilla,160000000,524978362,123,16.1645,6.4,10049,2014-05-14,en,"['Action', 'Drama', 'Science Fiction']",1
924,Dawn of the Dead,26000000,102278712,101,16.1551,7.091,4731,2004-03-19,en,"['Horror', 'Science Fiction', 'Action']",2
417384,Scary Stories to Tell in the Dark,25000000,104545505,108,16.154,6.49,2943,2019-08-08,en,"['Horror', 'Mystery']",7
1097549,Babygirl,20000000,60934894,115,16.1049,5.7,1304,2024-12-25,en,"['Romance', 'Thriller']",3
109439,The Hangover Part III,103000000,362000072,100,16.0857,6.213,9468,2013-05-23,en,['Comedy'],3
300669,Don't Breathe,9900000,158906350,89,16.0983,7.019,8178,2016-06-08,en,"['Horror', 'Thriller']",3
228967,The Interview,44000000,12342632,112,16.0794,6.181,6400,2014-12-25,en,"['Action', 'Comedy']",3
32657,Percy Jackson & the Olympians: The Lightning Thief,95000000,226497209,118,16.0484,6.213,7969,2010-02-01,en,"['Adventure', 'Fantasy', 'Family']",3
9342,The Mask of Zorro,95000000,250288523,138,16.0423,6.583,4466,1998-07-16,en,"['Action', 'Adventure']",4
13690,Open Season 2,0,8797168,76,16.0258,5.9,1346,2008-09-24,en,"['Adventure', 'Animation', 'Comedy', 'Family', 'TV Movie']",3
5503,The Fugitive,44000000,368875760,131,16.0254,7.49,4985,1993-08-06,en,"['Action', 'Thriller', 'Drama']",1
258489,The Legend of Tarzan,180000000,356743061,109,16.0196,5.924,6640,2016-06-29,en,"['Fantasy', 'Action', 'Adventure']",7
53182,300: Rise of an Empire,110000000,337580051,102,16.0126,6.122,7146,2014-03-05,en,"['Action', 'Drama', 'War']",6
280092,Insidious: Chapter 3,10000000,120453155,97,15.9981,6.3,3777,2015-05-28,en,"['Horror', 'Thriller']",2
49046,All Quiet on the Western Front,20000000,0,147,15.9892,7.74,4967,2022-10-07,de,"['War', 'Drama']",2
927,Gremlins,11000000,153083102,106,15.9862,7.146,7179,1984-06-08,en,"['Fantasy', 'Horror', 'Comedy']",2
26850,Under Suspicion,6000000,221295,99,15.9699,6.0,128,1991-09-27,en,"['Crime', 'Thriller']",4
841,Dune,40000000,31502434,136,15.9546,6.196,3561,1984-12-14,en,"['Action', 'Science Fiction', 'Adventure']",1
37724,Skyfall,200000000,1108594176,143,15.9525,7.267,16448,2012-10-24,en,"['Action', 'Adventure', 'Thriller']",3
10483,Death Race,45000000,76000000,105,15.9476,6.32,4279,2008-08-22,en,"['Action', 'Thriller', 'Science Fiction']",6
524,Casino,50000000,116112375,179,15.9428,7.999,6765,1995-11-22,en,"['Crime', 'Drama']",4
875828,Peaky Blinders: The Immortal Man,0,0,112,15.9427,7.188,1250,2026-03-05,en,"['Crime', 'Drama']",3
241259,Alice Through the Looking Glass,170000000,299457024,113,15.9399,6.568,6897,2016-05-25,en,"['Adventure', 'Family', 'Fantasy']",4
764,The Evil Dead,350000,29400000,85,15.9369,7.262,4747,1983-01-16,en,['Horror'],1
585511,Luck,0,0,105,15.9278,7.776,2129,2022-08-05,en,"['Animation', 'Adventure', 'Comedy', 'Fantasy', 'Family']",3
420817,Aladdin,183000000,1054304000,127,15.9348,7.075,10830,2019-05-22,en,"['Adventure', 'Fantasy', 'Romance', 'Family']",2
184315,Hercules,100000000,244819862,98,15.9225,5.811,4456,2014-07-23,en,"['Action', 'Adventure']",4
1630423,My Dearest Assassin,0,0,128,15.9014,8.564,306,2026-05-06,th,"['Action', 'Drama', 'Romance']",1
227159,Horrible Bosses 2,42000000,107645357,108,15.8965,6.179,4505,2014-11-12,en,['Comedy'],3
1539104,JUJUTSU KAISEN: Execution,0,44457030,88,15.9097,6.1,119,2025-11-07,ja,"['Animation', 'Action', 'Fantasy']",5
869,Planet of the Apes,100000000,362211740,120,15.8914,5.781,4569,2001-07-26,en,"['Thriller', 'Science Fiction', 'Action', 'Adventure']",2
4922,The Curious Case of Benjamin Button,150000000,335802786,166,15.88,7.602,14085,2008-12-25,en,"['Drama', 'Fantasy', 'Romance']",3
788,Mrs. Doubtfire,25000000,441286195,125,15.8827,7.196,6822,1993-11-24,en,"['Comedy', 'Drama', 'Family']",2
871,Planet of the Apes,5800000,32589624,112,15.8673,7.656,4132,1968-02-07,en,"['Science Fiction', 'Adventure', 'Drama', 'Action']",2
787699,Wonka,125000000,634502312,117,15.8527,7.034,4579,2023-12-06,en,"['Comedy', 'Family', 'Fantasy']",5
64688,21 Jump Street,42000000,201585328,109,15.8365,6.883,11309,2012-03-14,en,"['Action', 'Comedy', 'Crime']",6
9654,The Italian Job,60000000,176070171,110,15.8347,6.8,6218,2003-05-30,en,"['Action', 'Crime']",4
507241,The Killer's Game,30000000,5928351,106,15.7988,6.434,601,2024-09-12,en,"['Action', 'Comedy', 'Thriller']",8
438650,Cold Pursuit,60000000,76419755,119,15.7933,5.88,2857,2019-02-07,en,"['Crime', 'Action', 'Drama']",4
283366,Miss Peregrine's Home for Peculiar Children,110000000,296482446,127,15.7466,6.841,10643,2016-09-28,en,"['Adventure', 'Fantasy']",5
501929,The Mitchells vs. the Machines,75000000,0,110,15.7557,7.823,3516,2021-04-22,en,"['Animation', 'Adventure', 'Comedy']",4
19994,Jennifer's Body,16000000,31556061,107,15.7232,6.009,4425,2009-09-18,en,"['Horror', 'Comedy']",3
2503,The Bourne Ultimatum,70000000,442824138,115,15.7418,7.445,8633,2007-08-03,en,"['Action', 'Drama', 'Mystery', 'Thriller']",4
9286,Final Destination 3,25000000,118890272,92,15.7173,6.159,4753,2006-02-09,en,"['Horror', 'Mystery']",5
1631,A Real Young Girl,0,17245,94,15.7041,5.2,155,1976-06-01,fr,"['Romance', 'Drama']",4
967847,Ghostbusters: Frozen Empire,100000000,201967521,115,15.7002,6.425,2314,2024-03-20,en,"['Fantasy', 'Adventure', 'Comedy']",3
381288,Split,9000000,278454358,117,15.6773,7.341,18682,2017-01-19,en,"['Horror', 'Thriller']",2
11674,101 Dalmatians,54000000,320689294,103,15.6665,5.947,3734,1996-11-27,en,"['Family', 'Comedy']",3
796185,The Three Musketeers: D'Artagnan,27500000,31843086,121,15.64,6.9,1469,2023-04-05,fr,"['Adventure', 'Action', 'Drama', 'History']",7
309809,The Little Prince,64000000,101281211,106,15.661,7.6,3040,2015-07-29,en,"['Adventure', 'Animation', 'Fantasy', 'Family']",5
829560,The Next 365 Days,0,0,112,15.6176,6.4,1349,2022-08-18,pl,"['Romance', 'Drama']",2
2907,The Addams Family,30000000,191502426,100,15.6208,7.082,5209,1991-11-22,en,"['Comedy', 'Fantasy']",3
1084736,The Count of Monte Cristo,46000000,75360860,178,15.6538,7.9,2146,2024-06-28,fr,"['Adventure', 'Action', 'Drama']",7
588,Silent Hill,50000000,100605135,125,15.5833,6.648,5115,2006-04-21,en,"['Horror', 'Mystery']",3
378064,A Silent Voice: The Movie,0,30819442,129,15.5768,8.398,4706,2016-09-17,ja,"['Animation', 'Drama', 'Romance']",6
631842,Knock at the Cabin,20000000,54700000,100,15.5987,6.24,3225,2023-02-01,en,"['Horror', 'Mystery', 'Thriller']",4
620,Ghostbusters,30000000,296640120,105,15.5645,7.497,10032,1984-06-08,en,"['Comedy', 'Fantasy']",3
38700,Bad Boys for Life,90000000,426505244,124,15.553,7.105,8904,2020-01-15,en,"['Thriller', 'Action', 'Crime']",4
503919,The Lighthouse,11000000,18262464,109,15.5228,7.462,5813,2019-10-18,en,"['Drama', 'Fantasy', 'Thriller']",4
24021,The Twilight Saga: Eclipse,68000000,698491347,124,15.5521,6.186,9405,2010-06-23,en,"['Adventure', 'Fantasy', 'Drama', 'Romance']",5
141,Donnie Darko,4500000,7500000,114,15.5205,7.761,13797,2001-01-19,en,"['Fantasy', 'Drama', 'Mystery']",3
324849,The Lego Batman Movie,80000000,311950384,104,15.5243,7.261,5591,2017-02-08,en,"['Animation', 'Action', 'Comedy', 'Family']",8
602269,The Little Things,30000000,29942746,128,15.5122,6.358,2963,2021-01-28,en,"['Drama', 'Crime', 'Thriller']",2
149,Akira,5700000,56725538,124,15.5064,7.939,5042,1988-07-16,ja,"['Animation', 'Science Fiction', 'Action']",8
787,Mr. & Mrs. Smith,110000000,487287646,120,15.4861,6.696,11545,2005-06-07,en,"['Action', 'Comedy', 'Drama', 'Thriller']",5
10867,Malena,0,14493284,108,15.4972,7.567,2846,2000-10-27,it,['Drama'],4
823219,Flow,3700000,17660107,85,15.4856,8.064,3093,2024-08-29,lv,"['Adventure', 'Animation', 'Family', 'Fantasy']",5
333484,The Magnificent Seven,90000000,162400000,132,15.485,6.502,6586,2016-09-14,en,"['Adventure', 'Action', 'Western']",6
98566,Teenage Mutant Ninja Turtles,125000000,485004754,101,15.4832,5.93,7338,2014-08-07,en,"['Science Fiction', 'Action', 'Adventure', 'Comedy']",6
615453,Ne Zha,22000000,742718496,110,15.4625,7.909,971,2019-07-26,zh,"['Animation', 'Fantasy', 'Adventure']",4
1119449,"Good Luck, Have Fun, Don't Die",20000000,9755038,134,15.4738,7.109,1076,2026-02-13,en,"['Science Fiction', 'Action', 'Comedy']",4
4982,American Gangster,100000000,269755430,157,15.4529,7.594,6269,2007-11-02,en,"['Drama', 'Crime']",5
709,Licence to Kill,32000000,156167015,133,15.4733,6.438,2257,1989-06-13,en,"['Adventure', 'Action', 'Thriller']",3
1252309,Tell Me What You Want,0,2265661,114,15.437,6.1,319,2024-11-29,es,"['Romance', 'Drama']",4
1317672,Love Me Love Me,0,0,99,15.4255,6.116,327,2026-02-12,en,"['Romance', 'Drama']",3
205775,In the Heart of the Sea,100000000,93900000,122,15.436,6.791,4527,2015-12-03,en,"['Thriller', 'Drama', 'Adventure', 'Action', 'History']",9
374720,Dunkirk,150000000,549136737,107,15.4121,7.45,18040,2017-07-19,en,"['War', 'Action', 'Drama']",3
823482,Dream Scenario,10000000,14114415,102,15.4073,6.653,1463,2023-11-10,en,"['Comedy', 'Fantasy']",3
614930,Teenage Mutant Ninja Turtles: Mutant Mayhem,75000000,180513586,100,15.4073,7.2,1679,2023-07-31,en,"['Animation', 'Comedy', 'Action', 'Science Fiction']",5
72559,G.I. Joe: Retaliation,130000000,371900000,110,15.3789,5.665,5896,2013-03-27,en,"['Action', 'Science Fiction', 'Adventure', 'Thriller']",6
2502,The Bourne Supremacy,75000000,288500217,108,15.3778,7.334,8441,2004-07-23,en,"['Action', 'Drama', 'Thriller']",3
993708,The Threesome,0,1114287,112,15.4217,6.344,125,2025-09-04,en,"['Comedy', 'Romance', 'Drama']",3
744275,After We Fell,14000000,21753705,99,15.3585,6.998,2783,2021-09-01,en,"['Drama', 'Romance']",5
861,Total Recall,65000000,261317921,113,15.3719,7.329,6721,1990-06-01,en,"['Action', 'Adventure', 'Science Fiction']",2
2756,The Abyss,43000000,90000098,140,15.352,7.361,3614,1989-08-09,en,"['Adventure', 'Thriller', 'Science Fiction']",2
273481,Sicario,30000000,84997446,122,15.3453,7.43,9923,2015-09-17,en,"['Action', 'Crime', 'Thriller']",3
23398,Alvin and the Chipmunks: The Squeakquel,75000000,443140005,89,15.4084,5.657,3196,2009-12-21,en,"['Comedy', 'Family', 'Animation', 'Fantasy', 'Music']",5
35,The Simpsons Movie,75000000,527068851,87,15.3386,7.024,8751,2007-07-25,en,"['Animation', 'Comedy', 'Family']",2
268896,Pacific Rim: Uprising,150000000,290061297,111,15.3446,6.113,5518,2018-03-21,en,"['Action', 'Fantasy', 'Science Fiction', 'Adventure']",2
969492,Land of Bad,18000000,7021101,113,15.3103,7.284,1605,2024-02-09,en,"['Action', 'War', 'Thriller']",9
563,Starship Troopers,105000000,121214377,129,15.3113,7.116,5734,1997-11-07,en,"['Adventure', 'Action', 'Thriller', 'Science Fiction']",4
1470130,The Mortuary Assistant,0,1300011,91,15.3086,5.181,202,2026-02-13,en,"['Horror', 'Mystery']",4
635302,Demon Slayer -Kimetsu no Yaiba- The Movie: Mugen Train,15700000,523542183,117,15.3096,8.231,4704,2020-10-16,ja,"['Animation', 'Action', 'Fantasy']",4
1382832,Hungry,0,0,93,15.2997,6.858,299,2026-06-03,en,"['Horror', 'Thriller']",1
1083862,Resident Evil: Death Island,0,53929,91,15.3027,7.3,1149,2023-06-22,ja,"['Action', 'Animation', 'Science Fiction', 'Horror']",7
1592,Primal Fear,30000000,102616183,130,15.2967,7.661,4194,1996-04-03,en,"['Crime', 'Drama', 'Thriller']",2
19908,Zombieland,23600000,102391540,88,15.2957,7.258,13522,2009-10-02,en,"['Comedy', 'Horror']",3
136799,Trolls,125000000,347337803,92,15.2864,6.623,3915,2016-10-13,en,"['Adventure', 'Animation', 'Comedy', 'Family', 'Fantasy']",1
1040148,"Ruby Gillman, Teenage Kraken",70000000,46247409,92,15.286,7.13,1143,2023-06-28,en,"['Animation', 'Family', 'Fantasy', 'Comedy']",1
451156,Infidelity in Suburbia,0,0,120,15.2814,6.2,163,2017-02-25,en,"['Thriller', 'TV Movie']",3
152601,Her,23000000,47351251,126,15.2856,7.834,15688,2013-12-18,en,"['Romance', 'Science Fiction', 'Drama']",1
9339,Click,82500000,240685326,107,15.2764,6.313,7791,2006-06-23,en,"['Comedy', 'Drama', 'Fantasy']",4
496450,"Miraculous: Ladybug & Cat Noir, The Movie",86000000,40208268,105,15.273,7.6,986,2023-07-05,fr,"['Animation', 'Fantasy', 'Action', 'Romance', 'Family']",5
674324,The Banshees of Inisherin,20000000,49300000,114,15.2729,7.464,3573,2022-10-20,en,"['Drama', 'Comedy']",5
400160,The SpongeBob Movie: Sponge on the Run,60000000,4810790,95,15.269,7.391,3038,2020-08-14,en,"['Adventure', 'Animation', 'Comedy', 'Family', 'Fantasy']",7
12230,One Hundred and One Dalmatians,3600000,303000000,79,15.2603,7.177,6786,1961-01-25,en,"['Adventure', 'Animation', 'Comedy', 'Family']",1
43347,Love & Other Drugs,30000000,102800000,112,15.2596,7.041,5735,2010-11-22,en,"['Drama', 'Comedy', 'Romance']",6
501170,Doctor Sleep,45000000,72385286,152,15.2613,7.148,5080,2019-10-30,en,"['Horror', 'Fantasy']",3
8358,Cast Away,90000000,429632142,143,15.244,7.667,12602,2000-12-22,en,"['Adventure', 'Drama']",3
1193501,Whistle,2000000,4987632,100,15.2293,6.304,709,2026-01-20,en,"['Horror', 'Mystery']",2
10528,Sherlock Holmes,90000000,524028679,129,15.2333,7.2,15081,2009-12-23,en,"['Action', 'Adventure', 'Mystery']",5
11665,Get Smart,80000000,230685453,110,15.2244,6.22,4029,2008-06-19,en,"['Action', 'Comedy', 'Thriller']",5
561,Constantine,100000000,230900000,121,15.2064,7.212,8589,2005-02-08,en,"['Fantasy', 'Action', 'Horror']",8
965150,Aftersun,0,7834405,101,15.2012,7.649,1998,2022-10-21,en,['Drama'],6
12222,Horton Hears a Who!,85000000,298572799,86,15.2041,6.526,3633,2008-03-03,en,"['Animation', 'Comedy', 'Family', 'Adventure', 'Fantasy']",2
423204,Angel Has Fallen,40000000,146661977,122,15.1956,6.6,3999,2019-08-21,en,"['Action', 'Thriller']",4
337404,Cruella,200000000,233503234,134,15.1887,7.963,10345,2021-05-26,en,"['Comedy', 'Crime']",3
127380,Finding Dory,200000000,1029266989,97,15.1912,7.044,12876,2016-06-16,en,"['Adventure', 'Animation', 'Family']",1
8913,Pet Sematary,11500000,57500000,103,15.1795,6.657,2479,1989-04-21,en,['Horror'],1
8689,Cannibal Holocaust,100000,2000000,96,15.1471,6.266,1949,1980-02-07,it,['Horror'],4
628,Interview with the Vampire,60000000,223664608,123,15.1636,7.386,6643,1994-11-11,en,"['Horror', 'Drama', 'Fantasy']",1
11430,The Lion King 1½,0,1465,77,15.1252,6.588,3218,2004-10-28,en,"['Adventure', 'Animation', 'Comedy', 'Family']",1
991494,The SpongeBob Movie: Search for SquarePants,64000000,163197450,88,15.0918,6.8,356,2025-12-16,en,"['Adventure', 'Family', 'Animation', 'Comedy', 'Fantasy']",4
524047,Greenland,34000000,52300000,120,15.1089,7.118,5559,2020-07-29,en,"['Thriller', 'Action', 'Science Fiction']",5
76,Before Sunrise,2500000,5987386,101,15.0998,7.969,4885,1995-01-27,en,"['Drama', 'Romance']",3
280217,The Lego Movie 2: The Second Part,99000000,199603202,107,15.0873,6.646,2525,2019-02-06,en,"['Action', 'Adventure', 'Animation', 'Comedy', 'Family']",6
23483,Kick-Ass,28000000,96188903,118,15.0753,7.124,12672,2010-03-26,en,"['Action', 'Crime']",2
147441,Exodus: Gods and Kings,140000000,268031828,150,15.084,5.887,4961,2014-12-03,en,"['Adventure', 'Drama', 'Action']",6
560057,The Sea Beast,0,0,115,15.0752,7.331,1788,2022-06-24,en,"['Animation', 'Adventure', 'Action', 'Family', 'Fantasy']",1
2978,Ghostbusters II,37000000,215394738,108,15.0737,6.604,5016,1989-06-16,en,"['Comedy', 'Fantasy']",1
62213,Dark Shadows,150000000,245527149,113,15.0703,6.108,7754,2012-05-09,en,"['Comedy', 'Fantasy']",5
1111873,Abigail,28000000,43015969,109,15.0543,6.645,2249,2024-04-16,en,"['Horror', 'Thriller', 'Comedy']",4
190859,American Sniper,58800000,542300000,133,15.0184,7.407,13917,2014-12-25,en,"['War', 'Action']",6
763215,Damsel,60000000,5000,107,15.037,6.971,2943,2024-03-07,en,"['Fantasy', 'Action', 'Adventure']",3
1236470,The Lost Bus,90000000,0,130,14.9867,7.02,845,2025-09-19,en,"['Drama', 'Thriller']",3
264660,Ex Machina,15000000,36869414,108,14.9791,7.57,14637,2015-01-21,en,"['Drama', 'Science Fiction']",4
676,Pearl Harbor,140000000,449220945,183,14.968,6.934,7206,2001-05-21,en,"['Drama', 'War']",2
473033,Uncut Gems,19000000,50023780,136,14.9773,7.175,5609,2019-12-13,en,"['Drama', 'Thriller', 'Crime']",2
12092,Alice in Wonderland,3000000,57200000,75,14.9671,7.195,6407,1951-08-09,en,"['Animation', 'Family', 'Fantasy', 'Adventure']",1
657,From Russia with Love,2000000,78900000,115,14.9471,7.064,3481,1963-10-10,en,"['Action', 'Thriller', 'Adventure']",1
673593,Mean Girls,36000000,104970953,113,14.9423,5.834,773,2024-01-10,en,['Comedy'],3
9340,The Goonies,19000000,69649283,114,14.9346,7.512,6433,1985-06-07,en,"['Adventure', 'Comedy', 'Family']",2
942,Lethal Weapon 2,25000000,227853986,114,14.9244,7.0,3890,1989-07-07,en,"['Action', 'Thriller', 'Crime']",2
565770,Blue Beetle,104000000,130788072,128,14.9263,6.614,3289,2023-08-16,en,"['Action', 'Science Fiction', 'Adventure']",3
632357,The Unholy,10000000,30832137,99,14.9234,6.5,2292,2021-03-31,en,"['Horror', 'Mystery']",2
594767,Shazam! Fury of the Gods,110000000,134221819,130,14.9128,6.381,3811,2023-03-15,en,"['Comedy', 'Action', 'Fantasy']",3
754,Face/Off,80000000,245700000,139,14.9134,7.063,6149,1997-06-27,en,"['Action', 'Crime', 'Science Fiction']",3
1125257,Freakier Friday,42000000,153176952,110,14.9104,6.751,807,2025-08-06,en,"['Comedy', 'Fantasy', 'Family']",3
399402,Hunter Killer,40000000,31672678,121,14.8859,6.901,2496,2018-10-19,en,"['Action', 'Thriller']",4
287947,Shazam!,80000000,367799011,132,14.8787,6.968,10479,2019-03-29,en,"['Action', 'Comedy', 'Fantasy']",4
235,Stand by Me,8000000,52289686,89,14.8944,7.835,6773,1986-08-08,en,"['Drama', 'Adventure']",1
8656,Deep Impact,75000000,349464664,122,14.8746,6.261,3490,1998-05-08,en,"['Action', 'Drama', 'Science Fiction']",4
1114513,Speak No Evil,15000000,77239314,110,14.8721,7.088,2370,2024-09-11,en,"['Horror', 'Thriller']",1
508943,Luca,200000000,51074773,95,14.8409,7.772,9146,2021-06-17,en,"['Animation', 'Family', 'Fantasy', 'Drama', 'Comedy']",1
1242419,Roofman,18000000,34852212,126,14.8405,7.055,1063,2025-10-06,en,"['Crime', 'Comedy', 'Drama']",7
1223601,Sisu: Road to Revenge,12200000,9811703,89,14.8392,7.302,934,2025-10-21,fi,"['Action', 'War', 'Thriller']",3
4257,Scary Movie 4,40000000,178710620,83,14.8371,5.494,3755,2006-04-12,en,['Comedy'],3
9476,A Knight's Tale,65000000,117487473,133,14.8282,6.892,3523,2001-05-11,en,"['Adventure', 'Drama', 'Romance', 'Action']",4
1562,28 Weeks Later,15000000,72304846,99,14.7952,6.591,5896,2007-04-26,en,"['Horror', 'Thriller', 'Science Fiction']",7
2770,American Pie 2,30000000,287553595,111,14.7909,6.271,5479,2001-08-10,en,"['Comedy', 'Romance']",3
696393,Cold Storage,10000000,4048606,99,14.7788,6.711,802,2026-01-22,en,"['Horror', 'Science Fiction', 'Comedy']",3
157350,Divergent,85000000,288885818,140,14.7685,6.899,13762,2014-03-14,en,"['Action', 'Adventure', 'Science Fiction']",2
49047,Gravity,105000000,723192705,91,14.7626,7.172,16719,2013-10-03,en,"['Science Fiction', 'Thriller', 'Drama']",3
81774,Exploits of a Young Don Juan,0,1300000,100,14.7676,6.161,339,1986-11-04,fr,"['Comedy', 'Drama']",5
481084,The Addams Family,40000000,204394183,87,14.7456,6.608,2548,2019-10-10,en,"['Family', 'Animation', 'Comedy', 'Fantasy']",6
1315303,Primate,21000000,41235665,89,14.7326,6.462,923,2026-01-01,en,"['Horror', 'Thriller']",3
84892,The Perks of Being a Wallflower,13000000,33384127,103,14.7297,7.805,11480,2012-09-20,en,['Drama'],1
805,Rosemary's Baby,3200000,33395426,138,14.7314,7.817,4519,1968-06-12,en,"['Drama', 'Horror', 'Thriller']",2
9982,Chicken Little,150000000,314400000,81,14.7183,5.922,4275,2005-11-04,en,"['Animation', 'Family', 'Comedy']",2
10196,The Last Airbender,150000000,319713881,103,14.7169,4.637,4375,2010-06-30,en,"['Action', 'Adventure', 'Fantasy']",4
50546,Just Go with It,80000000,214945591,117,14.6977,6.705,6261,2011-02-10,en,"['Comedy', 'Romance']",2
11631,Mamma Mia!,52000000,609841637,108,14.69,6.959,7181,2008-07-03,en,"['Comedy', 'Romance']",3
7443,Chicken Run,45000000,224834564,84,14.6809,6.853,5540,2000-06-23,en,"['Animation', 'Comedy', 'Family']",5
1098006,Fountain of Youth,0,0,126,14.6858,6.237,1046,2025-05-19,en,"['Adventure', 'Fantasy', 'Mystery']",5
334541,Manchester by the Sea,9000000,79000000,138,14.6706,7.548,6596,2016-11-17,en,['Drama'],6
508883,The Boy and the Heron,50000000,294200000,124,14.6526,7.385,2838,2023-07-14,ja,"['Animation', 'Fantasy', 'Drama']",1
840430,The Holdovers,13000000,42513270,133,14.647,7.646,2702,2023-10-27,en,"['Drama', 'Comedy']",2
8871,How the Grinch Stole Christmas,123000000,345800000,105,14.6701,6.78,8480,2000-11-17,en,"['Family', 'Comedy', 'Fantasy']",3
109428,Evil Dead,17000000,99010045,91,14.628,6.667,5378,2013-04-05,en,['Horror'],3
1637,Speed,30000000,350448145,116,14.6306,7.16,7083,1994-06-09,en,"['Action', 'Thriller']",2
1242434,Highest 2 Lowest,25000000,1500000,133,14.6397,5.479,543,2025-08-14,en,"['Thriller', 'Crime', 'Drama']",6
116745,The Secret Life of Walter Mitty,90000000,188133322,114,14.6204,7.231,8505,2013-12-18,en,"['Adventure', 'Comedy', 'Drama', 'Fantasy']",8
1701,Con Air,75000000,224012234,116,14.579,6.787,4886,1997-06-05,en,"['Action', 'Thriller', 'Crime']",2
1954,The Butterfly Effect,13000000,96800000,113,14.5756,7.58,8560,2004-01-17,en,"['Science Fiction', 'Thriller']",4
1023922,MaXXXine,10000000,22057160,103,14.5695,6.262,1638,2024-07-04,en,['Horror'],3
6957,The 40 Year-Old Virgin,26000000,177400000,116,14.5678,6.432,7463,2005-08-11,en,"['Comedy', 'Romance']",2
774825,The Ice Age Adventures of Buck Wild,0,0,82,14.5614,6.5,1880,2022-01-28,en,"['Animation', 'Comedy', 'Family', 'Adventure']",2
846422,The Old Guard 2,0,0,107,14.5222,5.895,1059,2025-07-01,en,"['Action', 'Fantasy']",3
4513,30 Days of Night,30000000,80276156,113,14.5181,6.441,3186,2007-10-17,en,"['Horror', 'Thriller']",5
75612,Oblivion,120000000,286168572,124,14.5057,6.694,11872,2013-04-10,en,"['Action', 'Science Fiction', 'Adventure', 'Mystery']",6
6637,National Treasure: Book of Secrets,130000000,459200000,124,14.5191,6.383,5697,2007-12-19,en,"['Action', 'Adventure', 'Mystery']",4
64682,The Great Gatsby,105000000,351040419,143,14.5054,7.3,13209,2013-05-09,en,"['Drama', 'Romance']",5
254,King Kong,207000000,562363449,188,14.4953,6.902,8757,2005-12-12,en,"['Adventure', 'Drama', 'Action']",4
376867,Moonlight,4000000,65046687,112,14.4937,7.355,7708,2016-10-21,en,['Drama'],3
370663,Below Her Mouth,0,33673,91,14.4787,6.814,1326,2017-02-10,en,"['Drama', 'Romance']",1
565,The Ring,48000000,249348933,115,14.471,6.71,6905,2002-10-18,en,"['Horror', 'Mystery']",3
312221,Creed,37000000,173600000,133,14.4618,7.408,8152,2015-11-25,en,['Drama'],3
858024,Hamnet,35000000,107756183,125,14.4526,7.719,1655,2025-11-26,en,"['Drama', 'Romance']",4
1477317,Your Fault: London,0,0,123,14.4457,7.4,198,2026-06-17,en,"['Romance', 'Drama']",3
1387382,Hunting Season,0,0,100,14.4351,7.4,462,2025-12-05,en,"['Action', 'Drama', 'Thriller']",7
395992,Life,58000000,100541806,104,14.4282,6.5,8145,2017-03-22,en,"['Horror', 'Science Fiction', 'Mystery']",2
581,Dances with Wolves,22000000,424208848,181,14.4256,7.839,4848,1990-11-09,en,"['Adventure', 'Drama', 'Western']",3
310307,The Founder,15000000,24121245,115,14.4169,7.156,5557,2016-11-24,en,"['Drama', 'History']",5
44833,Battleship,209000000,303025485,131,14.4155,5.942,6197,2012-04-11,en,"['Thriller', 'Action', 'Adventure', 'Science Fiction']",6
399170,Logan Lucky,29000000,48453605,119,14.4003,6.735,3969,2017-08-17,en,"['Comedy', 'Crime', 'Action', 'Drama']",1
206647,Spectre,245000000,880707597,148,14.393,6.6,11514,2015-10-26,en,"['Action', 'Adventure', 'Thriller']",3
9659,Mad Max,350000,100000000,91,14.3796,6.68,5134,1979-04-12,en,"['Action', 'Thriller', 'Science Fiction']",1
13374,Ice Princess,25000000,27645491,98,14.4424,6.448,970,2005-03-17,en,"['Family', 'Drama', 'Comedy']",3
1234731,Anaconda,45000000,135148320,100,14.3644,5.802,1482,2025-12-24,en,"['Adventure', 'Comedy', 'Horror']",3
677179,Creed III,75000000,275300000,116,14.3626,7.083,2995,2023-03-01,en,"['Drama', 'Action']",4
71552,American Reunion,50000000,234989584,113,14.3462,6.324,4826,2012-04-04,en,['Comedy'],4
1292415,Beast,0,0,115,14.3411,7.545,200,2026-04-10,en,"['Action', 'Drama']",6
6844,The Ten Commandments,13000000,122700000,220,14.3398,7.8,1936,1956-10-05,en,"['Drama', 'History']",2
2123,"Me, Myself & Irene",51000000,149270999,117,14.3331,6.633,4412,2000-06-22,en,['Comedy'],2
1029955,Kinds of Kindness,15000000,16398509,164,14.3312,6.48,1369,2024-05-30,en,"['Comedy', 'Drama']",5
559907,The Green Knight,15000000,18887953,130,14.3303,6.581,2322,2021-07-29,en,"['Adventure', 'Drama', 'Fantasy']",5
54138,Star Trek Into Darkness,190000000,467381584,132,14.3179,7.321,9900,2013-05-05,en,"['Action', 'Adventure', 'Science Fiction']",3
57165,Wrath of the Titans,150000000,301970083,99,14.3164,5.775,4623,2012-03-28,en,"['Fantasy', 'Adventure', 'Action']",5
166424,Fantastic Four,120000000,167977596,100,14.3009,4.433,6561,2015-08-05,en,"['Action', 'Adventure', 'Science Fiction']",7
2109,Rush Hour,33000000,244721064,97,14.2992,7.085,5939,1998-09-18,en,"['Action', 'Comedy', 'Crime']",4
70981,Prometheus,130000000,403354469,124,14.3011,6.611,13682,2012-05-30,en,"['Science Fiction', 'Mystery', 'Horror']",4
10096,13 Going on 30,37000000,96458118,98,14.2989,6.778,5686,2004-04-13,en,"['Comedy', 'Fantasy', 'Romance']",3
348893,Boyka: Undisputed IV,0,63500000,87,14.2908,7.225,1511,2016-08-01,en,"['Action', 'Drama', 'Thriller', 'Crime']",1
615667,Ma Rainey's Black Bottom,0,0,93,14.2899,6.642,1295,2020-11-25,en,"['Drama', 'Music']",2
76203,12 Years a Slave,20000000,187000000,134,14.2867,7.928,12253,2013-10-18,en,"['Drama', 'History']",5
1372,Blood Diamond,100000000,171720398,143,14.2753,7.559,8574,2006-12-08,en,"['Drama', 'Thriller', 'Action']",7
43947,I Spit on Your Grave,2000000,572809,108,14.2703,6.51,2683,2010-06-17,en,"['Thriller', 'Crime', 'Horror']",2
901362,Trolls Band Together,95000000,210231405,91,14.2622,7.245,1035,2023-10-12,en,"['Animation', 'Family', 'Music', 'Fantasy', 'Comedy', 'Adventure']",1
427641,Rampage,120000000,428028233,107,14.2621,6.465,7753,2018-04-11,en,"['Action', 'Adventure', 'Science Fiction']",7
9631,The Negotiator,50000000,44547681,140,14.2508,7.117,2506,1998-07-29,en,"['Action', 'Crime', 'Drama', 'Thriller']",3
850165,The Iron Claw,15900000,40130232,133,14.2458,7.518,1358,2023-12-21,en,"['Drama', 'History']",4
9567,Tears of the Sun,75000000,86500000,121,14.2445,6.902,2722,2003-03-07,en,"['War', 'Action', 'Drama']",3
37094,Falling Down,25000000,40903593,113,14.235,7.399,4283,1993-02-26,en,"['Crime', 'Drama', 'Thriller']",5
856,Who Framed Roger Rabbit,50600000,351500000,104,14.2308,7.543,6369,1988-06-22,en,"['Fantasy', 'Animation', 'Comedy', 'Crime']",3
675445,PAW Patrol: The Movie,26000000,144327371,86,14.2307,7.3,1289,2021-08-09,en,"['Action', 'Adventure', 'Animation', 'Comedy', 'Family']",5
799882,The Bluff,0,0,103,14.2249,6.726,232,2026-02-17,en,"['Drama', 'Action', 'Thriller']",4
537915,After,14000000,69497587,106,14.1882,7.103,8577,2019-04-11,en,"['Drama', 'Romance']",6
96721,Rush,38000000,90200000,123,14.1874,7.745,8067,2013-09-02,en,"['Drama', 'Action']",3
1094138,Jackpot!,0,0,107,14.1872,6.345,843,2024-08-13,en,"['Comedy', 'Action']",4
1327862,Regretting You,30000000,90452948,116,14.1737,7.084,585,2025-10-22,en,"['Romance', 'Drama']",5
617653,The Last Duel,100000000,30552111,153,14.1804,7.395,4030,2021-10-13,en,"['Drama', 'History', 'Thriller']",3
1621,Trading Places,15000000,90404800,116,14.1723,7.23,3791,1983-06-07,en,['Comedy'],2
302699,Central Intelligence,50000000,216972543,107,14.1701,6.413,6511,2016-06-15,en,"['Action', 'Comedy']",5
619979,Deep Water,49000000,0,116,14.1669,5.833,1730,2022-03-17,en,"['Drama', 'Mystery', 'Thriller']",4
49040,The Bourne Legacy,130000000,276600000,135,14.1579,6.253,6298,2012-08-08,en,"['Action', 'Thriller']",4
1232449,Young Hearts,0,136344,99,14.1532,8.6,322,2024-10-26,nl,"['Drama', 'Romance']",3
14574,The Boy in the Striped Pyjamas,12500000,20416563,94,14.1462,7.818,7852,2008-05-07,en,"['Drama', 'War', 'History']",3
20504,The Book of Eli,80000000,157107755,118,14.138,6.811,6922,2010-01-14,en,"['Action', 'Thriller', 'Science Fiction']",2
9461,Enter the Dragon,850000,21531361,102,14.1357,7.415,2178,1973-08-17,en,['Action'],4
240832,Lucy,40000000,469058574,89,14.1338,6.479,17424,2014-07-25,en,"['Action', 'Science Fiction']",4
9475,Scent of a Woman,31000000,134100000,156,14.1238,7.791,4108,1992-12-23,en,['Drama'],2
1267905,The Roses,30000000,51989385,105,14.1188,6.638,791,2025-08-27,en,"['Comedy', 'Drama', 'Romance']",5
1376415,The Money Maker,0,0,128,14.1025,7.078,167,2026-01-12,fr,"['History', 'Drama', 'Crime']",5
1949,Zodiac,65000000,84785914,157,14.0986,7.532,11956,2007-03-02,en,"['Crime', 'Mystery', 'Thriller']",3
974576,Conclave,20000000,115657988,120,14.0939,7.2,3663,2024-10-25,en,"['Drama', 'Thriller']",3
75258,Secret of the Wings,0,0,75,14.0926,7.3,1425,2012-08-17,en,"['Animation', 'Family', 'Fantasy', 'Adventure']",2
11224,Cinderella,2900000,263600000,74,14.0895,7.053,7296,1950-02-22,en,"['Family', 'Fantasy', 'Animation', 'Romance']",1
41154,Men in Black 3,225000000,654213485,106,14.0853,6.549,11232,2012-05-23,en,"['Action', 'Comedy', 'Science Fiction']",5
2019,Hard Target,18000000,74189677,99,14.0801,6.516,1399,1993-04-27,en,"['Action', 'Thriller', 'Crime']",3
158015,The Purge,3000000,91266581,85,14.0653,6.244,9029,2013-05-31,en,"['Science Fiction', 'Horror', 'Thriller']",4
296524,Deepwater Horizon,110000000,121790376,107,14.0578,6.904,5064,2016-09-28,en,"['Drama', 'Action']",7
10022,The Pacifier,56000000,198636868,95,14.0563,6.092,3348,2005-03-04,en,"['Comedy', 'Family', 'Action']",2
415,Batman & Robin,125000000,238207122,125,14.0562,4.393,5573,1997-06-20,en,"['Action', 'Science Fiction', 'Adventure']",2
11247,A Cinderella Story,19000000,70067909,95,14.0485,6.593,3446,2004-07-16,en,"['Comedy', 'Family', 'Romance']",4
4108,The Transporter,21000000,43900000,92,14.0448,6.731,6030,2002-10-02,en,"['Action', 'Crime', 'Thriller']",4
7980,The Lovely Bones,65000000,93600000,136,14.0397,7.058,5093,2009-12-26,en,"['Fantasy', 'Drama']",3
948549,Love Lies Bleeding,10000000,12778225,104,14.0348,6.57,1041,2024-03-07,en,"['Crime', 'Romance', 'Thriller']",4
275,Fargo,7000000,60611975,98,14.0306,7.848,9432,1996-03-08,en,"['Crime', 'Drama', 'Thriller']",2
1071585,M3GAN 2.0,15000000,39173710,120,14.0204,7.141,1514,2025-06-25,en,"['Action', 'Science Fiction', 'Thriller']",3
10830,Matilda,36000000,33500000,98,14.0183,7.2,4975,1996-08-02,en,"['Comedy', 'Family', 'Fantasy']",2
594,The Terminal,60000000,219417255,128,14.0171,7.355,9003,2004-06-17,en,"['Comedy', 'Drama']",3
8961,Bad Boys II,130000000,273339556,146,14.0146,6.658,6140,2003-07-18,en,"['Action', 'Crime', 'Comedy']",2
238636,The Purge: Anarchy,9000000,111928365,103,14.0058,6.618,6828,2014-07-17,en,"['Horror', 'Thriller']",4
804,Roman Holiday,1500000,12000000,119,14.0047,7.885,2341,1953-08-26,en,"['Romance', 'Comedy', 'Drama']",1
621,Grease,6000000,396271103,110,14.0042,7.365,7847,1978-06-16,en,"['Romance', 'Comedy']",3
414419,Kill Bill: The Whole Bloody Affair,60000000,12338649,254,13.9934,8.1,1436,2011-03-27,en,"['Action', 'Crime', 'Drama', 'Thriller']",3
19912,The Final Destination,40000000,187384627,82,13.9929,5.6,4057,2009-08-26,en,"['Horror', 'Mystery']",4
16859,Kiki's Delivery Service,6900000,4493017,103,13.9803,7.8,4760,1989-07-29,ja,"['Animation', 'Family', 'Fantasy']",4
1933,The Others,17000000,210002906,101,13.9738,7.619,7449,2001-08-02,en,"['Horror', 'Mystery', 'Thriller']",3
4638,Hot Fuzz,12000000,80600000,121,13.9698,7.571,8643,2007-02-14,en,"['Crime', 'Action', 'Comedy']",4
257445,Goosebumps,58000000,158952243,103,13.9671,6.32,4083,2015-08-05,en,"['Adventure', 'Horror', 'Comedy']",5
316727,The Purge: Election Year,10000000,118587880,109,13.9626,6.38,5599,2016-06-29,en,"['Action', 'Horror', 'Thriller']",4
576845,Last Night in Soho,43000000,22957625,117,13.9606,7.256,4053,2021-10-09,en,"['Horror', 'Mystery', 'Thriller']",5
587807,Tom & Jerry,50000000,136536687,101,13.9544,6.715,2625,2021-02-10,en,"['Comedy', 'Family', 'Animation']",4
1102883,Mother Mary,20000000,2982197,112,13.9464,5.663,205,2026-04-16,en,"['Music', 'Drama', 'Thriller']",7
188927,Star Trek Beyond,185000000,343471816,122,13.8979,6.791,7282,2016-07-07,en,"['Action', 'Adventure', 'Science Fiction']",5
21058,Spring in a Small Town,0,0,94,13.8973,7.2,109,1948-02-01,zh,"['Drama', 'Romance']",1
311324,The Great Wall,150000000,331957105,103,13.8882,6.035,5691,2016-12-16,en,"['Action', 'Adventure', 'Fantasy']",6
1493,Miss Congeniality,45000000,212000000,110,13.8921,6.537,4364,2000-12-22,en,"['Comedy', 'Crime', 'Action']",4
708,The Living Daylights,40000000,191185897,130,13.8756,6.554,2110,1987-06-29,en,"['Action', 'Adventure', 'Thriller']",2
1147416,"Miraculous World: London, at the Edge of Time",0,0,50,13.8758,7.5,330,2024-11-14,fr,"['Animation', 'Family', 'Action', 'Adventure', 'Fantasy']",2
1089,Point Break,24000000,83531958,122,13.8729,7.151,4160,1991-07-12,en,"['Action', 'Thriller', 'Crime']",2
1272149,Bridget Jones: Mad About the Boy,50000000,140431671,124,13.8664,6.349,584,2025-02-12,en,"['Romance', 'Comedy', 'Drama']",3
1575337,Cosmic Princess Kaguya!,0,20090000,141,13.8632,8.111,117,2026-01-22,ja,"['Animation', 'Fantasy', 'Music', 'Science Fiction']",3
639,When Harry Met Sally...,16000000,92823546,96,13.8583,7.409,4765,1989-07-12,en,"['Comedy', 'Romance', 'Drama']",2
263472,Knock Knock,2500000,6341684,99,13.8525,5.39,3594,2015-06-26,en,"['Horror', 'Thriller', 'Crime']",8
1144107,The Legend of Hei 2,0,67216848,119,13.8463,8.953,150,2025-07-18,zh,"['Animation', 'Fantasy', 'Action', 'Adventure']",1
205584,Gods of Egypt,140000000,150680864,127,13.8429,5.693,4464,2016-02-25,en,"['Action', 'Adventure', 'Fantasy']",7
514847,The Hunt,14000000,12400979,90,13.8376,6.657,3834,2020-03-11,en,"['Action', 'Thriller', 'Horror']",2
1259102,Eternity,12000000,32867848,114,13.8363,7.113,871,2025-11-10,en,"['Romance', 'Comedy', 'Drama']",2
223702,Sausage Party,19000000,140705322,89,13.8341,5.748,7867,2016-07-11,en,"['Adventure', 'Animation', 'Comedy', 'Fantasy']",4
9737,Bad Boys,19000000,141407024,119,13.833,6.831,7175,1995-04-07,en,"['Action', 'Thriller', 'Crime', 'Comedy']",2
391713,Lady Bird,10000000,79000000,94,13.8203,7.2,9198,2017-09-01,en,"['Drama', 'Comedy']",3
4523,Enchanted,85000000,340487652,107,13.8229,6.9,5833,2007-11-20,en,"['Comedy', 'Family', 'Fantasy', 'Romance']",4
9693,Children of Men,76000000,70595464,109,13.8291,7.616,8154,2006-09-22,en,"['Science Fiction', 'Thriller', 'Action']",3
37136,The Naked Gun: From the Files of Police Squad!,12000000,152356177,86,13.8197,7.28,4699,1988-12-02,en,"['Comedy', 'Crime']",1
254470,Pitch Perfect 2,29000000,287144079,115,13.8147,6.841,5594,2015-05-07,en,"['Comedy', 'Music']",3
2698,Evan Almighty,175000000,174440724,96,13.8123,5.59,4677,2007-06-09,en,"['Fantasy', 'Comedy', 'Family']",5
298,Ocean's Thirteen,85000000,311312624,122,13.8125,6.733,7107,2007-06-05,en,"['Crime', 'Thriller']",4
1885,The Karate Kid,8000000,91138075,127,13.811,7.23,4897,1984-06-22,en,"['Action', 'Drama', 'Family']",3
792293,Dumb Money,30000000,20703794,105,13.8026,6.7,867,2023-09-15,en,"['History', 'Comedy', 'Drama']",3
1894,Star Wars: Episode II - Attack of the Clones,120000000,649398328,142,13.7898,6.599,14741,2002-05-15,en,"['Adventure', 'Action', 'Science Fiction']",1
1263532,Beast Race,0,0,124,13.7786,6.9,124,2026-03-17,pt,"['Action', 'Science Fiction', 'Thriller']",1
36648,Blade: Trinity,65000000,128905366,113,13.7784,5.862,4478,2004-12-08,en,"['Action', 'Horror', 'Science Fiction']",5
2268,The Golden Compass,180000000,372234864,113,13.7832,6.087,4945,2007-12-04,en,"['Adventure', 'Fantasy']",4
661539,A Complete Unknown,65000000,140508652,141,13.7781,7.06,1582,2024-12-25,en,"['Drama', 'Music']",7
393559,My Life as a Zucchini,8000000,5873256,66,13.7608,7.791,1555,2016-09-22,fr,"['Animation', 'Comedy', 'Drama']",9
45612,Source Code,32000000,147332697,93,13.7568,7.312,9445,2011-03-30,en,"['Thriller', 'Science Fiction', 'Mystery']",3
945729,A Haunting in Venice,60000000,121400000,104,13.7605,6.562,2969,2023-09-13,en,"['Mystery', 'Thriller', 'Crime']",5
36955,True Lies,115000000,378900000,141,13.754,7.104,4754,1994-07-15,en,"['Action', 'Thriller']",2
602223,The Forever Purge,18000000,76994245,103,13.7487,6.863,2739,2021-06-30,en,"['Action', 'Horror', 'Thriller']",5
1202033,Enola Holmes 3,0,0,109,13.7467,6.703,709,2026-06-30,en,"['Adventure', 'Crime', 'Mystery']",2
9335,Transporter 2,32000000,89100000,88,13.7387,6.335,4099,2005-08-03,en,"['Action', 'Thriller', 'Crime']",3
187,Sin City,40000000,158733820,124,13.733,7.462,9103,2005-04-01,en,"['Crime', 'Thriller']",3
203833,The Book Thief,19000000,76586316,131,13.7341,7.49,4594,2013-11-08,en,['Drama'],3
1214931,Nuremberg,11800000,37009109,149,13.7296,7.605,1452,2025-11-06,en,"['History', 'Drama']",5
437342,The First Omen,30000000,53992802,119,13.7265,6.792,1409,2024-04-03,en,['Horror'],2
406997,Wonder,20000000,315025930,113,13.7072,8.097,8420,2017-11-13,en,"['Family', 'Drama']",5
9919,How to Lose a Guy in 10 Days,50000000,177557758,116,13.702,6.872,4627,2003-02-07,en,"['Comedy', 'Romance']",4
11423,Memories of Murder,2800000,26000000,131,13.7047,8.063,4852,2003-04-25,ko,"['Crime', 'Drama', 'Thriller']",3
1363387,Saccharine,0,456091,113,13.697,6.883,200,2026-05-22,en,['Horror'],8
616747,Haunted Mansion,157800000,117449790,123,13.6967,6.435,1279,2023-07-26,en,"['Comedy', 'Drama', 'Fantasy']",2
37247,The Graduate,3000000,104945305,107,13.6884,7.63,3827,1967-12-21,en,"['Drama', 'Romance', 'Comedy']",3
993710,Back in Action,158900000,0,114,13.6882,6.424,1588,2025-01-15,en,"['Action', 'Comedy']",3
581726,Infinite,0,0,106,13.6838,6.6,2230,2021-09-09,en,"['Science Fiction', 'Action', 'Adventure']",5
10527,Madagascar: Escape 2 Africa,150000000,603900354,89,13.6829,6.535,7626,2008-10-30,en,"['Adventure', 'Animation', 'Comedy', 'Family']",2
232672,Blended,40000000,128000000,117,13.6675,6.899,3915,2014-05-21,en,"['Comedy', 'Romance']",3
153518,The Angry Birds Movie,73000000,349779543,97,13.6615,6.294,4143,2016-05-11,en,"['Animation', 'Adventure', 'Comedy', 'Family']",2
634492,Madame Web,80000000,100498764,117,13.6651,5.263,2723,2024-02-14,en,"['Action', 'Fantasy']",2
102651,Maleficent,180000000,758539785,97,13.6615,7.089,13953,2014-05-28,en,"['Fantasy', 'Adventure', 'Action', 'Family', 'Romance']",2
858017,I Saw the TV Glow,10000000,5407916,100,13.6534,6.2,822,2024-05-03,en,"['Drama', 'Horror']",4
585083,Hotel Transylvania: Transformania,75000000,18500000,92,13.6421,7.028,3112,2022-01-31,en,"['Animation', 'Comedy', 'Family', 'Adventure', 'Fantasy']",4
843,In the Mood for Love,3000000,15867968,99,13.6361,8.089,3395,2000-09-29,cn,"['Drama', 'Romance']",3
46195,Rio,90000000,483866772,96,13.6289,6.772,7353,2011-04-03,en,"['Animation', 'Adventure', 'Comedy', 'Family']",2
899112,Violent Night,20000000,75734910,112,13.6412,7.207,2649,2022-11-30,en,"['Action', 'Comedy', 'Fantasy']",3
68735,Warcraft,160000000,433677183,123,13.6228,6.423,7509,2016-05-25,en,"['Action', 'Adventure', 'Fantasy']",3
531428,Portrait of a Lady on Fire,5740000,9923127,121,13.615,8.1,3061,2019-09-06,fr,"['Drama', 'Romance']",3
26389,From Paris with Love,52000000,52800000,92,13.6068,6.479,2469,2010-02-04,en,"['Action', 'Crime', 'Thriller']",8
193756,Lone Survivor,40000000,149295601,121,13.5949,7.43,4894,2013-12-24,en,"['War', 'Action', 'Drama']",8
296098,Bridge of Spies,40000000,165478348,141,13.5923,7.242,7450,2015-10-15,en,"['Thriller', 'Drama']",8
881,A Few Good Men,40000000,243240178,138,13.5882,7.56,4346,1992-12-11,en,['Drama'],2
1033148,Die My Love,0,11745933,119,13.5815,6.064,658,2025-10-06,en,['Drama'],3
2024,The Patriot,110000000,215294342,165,13.5802,7.214,4504,2000-06-28,en,"['Drama', 'History', 'War', 'Action']",4
252,Willy Wonka & the Chocolate Factory,3000000,2361799,100,13.5662,7.483,4099,1971-06-29,en,"['Family', 'Fantasy', 'Comedy']",1
330459,Rogue One: A Star Wars Story,200000000,1056057273,133,13.5599,7.51,16812,2016-12-14,en,"['Action', 'Adventure', 'Science Fiction']",1
13053,Bolt,150000000,309979994,98,13.6085,6.6,6661,2008-11-21,en,"['Animation', 'Family', 'Adventure', 'Comedy']",2
268531,Captain Underpants: The First Epic Movie,38000000,125427681,89,13.5524,6.305,1390,2017-06-01,en,"['Family', 'Comedy', 'Animation', 'Science Fiction']",2
391,A Fistful of Dollars,200000,14500000,99,13.5476,7.824,4895,1964-09-12,it,['Western'],4
1330021,Remarkably Bright Creatures,0,0,114,13.5413,8.401,941,2026-05-07,en,"['Drama', 'Mystery']",2
34544,The A-Team,110000000,177238796,117,13.5291,6.42,5141,2010-06-09,en,"['Action', 'Comedy', 'Crime']",8
308531,Teenage Mutant Ninja Turtles: Out of the Shadows,135000000,245623848,112,13.5212,6.061,3898,2016-05-30,en,"['Action', 'Adventure', 'Comedy', 'Family', 'Science Fiction']",5
440021,Happy Death Day,4800000,125479266,97,13.5204,6.66,6721,2017-10-12,en,"['Comedy', 'Horror', 'Mystery']",4
776503,CODA,10000000,1905058,112,13.5186,7.879,2730,2021-08-13,en,"['Drama', 'Music', 'Romance']",3
27582,The Mechanic,40000000,51070807,93,13.5169,6.547,3733,2011-01-13,en,"['Action', 'Thriller', 'Crime']",4
61979,Three Steps Above Heaven,0,0,122,13.5117,7.738,3283,2010-12-03,es,"['Romance', 'Drama']",4
7512,Idiocracy,2400000,495303,85,13.5087,6.387,3832,2006-09-01,en,"['Comedy', 'Science Fiction', 'Adventure', 'Thriller']",2
401981,Red Sparrow,69000000,151572634,140,13.4851,6.532,6495,2018-02-28,en,"['Thriller', 'Mystery']",3
2758,Addams Family Values,47000000,48919043,94,13.4805,6.99,3426,1993-11-19,en,"['Comedy', 'Family', 'Fantasy']",2
13186,Wrong Turn 2: Dead End,4000000,0,97,13.4749,6.182,1623,2007-08-25,en,"['Horror', 'Thriller']",3
3981,What Women Want,70000000,374100000,127,13.4663,6.452,4557,2000-12-15,en,"['Comedy', 'Romance']",3
37834,Knight and Day,117000000,261989769,109,13.4649,6.241,5054,2010-06-15,en,"['Action', 'Comedy']",6
766507,Prey,65000000,0,100,13.4556,7.646,8027,2022-08-05,en,"['Thriller', 'Action', 'Science Fiction']",3
359940,"Three Billboards Outside Ebbing, Missouri",15000000,162729321,115,13.4537,8.052,11231,2017-12-01,en,"['Crime', 'Drama']",4
4478,Indecent Proposal,38000000,266614059,117,13.4472,6.41,1677,1993-04-07,en,"['Romance', 'Drama']",1
82675,Taken 2,45000000,376100000,91,13.4422,6.372,7292,2012-09-27,en,"['Action', 'Crime', 'Thriller']",7
82507,Sinister,3000000,82515113,110,13.4461,6.874,6252,2012-10-04,en,"['Horror', 'Thriller', 'Mystery']",5
9325,The Jungle Book,4000000,378000000,78,13.4414,7.287,6792,1967-10-18,en,"['Family', 'Animation', 'Adventure']",1
853,Enemy at the Gates,68000000,96976270,131,13.4248,7.426,4202,2001-02-28,en,"['War', 'History']",9
336843,Maze Runner: The Death Cure,62000000,288418190,143,13.4146,7.077,8595,2018-01-10,en,"['Science Fiction', 'Action', 'Adventure', 'Thriller']",5
1700,Misery,20000000,61300000,107,13.409,7.753,5442,1990-11-30,en,"['Drama', 'Thriller']",2
1290159,A House of Dynamite,0,181125,112,13.3892,6.399,1411,2025-10-02,en,"['Thriller', 'Drama']",3
187017,22 Jump Street,50000000,331333876,112,13.3772,6.826,8759,2014-06-05,en,"['Crime', 'Comedy', 'Action']",7
55,Amores Perros,2000000,20908467,154,13.3659,7.646,3019,2000-06-16,es,"['Drama', 'Thriller']",2
11932,Bride of Chucky,25000000,50688658,89,13.3754,6.139,2171,1998-10-15,en,"['Horror', 'Comedy']",3
1927,Hulk,137000000,245360480,138,13.3633,5.604,6482,2003-06-19,en,"['Science Fiction', 'Adventure', 'Action', 'Drama']",4
395991,Only the Brave,38000000,25754775,133,13.3644,7.484,1963,2017-09-22,en,"['Drama', 'History']",3
839033,The Lord of the Rings: The War of the Rohirrim,30000000,20658572,134,13.361,6.499,954,2024-12-05,en,"['Animation', 'Fantasy', 'Adventure', 'Action']",6
319,True Romance,12500000,12600000,119,13.3604,7.537,3196,1993-09-09,en,"['Action', 'Crime', 'Romance']",4
23168,The Town,37000000,154026136,125,13.3526,7.225,5859,2010-09-15,en,"['Crime', 'Drama', 'Thriller']",4
227973,The Peanuts Movie,99000000,246233113,88,13.3311,6.99,1847,2015-11-05,en,"['Animation', 'Comedy', 'Family']",5
4564,Sex and the City,65000000,418800000,146,13.3243,6.5,2325,2008-05-12,en,"['Comedy', 'Drama', 'Romance']",3
9392,The Descent,3500000,57130027,100,13.3177,7.0,4605,2005-07-08,en,"['Adventure', 'Horror']",3
324544,In the Lost Lands,55000000,4755330,101,13.3159,6.342,894,2025-02-27,en,"['Action', 'Fantasy', 'Western', 'Adventure', 'Horror']",2
848326,Rebel Moon - Part One: A Child of Fire,83000000,0,134,13.314,6.214,2718,2023-12-15,en,"['Science Fiction', 'Action', 'Adventure']",2
10997,Farewell My Concubine,4000000,6400000,171,13.3081,7.9,711,1993-01-01,zh,['Drama'],3
1624,Liar Liar,45000000,302710615,86,13.3067,6.719,6438,1997-03-21,en,"['Comedy', 'Fantasy']",2
7340,Carrie,1800000,33800000,98,13.3015,7.341,4463,1976-11-03,en,"['Horror', 'Thriller']",1
725201,The Gray Man,200000000,454023,128,13.2974,6.901,4486,2022-07-13,en,"['Action', 'Thriller']",2
791177,Bones and All,16000000,15234907,131,13.296,7.0,1714,2022-11-18,en,"['Horror', 'Romance', 'Drama']",7
14001,Dead Silence,20000000,22382047,89,13.2949,6.5,2523,2007-03-16,en,['Horror'],3
1287141,Pillion,1000000,6644994,107,13.2934,6.488,340,2025-11-28,en,"['Romance', 'Drama', 'Comedy']",5
80274,Ender's Game,110000000,125537191,114,13.2867,6.597,6444,2013-10-24,en,"['Science Fiction', 'Action', 'Adventure']",5
404368,Ralph Breaks the Internet,175000000,529323962,112,13.2799,7.151,8299,2018-11-20,en,"['Animation', 'Comedy', 'Adventure', 'Science Fiction', 'Family']",1
938,For a Few Dollars More,600000,15000000,132,13.2688,8.029,4634,1965-12-18,it,['Western'],4
8963,Crimson Tide,53000000,157387195,116,13.2615,7.189,2081,1995-05-12,en,"['Thriller', 'Action', 'Drama', 'War']",2
50544,Friends with Benefits,35000000,149500000,109,13.2604,6.64,8531,2011-07-21,en,"['Romance', 'Comedy']",2
379149,The Foreigner,35000000,145374099,114,13.2515,6.982,3047,2017-09-28,en,"['Action', 'Thriller', 'Crime']",8
1290417,Thrash,0,0,84,13.2494,6.169,839,2026-04-09,en,"['Horror', 'Thriller']",2
341013,Atomic Blonde,30000000,100014025,115,13.2311,6.444,6799,2017-07-26,en,"['Action', 'Thriller']",7
204082,Homefront,22000000,51695362,100,13.2281,6.948,3976,2013-11-12,en,"['Action', 'Thriller']",3
80278,The Impossible,45000000,198100000,113,13.2263,7.379,6871,2012-09-09,en,"['Drama', 'Thriller', 'History']",5
388,Inside Man,45000000,186003591,129,13.2201,7.409,6593,2006-03-17,en,"['Crime', 'Drama', 'Thriller']",3
1083433,I Know What You Did Last Summer,18000000,64808120,111,13.2174,5.596,890,2025-07-16,en,"['Horror', 'Thriller', 'Mystery']",4
375262,The Favourite,15000000,95918706,120,13.21,7.479,6068,2018-11-23,en,"['History', 'Comedy', 'Drama']",7
570670,The Invisible Man,7000000,144492724,124,13.2044,7.084,6489,2020-02-26,en,"['Thriller', 'Science Fiction', 'Horror']",3
1242265,Fuze,45000000,2890908,96,13.2137,7.165,426,2026-03-23,en,"['Action', 'Crime', 'Thriller']",3
262500,Insurgent,110000000,297002527,119,13.1941,6.36,10621,2015-03-18,en,"['Action', 'Science Fiction', 'Thriller']",3
804150,Cocaine Bear,32500000,88314672,95,13.1935,5.987,2549,2023-02-22,en,"['Thriller', 'Comedy', 'Crime']",4
365177,Borderlands,115000000,33017367,101,13.1915,5.5,1589,2024-08-07,en,"['Action', 'Science Fiction', 'Comedy']",6
739405,Operation Fortune: Ruse de Guerre,50000000,48983306,114,13.1855,6.465,2075,2023-01-04,en,"['Action', 'Comedy', 'Thriller', 'Adventure']",3
322,Mystic River,25000000,156800000,138,13.1828,7.743,7726,2003-10-08,en,"['Thriller', 'Drama', 'Mystery', 'Crime']",4
9798,Enemy of the State,90000000,250649836,132,13.1795,7.082,4445,1998-11-20,en,"['Action', 'Drama', 'Thriller']",3
881211,Snoopy Presents: For Auld Lang Syne,0,0,38,13.1785,7.2,109,2021-12-09,en,"['Animation', 'Family', 'Comedy']",2
1991,Death Proof,25000000,31126421,113,13.1775,6.839,5823,2007-05-22,en,"['Action', 'Thriller']",3
956842,Fly Me to the Moon,100000000,42260534,132,13.159,6.797,1236,2024-07-10,en,"['Romance', 'Comedy']",3
338766,Hell or High Water,12000000,37600000,102,13.1644,7.306,5021,2016-08-11,en,"['Western', 'Crime', 'Drama']",8
2832,Identity,28000000,90259536,90,13.1585,7.18,4565,2003-04-25,en,"['Mystery', 'Thriller']",2
37710,The Tourist,100000000,278731369,103,13.1567,6.2,5878,2010-12-08,en,"['Action', 'Thriller', 'Romance']",5
814889,Never Let Go,20000000,21760713,101,13.1563,6.097,688,2024-09-18,en,['Horror'],3
448119,Dolittle,175000000,251410631,101,13.1516,6.568,3964,2020-01-02,en,"['Family', 'Comedy', 'Fantasy', 'Adventure']",4
196,Back to the Future Part III,40000000,245077583,119,13.1446,7.495,11875,1990-05-25,en,"['Adventure', 'Comedy', 'Science Fiction']",2
170687,The Boxtrolls,60000000,108255770,97,13.1422,6.7,1866,2014-09-10,en,"['Animation', 'Comedy', 'Family', 'Fantasy']",1
49520,The Change-Up,52000000,75500000,112,13.1409,6.157,3067,2011-08-05,en,['Comedy'],4
8848,The Bank Job,20000000,64828421,112,13.1374,6.855,2726,2008-02-28,en,"['Thriller', 'Crime', 'Drama']",6
1271,300,65000000,456082343,117,13.1176,7.209,15132,2007-03-07,en,"['Action', 'Adventure', 'War']",5
36643,The World Is Not Enough,135000000,361832400,128,13.1237,6.289,3388,1999-11-17,en,"['Adventure', 'Action', 'Thriller']",1
9100,The Craft,15000000,24800000,101,13.1111,6.8,2136,1996-05-03,en,"['Horror', 'Drama', 'Fantasy']",2
44115,127 Hours,18000000,35700000,94,13.0992,7.091,8319,2010-11-12,en,"['Adventure', 'Drama', 'Thriller']",10
4476,Legends of the Fall,30000000,160638883,133,13.0933,7.393,2960,1994-12-23,en,"['Drama', 'Western', 'Romance', 'War']",3
15789,A Goofy Movie,18000000,35348597,78,13.0861,7.041,1975,1995-04-05,en,"['Adventure', 'Comedy', 'Romance', 'Animation', 'Family']",6
9714,Home Alone 3,32000000,79082515,102,13.0827,5.28,3380,1997-12-12,en,"['Comedy', 'Family']",2
624860,The Matrix Resurrections,190000000,156497322,148,13.0799,6.3,6755,2021-12-16,en,"['Science Fiction', 'Action', 'Adventure']",3
286565,Paper Towns,12000000,85500000,109,13.0762,6.155,5242,2015-06-18,en,"['Mystery', 'Drama', 'Romance']",2
9739,Demolition Man,57000000,159055768,115,13.0749,6.775,4291,1993-10-08,en,"['Crime', 'Action', 'Science Fiction']",2
2649,The Game,50000000,109423648,129,13.0713,7.577,7619,1997-09-12,en,"['Drama', 'Thriller', 'Mystery']",2
11778,The Deer Hunter,15000000,49000000,183,13.0682,7.957,4407,1978-12-08,en,"['Drama', 'War']",2
9509,Man on Fire,70000000,130300000,146,13.0638,7.467,5925,2004-04-23,en,"['Action', 'Drama', 'Thriller']",7
858,Sleepless in Seattle,21000000,227799884,105,13.0625,6.743,2706,1993-06-24,en,"['Comedy', 'Drama', 'Romance']",1
484247,A Simple Favor,20000000,97644617,117,13.0599,6.636,4709,2018-09-13,en,"['Thriller', 'Comedy', 'Mystery']",2
338967,Zombieland: Double Tap,42000000,122810399,99,13.0585,6.9,6452,2019-10-09,en,['Comedy'],3
339846,Baywatch,69000000,177900000,116,13.0499,6.076,8641,2017-05-25,en,"['Comedy', 'Action', 'Crime']",7
36647,Blade,45000000,131183530,121,13.045,6.9,7002,1998-08-21,en,"['Horror', 'Action']",3
10764,Quantum of Solace,200000000,589593688,106,13.0422,6.346,8785,2008-10-29,en,"['Adventure', 'Action', 'Thriller']",4
819,Sleepers,44000000,165600000,147,13.042,7.6,4060,1996-10-18,en,"['Crime', 'Drama', 'Thriller']",2
451048,Jungle Cruise,200000000,220889446,127,13.0256,7.269,6329,2021-07-28,en,"['Fantasy', 'Comedy', 'Adventure']",4
394117,The Florida Project,2000000,11303040,112,13.0382,7.422,3204,2017-10-06,en,['Drama'],3
503736,Army of the Dead,90000000,190700000,148,13.0073,6.185,4556,2021-05-14,en,"['Crime', 'Action', 'Horror']",1
531219,Roald Dahl's The Witches,0,29303571,104,13.0176,6.341,3058,2020-10-26,en,"['Comedy', 'Fantasy', 'Family', 'Horror']",5
18912,Angst,472000,0,75,13.0038,7.064,447,1983-01-01,de,"['Thriller', 'Crime', 'Horror']",1
346910,The Predator,88000000,160542134,107,13.0012,5.617,5294,2018-09-05,en,"['Science Fiction', 'Action', 'Thriller']",3
346672,Underworld: Blood Wars,35000000,81093313,91,12.9813,5.925,4031,2016-11-24,en,"['Fantasy', 'Action', 'Thriller', 'Horror']",3
527641,Five Feet Apart,7000000,92600000,116,12.9798,8.213,5994,2019-03-14,en,"['Romance', 'Drama']",2
95,Armageddon,140000000,553799566,151,12.977,6.834,8871,1998-07-01,en,"['Action', 'Science Fiction', 'Adventure']",3
994108,All of Us Strangers,5000000,14864960,105,12.9764,7.389,1103,2023-12-22,en,"['Romance', 'Drama', 'Fantasy']",4
9792,The Hills Have Eyes,15000000,69623713,107,12.9738,6.491,3491,2006-03-10,en,"['Horror', 'Thriller']",4
995133,"The Boy, the Mole, the Fox and the Horse",0,0,35,12.9726,8.195,777,2022-12-25,en,"['Animation', 'Family', 'Drama', 'Adventure']",3
403119,47 Meters Down,5500000,62198461,89,12.9644,5.8,2915,2017-05-25,en,"['Horror', 'Thriller']",8
916224,Suzume,13000000,314992206,122,12.9567,7.892,1863,2022-11-11,ja,"['Animation', 'Drama', 'Adventure', 'Fantasy']",8
1284120,The Ugly Stepsister,4250000,5325096,109,12.9481,7.334,1344,2025-03-07,no,"['Horror', 'Comedy', 'Drama']",7
239,Some Like It Hot,2900000,25000000,123,12.9441,8.1,4009,1959-03-19,en,"['Comedy', 'Romance', 'Crime']",1
49529,John Carter,263700000,284100000,132,12.9274,6.385,6309,2012-03-07,en,"['Action', 'Adventure', 'Science Fiction']",1
4584,Sense and Sensibility,16000000,134582776,136,12.926,7.412,1900,1995-12-13,en,"['Drama', 'Romance']",2
766,Army of Darkness,11000000,21502976,89,12.9236,7.258,3699,1992-10-31,en,"['Fantasy', 'Horror', 'Comedy']",3
8810,Mad Max 2,2000000,24600832,96,12.9203,7.389,4335,1981-12-24,en,"['Action', 'Thriller', 'Science Fiction']",1
137116,Smurfs: The Lost Village,60000000,197183546,89,12.917,6.364,1596,2017-03-23,en,"['Family', 'Comedy', 'Adventure', 'Animation']",5
55779,Final Destination 5,40000000,157887643,91,12.9167,6.157,4246,2011-08-12,en,"['Horror', 'Mystery']",3
11321,Seven Pounds,55000000,168167691,123,12.9128,7.601,7404,2008-12-18,en,['Drama'],4
28528,The Harder They Fall,0,1350000,109,12.9071,7.158,161,1956-05-08,en,['Drama'],1
935,Dr. Strangelove or: How I Learned to Stop Worrying and Love the Bomb,1800000,9500000,95,12.9034,8.119,6356,1964-01-29,en,"['Comedy', 'War']",2
522938,Rambo: Last Blood,50000000,91500000,89,12.9029,6.538,4357,2019-09-18,en,"['Action', 'Thriller', 'Drama']",5
356305,Why Him?,38000000,118102725,111,12.8988,6.4,4493,2016-12-22,en,['Comedy'],5
610253,Halloween Kills,20000000,133423964,105,12.8974,6.399,3007,2021-10-14,en,['Horror'],4
158852,Tomorrowland,190000000,209200000,130,12.8958,6.312,7525,2015-05-19,en,"['Adventure', 'Family', 'Mystery', 'Science Fiction']",2
57214,Project X,12000000,102731865,88,12.8939,6.927,7070,2012-03-01,en,['Comedy'],2
375588,Robin Hood,100000000,86493046,116,12.8684,5.907,3228,2018-11-03,en,"['Adventure', 'Action', 'Thriller', 'Fantasy']",7
5915,Into the Wild,15000000,56255142,148,12.858,7.794,10373,2007-09-21,en,"['Adventure', 'Drama']",5
1924,Superman,55000000,300478449,144,12.8558,7.168,4448,1978-12-14,en,"['Science Fiction', 'Action', 'Adventure']",3
157433,Pet Sematary,21000000,113118226,101,12.8505,5.736,3517,2019-04-04,en,['Horror'],3
5203,Wild Orchid,7000000,11060485,105,12.8544,5.269,308,1989-12-22,en,"['Drama', 'Romance']",1
947,Lawrence of Arabia,15000000,70000000,228,12.8501,7.999,3603,1962-12-11,en,"['Adventure', 'History', 'War']",1
307081,Southpaw,30000000,91709827,123,12.8472,7.361,5953,2015-07-22,en,"['Action', 'Drama']",5
346648,Paddington 2,40000000,290132513,104,12.8384,7.485,2915,2017-11-05,en,"['Adventure', 'Comedy', 'Family']",3
1241983,Train Dreams,10000000,0,102,12.8315,7.315,1204,2025-11-05,en,['Drama'],2
100042,Dumb and Dumber To,40000000,169837010,110,12.8282,5.561,3518,2014-11-12,en,['Comedy'],3
9273,Ace Ventura: When Nature Calls,30000000,212385533,90,12.8239,6.346,4728,1995-11-10,en,"['Crime', 'Comedy', 'Adventure']",1
4614,The Sum of All Fears,68000000,193921372,124,12.8271,6.379,2052,2002-05-31,en,"['Thriller', 'Action', 'Drama']",2
1308767,Young Washington,20000000,47149250,121,12.8231,7.803,127,2026-07-02,en,"['History', 'War', 'Drama']",7
136797,Need for Speed,66000000,203277636,132,12.807,6.454,4841,2014-03-12,en,"['Action', 'Crime', 'Drama', 'Thriller']",6
11130,The Princess Diaries 2: Royal Engagement,40000000,134734481,113,12.8126,6.719,3477,2004-08-06,en,"['Comedy', 'Drama', 'Family', 'Romance']",2
1577,Resident Evil: Apocalypse,45000000,129342769,94,12.8057,6.374,4968,2004-09-10,en,"['Horror', 'Action', 'Science Fiction']",3
333371,10 Cloverfield Lane,15000000,110216998,104,12.8006,7.011,8970,2016-03-10,en,"['Thriller', 'Science Fiction', 'Drama', 'Horror']",1
1241436,Warfare,20000000,34902602,95,12.7895,7.053,1641,2025-04-09,en,"['War', 'Action']",2
1645,A Time to Kill,40000000,152266007,149,12.794,7.392,3111,1996-07-24,en,"['Crime', 'Drama', 'Thriller']",2
5689,The Blue Lagoon,4500000,58853106,104,12.7839,6.135,2098,1980-07-05,en,"['Adventure', 'Drama', 'Romance']",1
713364,Clown in a Cornfield,1000000,13850731,96,12.7823,6.085,627,2025-05-02,en,"['Horror', 'Mystery', 'Thriller']",8
481848,The Call of the Wild,109000000,111200000,100,12.7795,7.504,4024,2020-02-19,en,"['Adventure', 'Family', 'Drama']",3
9470,Kung Fu Hustle,20000000,102034104,99,12.7776,7.518,3356,2004-02-10,cn,"['Action', 'Comedy', 'Crime', 'Fantasy']",5
201085,Crimson Peak,55000000,74700000,119,12.7736,6.661,5367,2015-10-13,en,"['Horror', 'Mystery', 'Romance', 'Drama', 'Thriller']",2
7451,xXx,70000000,277448382,124,12.7732,5.989,5046,2002-08-09,en,"['Action', 'Adventure', 'Thriller', 'Crime', 'Drama']",1
978,Seven Years in Tibet,70000000,131457682,136,12.771,7.165,3219,1997-09-12,en,"['Adventure', 'Drama', 'History']",4
81005,Jack the Giant Slayer,195000000,197700000,114,12.7704,5.915,5372,2013-02-27,en,"['Fantasy', 'Action', 'Adventure']",6
10398,Double Jeopardy,70000000,177841558,105,12.7687,6.638,1561,1999-09-24,en,"['Thriller', 'Crime', 'Mystery']",2
392044,Murder on the Orient Express,55000000,352800000,114,12.766,6.705,10761,2017-11-03,en,"['Mystery', 'Drama', 'Crime']",4
10693,Peter Pan,4000000,87400000,77,12.7638,7.191,5851,1953-02-05,en,"['Animation', 'Family', 'Adventure', 'Fantasy']",1
4588,"Lust, Caution",15000000,67100000,158,12.7538,7.283,848,2007-09-24,zh,"['Action', 'Drama', 'Romance', 'Thriller']",6
431693,Spies in Disguise,100000000,171616764,102,12.753,7.545,3057,2019-12-04,en,"['Animation', 'Action', 'Adventure', 'Comedy', 'Family']",3
966,The Magnificent Seven,2000000,19500000,128,12.75,7.496,2064,1960-10-12,en,['Western'],2
228326,The Book of Life,50000000,97437106,95,12.7442,7.54,3019,2014-10-01,en,"['Animation', 'Family', 'Fantasy']",3
440,Aliens vs Predator: Requiem,40000000,130290885,94,12.7356,5.159,3455,2007-12-25,en,"['Action', 'Science Fiction', 'Thriller', 'Horror']",4
649609,Renfield,65000000,26493921,93,12.7389,6.434,2263,2023-04-07,en,"['Comedy', 'Fantasy', 'Horror']",3
1632181,Accidental Partners,0,0,110,12.7331,8.844,392,2026-03-12,es,"['Comedy', 'Romance']",3
1086747,The Watchers,30000000,51147812,102,12.7328,6.3,1739,2024-06-06,en,"['Fantasy', 'Horror', 'Mystery']",3
426543,The Nutcracker and the Four Realms,120000000,173961069,99,12.7265,6.078,2271,2018-10-26,en,"['Family', 'Fantasy', 'Adventure']",2
14411,Sinbad: Legend of the Seven Seas,60000000,80767884,86,12.7322,7.067,2302,2003-07-02,en,"['Action', 'Adventure', 'Animation', 'Family', 'Fantasy']",2
820525,After Everything,14000000,10644463,93,12.716,6.891,1021,2023-09-13,en,"['Romance', 'Drama']",2
458576,Monster Hunter,60000000,42145959,103,12.7143,6.51,3673,2020-12-03,en,"['Action', 'Fantasy', 'Adventure']",5
762504,Nope,68000000,171932082,130,12.7128,6.829,5221,2022-07-20,en,"['Horror', 'Science Fiction', 'Thriller']",2
109451,Cloudy with a Chance of Meatballs 2,78000000,248384621,95,12.7116,6.458,3585,2013-09-26,en,"['Animation', 'Family', 'Comedy']",2
707,A View to a Kill,30000000,152427960,131,12.7045,6.258,2287,1985-05-24,en,"['Adventure', 'Action', 'Thriller']",3
10501,The Road to El Dorado,95000000,76400000,90,12.7051,7.304,4236,2000-03-31,en,"['Family', 'Adventure', 'Animation', 'Comedy', 'Fantasy']",2
467244,The Zone of Interest,15000000,52631884,105,12.7005,7.006,2773,2023-12-15,en,"['Drama', 'History', 'War']",5
51876,Limitless,27000000,161900000,106,12.6962,7.205,11785,2011-03-17,en,"['Thriller', 'Mystery', 'Science Fiction']",6
258509,Alvin and the Chipmunks: The Road Chip,90000000,233755553,92,12.6855,6.0,1801,2015-12-17,en,"['Family', 'Comedy', 'Adventure', 'Animation']",5
1265063,After the Hunt,70000000,9426825,139,12.6176,5.672,531,2025-10-09,en,['Drama'],4
222935,The Fault in Our Stars,14000000,307166834,126,12.6777,7.588,11718,2014-06-03,en,"['Romance', 'Drama']",3
13885,Sweeney Todd: The Demon Barber of Fleet Street,50000000,153384272,116,11.9675,7.176,6506,2007-12-21,en,"['Drama', 'Horror']",5
247,The Killing,320000,0,85,11.4576,7.64,1774,1956-06-06,en,"['Crime', 'Thriller', 'Drama']",2
682507,Where the Crawdads Sing,24000000,144353965,126,12.3483,7.506,2404,2022-07-14,en,"['Drama', 'Mystery', 'Romance']",3
4442,The Brothers Grimm,88000000,105300000,118,11.6031,5.9,3058,2005-08-26,en,"['Adventure', 'Fantasy', 'Action', 'Comedy', 'Thriller']",7
762975,Purple Hearts,0,0,122,12.6198,8.0,2953,2022-07-29,en,"['Romance', 'Drama']",3
70,Million Dollar Baby,30000000,216763646,132,12.1515,7.953,10624,2004-12-05,en,['Drama'],5
364689,Ferdinand,111000000,295038508,108,12.3327,7.209,3169,2017-12-09,en,"['Animation', 'Family', 'Adventure', 'Comedy']",2
449562,The Hustle,21000000,97400000,94,11.7195,6.193,2759,2019-05-09,en,"['Comedy', 'Crime']",5
1367642,Reminders of Him,30000000,89039780,114,12.5133,7.813,427,2026-03-11,en,"['Romance', 'Drama']",3
278924,Mechanic: Resurrection,40000000,125729635,99,12.4286,6.074,3771,2016-08-25,en,"['Action', 'Crime', 'Thriller', 'Adventure']",6
840,Close Encounters of the Third Kind,20000000,306889114,137,12.6091,7.356,4866,1977-12-14,en,"['Science Fiction', 'Drama']",3
639988,No Other Choice,12200000,40223568,139,12.5972,7.506,1317,2025-09-24,ko,"['Comedy', 'Crime', 'Thriller']",3
10515,Castle in the Sky,3000000,5228752,125,12.5945,7.972,4823,1986-08-02,ja,"['Adventure', 'Fantasy', 'Animation', 'Action', 'Family']",2
146,"Crouching Tiger, Hidden Dragon",17000000,213978518,120,12.589,7.437,3724,2000-07-06,zh,"['Adventure', 'Drama', 'Action']",6
848538,Argylle,200000000,96221061,139,12.5939,5.982,1850,2024-01-31,en,"['Action', 'Adventure', 'Comedy']",3
41446,Scream 4,40000000,97231420,111,12.588,6.5,4320,2011-04-13,en,"['Horror', 'Mystery']",3
646,Dr. No,1000000,59000000,110,12.5876,6.988,4192,1962-10-07,en,"['Adventure', 'Action', 'Thriller']",1
1383731,Protector,0,1993982,90,12.5814,8.381,611,2026-02-20,en,"['Action', 'Thriller']",9
289,Casablanca,878000,10462500,102,12.575,8.139,6256,1943-01-15,en,"['Drama', 'Romance']",1
758323,The Pope's Exorcist,18000000,76987621,103,12.5638,6.901,3295,2023-04-05,en,"['Horror', 'Thriller']",3
1923,Twin Peaks: Fire Walk with Me,10000000,4237427,135,12.5647,7.435,2371,1992-06-03,en,"['Drama', 'Mystery', 'Horror']",2
8275,American Pie Presents: The Naked Mile,0,0,97,12.5523,5.491,2244,2006-12-04,en,['Comedy'],2
13387,Transporter 3,30000000,109000000,104,12.5517,6.2,3798,2008-11-26,en,"['Action', 'Thriller', 'Crime']",5
82693,Silver Linings Playbook,21000000,236412453,122,12.5473,7.154,12876,2012-11-16,en,"['Drama', 'Comedy', 'Romance']",1
8741,The Thin Red Line,52000000,98126565,171,12.5422,7.438,3446,1998-12-23,en,"['Drama', 'History', 'War']",4
508439,Onward,200000000,141888276,102,12.5411,7.633,6720,2020-02-29,en,"['Adventure', 'Animation', 'Comedy', 'Family', 'Fantasy']",2
11216,Cinema Paradiso,5000000,35962062,124,12.54,8.43,4998,1988-11-17,it,"['Drama', 'Romance']",5
189,Sin City: A Dame to Kill For,65000000,39407616,102,12.5329,6.402,4280,2014-08-20,en,"['Action', 'Crime', 'Thriller']",7
9802,The Rock,75000000,335062621,137,12.5239,7.157,5403,1996-06-07,en,"['Action', 'Adventure', 'Thriller']",3
744276,After Ever Happy,14000000,19238073,95,12.5234,6.788,1402,2022-08-24,en,"['Romance', 'Drama']",4
429351,12 Strong,35000000,67450815,130,12.1821,6.375,3268,2018-01-18,en,"['War', 'Action', 'History']",5
396371,Molly's Game,30000000,59284015,141,11.9088,7.155,4134,2017-12-07,en,"['Drama', 'Crime']",2
11678,Vertical Limit,75000000,215663859,124,11.4855,6.024,1215,2000-12-08,en,"['Adventure', 'Action', 'Thriller']",2
411088,The Invisible Guest,4000000,30000000,107,12.4749,8.071,5154,2017-01-06,es,"['Drama', 'Mystery', 'Thriller']",9
1261825,Oh. What. Fun.,0,0,108,11.3399,5.7,265,2025-12-03,en,['Comedy'],3
446354,The Post,50000000,179769467,116,11.9279,7.005,5039,2017-12-22,en,"['Drama', 'History']",8
22538,Scott Pilgrim vs. the World,73000000,51825248,113,12.4115,7.485,8906,2010-08-12,en,"['Action', 'Comedy', 'Romance']",4
2164,Stargate,55000000,196567262,121,11.7833,7.034,3986,1994-10-28,en,"['Action', 'Adventure', 'Science Fiction']",3
7214,Coach Carter,30000000,76669554,136,12.2842,7.6,3410,2005-01-14,en,"['Drama', 'History']",4
5825,National Lampoon's Christmas Vacation,27000000,74542088,97,12.3192,7.234,2808,1989-11-30,en,['Comedy'],2
33,Unforgiven,14400000,159157447,130,12.235,7.914,5132,1992-08-07,en,['Western'],2
798286,Beau Is Afraid,35000000,12337378,179,12.3979,6.745,1419,2023-04-14,en,"['Comedy', 'Adventure', 'Fantasy']",4
9354,"Honey, I Shrunk the Kids",18000000,222724172,93,12.2807,6.336,3447,1989-06-23,en,"['Adventure', 'Comedy', 'Family', 'Science Fiction']",2
363676,Sully,60000000,240800000,96,12.4221,7.205,7913,2016-09-07,en,"['Drama', 'History']",6
38050,The Adjustment Bureau,50200000,127900000,106,12.4209,6.794,5103,2011-03-03,en,"['Science Fiction', 'Thriller', 'Romance']",3
1452,Superman Returns,223000000,391081192,154,12.4187,5.83,4723,2006-06-28,en,"['Science Fiction', 'Action', 'Adventure']",5
1013850,A Real Pain,3000000,24856027,90,12.3997,6.789,1539,2024-11-01,en,"['Comedy', 'Drama']",5
88751,Journey to the Center of the Earth,45000000,101702060,93,12.3948,6.102,5313,2008-07-10,en,"['Action', 'Science Fiction', 'Adventure', 'Comedy', 'Family']",3
400535,Sicario: Day of the Soldado,35000000,75836683,122,12.3937,6.946,4221,2018-06-27,en,"['Action', 'Crime', 'Thriller']",5
1572,Die Hard: With a Vengeance,90000000,366101666,128,12.3926,7.285,6867,1995-05-19,en,"['Action', 'Thriller']",3
193893,Let's Be Cops,17000000,136600000,104,12.3878,6.469,3049,2014-08-13,en,['Comedy'],4
13700,Home on the Range,110000000,145358062,76,12.3819,6.067,2215,2004-04-02,en,"['Animation', 'Family']",2
265208,Wild Card,30000000,6738764,92,12.381,5.714,2004,2015-01-14,en,"['Thriller', 'Crime', 'Action']",7
415842,American Assassin,33000000,67200000,112,12.3804,6.412,3332,2017-07-14,en,"['Action', 'Adventure', 'Thriller']",5
1100099,We Live in Time,20000000,37182814,108,12.3784,7.226,1406,2024-10-10,en,"['Romance', 'Drama']",4
346685,The Girl on the Train,45000000,173200000,112,12.3741,6.439,6183,2016-10-05,en,"['Crime', 'Mystery', 'Thriller']",3
509,Notting Hill,42000000,363889678,124,12.3717,7.262,6913,1999-05-21,en,"['Romance', 'Comedy']",4
36669,Die Another Day,142000000,431971116,133,12.3698,6.0,4012,2002-11-17,en,"['Adventure', 'Action', 'Thriller']",1
72545,Journey 2: The Mysterious Island,79000000,355692760,94,12.3687,6.157,4637,2012-01-19,en,"['Adventure', 'Action', 'Science Fiction']",3
726759,Tetris,0,0,118,12.3649,7.757,2059,2023-03-15,en,"['Thriller', 'History', 'Drama']",4
943,Lethal Weapon 3,35000000,321731527,118,12.3536,6.7,3380,1992-05-15,en,"['Action', 'Thriller', 'Crime']",3
11322,Public Enemies,100000000,214104620,140,12.3504,6.686,4982,2009-07-01,en,"['Crime', 'History', 'Drama']",7
9836,Happy Feet,100000000,384335608,108,12.3425,6.233,5605,2006-11-16,en,"['Animation', 'Comedy', 'Family']",4
1285965,Dangerous Animals,2000000,9207791,98,12.3377,6.458,733,2025-06-05,en,"['Horror', 'Thriller']",6
44896,Rango,135000000,245724603,107,12.3361,6.921,7342,2011-03-02,en,"['Animation', 'Comedy', 'Family', 'Western', 'Adventure']",4
37056,Letters to Juliet,30000000,82148538,105,12.3344,7.004,3063,2010-05-13,en,"['Comedy', 'Drama', 'Romance']",2
9374,Death Becomes Her,55000000,149000000,104,12.3275,6.802,3115,1992-07-30,en,"['Comedy', 'Fantasy', 'Horror']",2
38167,Eat Pray Love,60000000,204594016,133,12.3245,6.243,2693,2010-08-12,en,"['Drama', 'Romance']",2
13600,City of Ember,55000000,17869048,95,12.3208,6.38,1963,2008-10-07,en,"['Adventure', 'Family', 'Fantasy']",2
341174,Fifty Shades Darker,55000000,381545846,118,12.3137,6.469,8018,2017-02-08,en,"['Drama', 'Romance']",3
654974,Home Sweet Home Alone,15000000,0,93,12.3056,4.821,723,2021-11-11,en,"['Family', 'Comedy']",2
600354,The Father,6000000,21029340,97,12.3028,8.095,3794,2020-12-23,en,['Drama'],5
332567,The Shallows,17000000,119100758,86,12.3028,6.352,5444,2016-06-24,en,"['Horror', 'Drama', 'Thriller']",3
693,Meet the Fockers,80000000,516642939,115,12.3016,6.252,5316,2004-12-22,en,"['Comedy', 'Romance']",5
20453,3 Idiots,50000000,60262836,171,12.2914,8.01,2850,2009-12-23,hi,"['Drama', 'Comedy']",2
17578,The Adventures of Tintin,130000000,373993951,107,12.2873,6.934,5995,2011-10-24,en,"['Adventure', 'Animation', 'Mystery']",8
1497463,All That We Never Were,0,0,0,12.2853,8.213,101,2026-06-04,es,"['Drama', 'Romance']",6
663712,Terrifier 2,250000,15815602,138,12.277,6.648,2597,2022-10-06,en,['Horror'],5
241554,Run All Night,50000000,71561644,114,12.2753,6.437,3057,2015-03-11,en,"['Action', 'Crime', 'Thriller']",5
499701,Dora and the Lost City of Gold,49000000,120600000,102,12.275,6.612,1870,2019-08-08,en,"['Family', 'Comedy', 'Adventure']",5
57201,The Lone Ranger,215000000,260502115,149,12.2731,6.1,6291,2013-07-03,en,"['Action', 'Adventure', 'Western']",4
872,Singin' in the Rain,2540800,7200000,103,12.2642,8.1,3634,1952-04-10,en,"['Comedy', 'Romance']",1
1690,Hostel,4800000,81979826,94,12.2615,6.0,4088,2006-01-06,en,['Horror'],4
497828,Triangle of Sadness,15600000,24733572,147,12.26,7.003,3048,2022-09-18,en,"['Comedy', 'Drama']",16
369972,First Man,70000000,105713218,141,12.2488,7.039,5824,2018-10-10,en,"['History', 'Drama']",4
944,Lethal Weapon 4,140000000,285444603,127,12.2597,6.613,3086,1998-07-10,en,"['Action', 'Crime', 'Thriller']",3
11645,Ran,12000000,23334156,160,12.2404,8.023,1927,1985-06-01,ja,"['Action', 'Drama', 'History']",3
10010,Brother Bear 2,0,0,73,12.2446,6.7,1596,2006-07-19,en,"['Adventure', 'Animation', 'Family']",1
5175,Rush Hour 2,90000000,347325802,90,12.2371,6.8,4796,2001-08-03,en,"['Action', 'Comedy', 'Crime']",4
1213,The Talented Mr. Ripley,40000000,128798265,140,12.2372,7.197,4318,1999-12-25,en,"['Thriller', 'Crime', 'Drama']",2
22832,Ninja Assassin,40000000,61601280,99,12.2316,6.791,1900,2009-09-29,en,"['Action', 'Adventure', 'Thriller']",8
8839,Casper,50000000,287928194,100,12.2306,6.349,5068,1995-05-26,en,"['Fantasy', 'Comedy', 'Family']",3
314365,Spotlight,20000000,98690254,129,12.229,7.812,9003,2015-11-06,en,"['Drama', 'History']",5
8909,Wanted,75000000,342463063,110,12.226,6.5,7809,2008-06-19,en,"['Action', 'Thriller', 'Crime']",5
1249213,Drop,11000000,28748727,95,12.2234,6.286,978,2025-04-07,en,"['Mystery', 'Thriller']",3
12429,Ponyo,34000000,202404009,100,12.2196,7.8,4990,2008-07-19,ja,"['Animation', 'Fantasy', 'Family']",7
39013,Winter's Bone,2000000,13831503,101,12.2176,6.8,2066,2010-06-11,en,"['Drama', 'Mystery']",2
558,Spider-Man 2,200000000,788976453,127,12.2071,7.333,16982,2004-06-25,en,"['Action', 'Adventure', 'Science Fiction']",3
372343,The Snowman,35000000,43203413,119,12.1972,5.21,2426,2017-08-24,en,"['Crime', 'Thriller', 'Mystery', 'Horror']",5
21208,Orphan,20000000,77912251,123,12.198,6.991,5797,2009-07-24,en,"['Horror', 'Thriller']",2
10428,Hackers,20000000,7563728,105,12.1926,6.389,1557,1995-09-14,en,"['Action', 'Crime', 'Thriller', 'Drama']",3
169,Predator 2,35000000,57120318,108,12.186,6.329,4031,1990-11-21,en,"['Science Fiction', 'Action', 'Thriller']",4
186,Lucky Number Slevin,27000000,56300000,110,12.1832,7.475,4643,2006-02-24,en,"['Drama', 'Thriller', 'Crime', 'Mystery']",8
12232,The Thief of Bagdad,0,0,107,12.1844,7.1,310,1940-02-19,en,"['Adventure', 'Fantasy', 'Romance']",2
1079485,Winnie-the-Pooh: Blood and Honey 2,415000,7582541,93,12.1819,5.804,503,2024-03-26,en,"['Horror', 'Thriller']",2
9543,Prince of Persia: The Sands of Time,200000000,336365676,116,12.1791,6.313,7357,2010-05-19,en,"['Adventure', 'Fantasy', 'Action']",2
949838,72 HOURS,0,0,105,12.1629,6.719,464,2026-07-20,en,"['Comedy', 'Crime']",6
449443,Den of Thieves,30000000,80509622,140,12.163,6.88,3527,2018-01-18,en,"['Crime', 'Thriller', 'Action']",6
79,Hero,31000000,177394432,99,12.1558,7.5,2604,2002-12-19,zh,"['Drama', 'Adventure', 'Action', 'History']",6
587792,Palm Springs,5000000,1818417,90,12.1542,7.337,3920,2020-07-10,en,"['Comedy', 'Romance', 'Science Fiction']",3
11013,Secretary,4000000,9300000,111,12.154,6.794,2016,2002-09-20,en,"['Romance', 'Drama', 'Comedy']",3
512195,Red Notice,160000000,178143,118,12.1516,6.715,6659,2021-11-04,en,"['Action', 'Comedy', 'Crime']",3
614934,Elvis,85000000,288670284,159,12.1491,7.438,4044,2022-06-22,en,"['Music', 'History', 'Drama']",3
1125510,The Platform 2,0,0,101,11.2722,5.55,1499,2024-09-27,es,"['Science Fiction', 'Horror', 'Thriller']",1
10661,You Don't Mess with the Zohan,90000000,204313400,113,12.102,5.7,4193,2008-06-05,en,"['Comedy', 'Action']",3
13971,Wild Child,20000000,22000000,98,12.1103,6.7,1946,2008-08-15,en,"['Comedy', 'Family']",3
7220,The Punisher,33000000,54700105,124,12.6371,6.387,3299,2004-04-15,en,"['Action', 'Crime', 'Drama']",5
259694,How to Be Single,38000000,112343513,110,12.1296,6.257,3405,2016-02-08,en,"['Comedy', 'Romance']",3
655,"Paris, Texas",1750000,2181987,145,11.2457,8.07,2334,1984-07-16,en,['Drama'],5
18491,Neon Genesis Evangelion: The End of Evangelion,7500000,26000000,87,12.139,8.3,1970,1997-07-19,ja,"['Animation', 'Science Fiction', 'Drama', 'Fantasy', 'Action']",8
1493859,Pizza Movie,0,0,98,11.1704,6.378,160,2026-03-13,en,"['Comedy', 'Adventure', 'Fantasy']",3
380,Rain Man,25000000,354825435,134,11.5709,7.748,7366,1988-12-12,en,['Drama'],3
6947,The Village,60000000,256700000,108,11.9587,6.496,4744,2004-07-30,en,"['Drama', 'Mystery', 'Thriller']",3
1116201,Iron Lung,3000000,51226173,125,11.2469,6.889,444,2026-01-30,en,"['Horror', 'Mystery', 'Science Fiction']",1
627725,The Banker,0,0,120,11.9216,7.631,1162,2020-03-06,en,['Drama'],4
635910,The Last Voyage of the Demeter,45000000,21600000,119,12.1365,6.725,2046,2023-08-09,en,"['Horror', 'Fantasy']",6
12233,Oliver & Company,31000000,121000000,74,11.8712,6.737,1750,1988-11-18,en,"['Animation', 'Comedy', 'Family']",3
424139,Halloween,10000000,259939869,106,12.0743,6.56,5180,2018-10-18,en,"['Horror', 'Thriller']",5
619730,Don't Worry Darling,35000000,86700000,123,12.0709,6.755,3100,2022-09-21,en,"['Science Fiction', 'Mystery', 'Horror', 'Thriller']",2
12405,Slumdog Millionaire,15000000,378400000,121,12.0686,7.727,11632,2008-11-12,en,"['Drama', 'Romance']",2
686,Contact,90000000,171120329,150,12.0681,7.45,5213,1997-07-11,en,"['Drama', 'Science Fiction', 'Mystery']",2
453405,Gemini Man,140000000,173469516,117,12.0644,6.3,5598,2019-10-02,en,"['Science Fiction', 'Action', 'Adventure', 'Thriller', 'Drama']",5
480530,Creed II,50000000,214200000,130,12.0643,7.034,5945,2018-11-21,en,"['Drama', 'Action']",3
1115544,Mike & Nick & Nick & Alice,0,0,107,12.0551,6.682,465,2026-03-14,en,"['Comedy', 'Science Fiction', 'Action']",2
5174,Rush Hour 3,140000000,258097122,90,12.052,6.501,3866,2007-08-08,en,"['Action', 'Comedy', 'Crime']",5
9928,Robots,75000000,262511490,90,12.055,6.509,5078,2005-03-10,en,"['Animation', 'Comedy', 'Family', 'Science Fiction']",3
10066,House of Wax,40000000,68766121,113,12.048,6.043,3463,2005-05-05,en,"['Horror', 'Thriller', 'Mystery']",3
10865,Atlantis: The Lost Empire,120000000,186053725,95,12.0456,7.051,5282,2001-06-02,en,"['Animation', 'Family', 'Adventure', 'Science Fiction']",2
1904,Memoirs of a Geisha,85000000,162242962,146,12.0401,7.634,3471,2005-12-06,en,"['Drama', 'Romance', 'History']",5
1118031,Apocalypse Z: The Beginning of the End,0,500000,119,12.0387,6.768,1302,2024-10-04,es,"['Drama', 'Action', 'Horror']",1
15092,Crank: High Voltage,20000000,34600000,96,12.0397,6.1,3275,2009-04-16,en,"['Action', 'Thriller', 'Crime']",3
238615,Self/less,26000000,31807156,117,12.0382,6.427,3382,2015-07-10,en,"['Science Fiction', 'Action', 'Thriller']",2
2300,Space Jam,80000000,250200000,87,12.0358,6.8,6587,1996-11-15,en,"['Family', 'Animation', 'Science Fiction', 'Fantasy', 'Comedy']",2
254320,The Lobster,4000000,15700000,119,12.0266,7.021,7111,2015-10-15,en,"['Comedy', 'Drama', 'Romance']",11
454,Romeo + Juliet,14500000,147298761,120,12.0323,6.777,5469,1996-11-01,en,"['Drama', 'Romance']",2
445571,Game Night,37000000,117501013,100,12.0199,6.848,6516,2018-02-15,en,"['Mystery', 'Comedy', 'Crime']",5
762441,A Quiet Place: Day One,67000000,261907653,100,12.0124,6.627,3599,2024-06-26,en,"['Horror', 'Science Fiction', 'Thriller']",3
1167307,David,60900000,85865995,109,12.0122,8.0,200,2025-12-14,en,"['Animation', 'Family', 'Drama', 'History', 'Adventure']",4
1374,Rocky IV,31000000,300473716,91,12.0118,7.093,4994,1985-11-21,en,"['Drama', 'Action']",3
23629,Sucker Punch,82000000,89792502,110,12.0053,6.21,5259,2011-03-24,en,"['Action', 'Fantasy', 'Thriller']",3
2667,The Blair Witch Project,60000,248639099,81,12.0022,6.4,5684,1999-07-14,en,"['Horror', 'Mystery']",2
9366,Donnie Brasco,35000000,124909762,127,11.9961,7.533,5002,1997-02-27,en,"['Crime', 'Drama', 'Thriller']",4
5925,The Great Escape,4000000,11700000,173,11.9954,7.923,2957,1963-07-03,en,"['Adventure', 'Drama', 'War']",2
24858,Eternity and a Day,0,0,133,11.9864,7.787,225,1998-10-23,el,['Drama'],12
68728,Oz the Great and Powerful,200000000,491868548,130,11.9937,5.939,6921,2013-03-07,en,"['Fantasy', 'Adventure', 'Family']",3
999136,Do Not Enter,0,0,91,11.9953,6.222,369,2026-03-19,en,['Horror'],2
9602,Coming to America,30000000,288752301,117,11.983,6.885,4900,1988-06-29,en,"['Comedy', 'Romance']",2
36586,Blade II,54000000,155010032,117,11.9812,6.574,5427,2002-03-22,en,"['Fantasy', 'Horror', 'Action', 'Thriller']",3
482321,Ron's Gone Wrong,57000000,60692022,107,11.9668,7.847,2084,2021-10-14,en,"['Animation', 'Science Fiction', 'Family', 'Comedy']",3
9679,Gone in Sixty Seconds,90000000,237200000,118,11.9634,6.475,5051,2000-06-09,en,"['Action', 'Crime', 'Thriller']",2
9655,She's the Man,20000000,57194667,105,11.9634,6.807,3379,2006-03-17,en,"['Comedy', 'Romance']",3
10734,Escape from Alcatraz,8000000,43004381,113,11.9565,7.5,3298,1979-06-22,en,"['Drama', 'Thriller']",2
532870,Run Sweetheart Run,0,0,104,11.9553,5.536,238,2020-01-27,en,"['Horror', 'Thriller']",5
1966,Alexander,155000000,167298192,176,11.9459,5.962,3620,2004-11-21,en,"['War', 'History', 'Action', 'Adventure', 'Drama', 'Romance']",8
2118,L.A. Confidential,35000000,126216940,138,11.944,7.809,5764,1997-09-19,en,"['Crime', 'Mystery', 'Thriller']",2
11319,The Rescuers,7500000,169015869,78,11.9397,6.793,2741,1977-06-22,en,"['Fantasy', 'Family', 'Animation', 'Adventure']",1
1198984,We Bury the Dead,0,3745163,95,11.9389,6.111,401,2026-01-01,en,"['Horror', 'Thriller']",6
972533,Last Breath,23800000,24823454,93,11.9382,6.859,706,2025-02-24,en,"['Thriller', 'Drama']",7
9390,Jerry Maguire,50000000,273600000,139,11.9316,7.001,3901,1996-12-13,en,"['Comedy', 'Drama', 'Romance']",2
479455,Men in Black: International,110000000,253890701,115,11.9307,5.891,5536,2019-06-12,en,"['Comedy', 'Science Fiction', 'Action', 'Adventure']",4
454640,The Angry Birds Movie 2,65000000,137792047,97,11.9271,7.0,1963,2019-08-02,en,"['Animation', 'Adventure', 'Comedy', 'Family', 'Action']",3
800158,The Killer,175000000,362113,118,11.9261,6.585,3030,2023-10-25,en,"['Crime', 'Thriller']",1
1584,The School of Rock,35000000,131098967,110,11.9216,7.09,6408,2003-10-03,en,"['Comedy', 'Family', 'Music']",3
273477,Scouts Guide to the Zombie Apocalypse,15000000,14900000,93,11.9104,6.6,2205,2015-10-23,en,"['Comedy', 'Horror']",4
13648,Resident Evil: Degeneration,0,403117,97,11.906,6.814,1207,2008-02-13,ja,"['Animation', 'Horror', 'Action', 'Science Fiction']",3
1979,Fantastic Four: Rise of the Silver Surfer,130000000,301913131,92,11.9051,5.635,8602,2007-06-13,en,"['Science Fiction', 'Adventure', 'Action']",6
9482,Judge Dredd,90000000,113493481,96,11.9033,5.854,2858,1995-06-30,en,"['Science Fiction', 'Action']",2
10756,The Haunted Mansion,90000000,182290266,88,11.902,5.686,2191,2003-11-26,en,"['Thriller', 'Fantasy', 'Comedy', 'Family', 'Mystery']",3
7445,Brothers,26000000,43500000,105,11.9005,7.316,4042,2009-12-02,en,"['Drama', 'Thriller', 'War']",6
267860,London Has Fallen,60000000,205754447,99,11.8947,6.2,5236,2016-03-02,en,"['Action', 'Adventure', 'Thriller']",5
1108566,Killer Heat,0,0,97,11.8923,5.822,342,2024-09-25,en,"['Crime', 'Drama', 'Romance']",5
760329,The Smashing Machine,50000000,21133481,123,11.8873,6.352,718,2025-10-01,en,"['Drama', 'History', 'Action']",4
206487,Predestination,5500000,5386852,98,11.8827,7.416,7364,2014-08-28,en,"['Science Fiction', 'Thriller']",4
395990,Death Wish,30000000,34017028,107,11.8824,6.2,2900,2018-03-01,en,"['Action', 'Crime', 'Thriller', 'Drama']",2
22947,Up in the Air,25000000,166842739,110,11.8746,6.903,4153,2009-12-04,en,"['Drama', 'Romance']",6
274862,The Lego Ninjago Movie,70000000,123081555,101,11.8694,6.498,1214,2017-09-21,en,"['Animation', 'Comedy', 'Adventure', 'Action', 'Family']",6
4233,Scream 2,24000000,172363301,120,11.869,6.5,4917,1997-12-12,en,"['Horror', 'Mystery']",3
23437,A Nightmare on Elm Street,35000000,115665418,95,11.8578,5.522,2989,2010-04-30,en,"['Horror', 'Mystery', 'Thriller']",2
8413,Event Horizon,60000000,26700000,96,11.8533,6.6,3502,1997-08-15,en,"['Horror', 'Science Fiction', 'Mystery']",4
1103,Escape from New York,6000000,50244700,99,11.8525,7.043,3664,1981-05-23,en,"['Action', 'Thriller', 'Science Fiction']",5
65,8 Mile,41000000,242875078,111,11.8507,7.148,8009,2002-11-08,en,"['Drama', 'Music']",2
792,Platoon,6000000,138530565,120,11.8466,7.746,5310,1986-12-19,en,"['Drama', 'War', 'Action']",2
220,East of Eden,2,5000000,115,11.8428,7.5,840,1955-04-10,en,['Drama'],1
77931,The Smurfs 2,105000000,347434178,105,11.8408,5.747,2417,2013-07-30,en,"['Fantasy', 'Family', 'Comedy', 'Animation']",5
9072,Little Man,64000000,104003322,98,11.841,5.938,1963,2006-08-31,en,"['Comedy', 'Crime']",2
420808,Peter Pan & Wendy,0,0,106,11.8306,5.394,786,2023-04-20,en,"['Family', 'Fantasy', 'Action', 'Adventure']",2
2069,The Whole Nine Yards,41300000,106371651,98,11.8402,6.471,2146,2000-02-18,en,"['Comedy', 'Crime']",2
928480,Monster Summer,0,1331288,98,11.8168,6.279,217,2024-10-04,en,"['Adventure', 'Fantasy', 'Mystery', 'Horror']",3
4347,Atonement,30000000,131016624,123,11.8132,7.6,4855,2007-02-27,en,"['Drama', 'Romance']",4
964849,Nightborn,5900000,0,92,11.8062,6.0,149,2026-07-01,fi,['Horror'],4
497582,Enola Holmes,21000000,0,124,11.8061,7.213,6856,2020-09-22,en,"['Adventure', 'Mystery', 'Crime']",2
34851,Predators,40000000,127233108,107,11.8033,6.311,4804,2010-07-07,en,"['Science Fiction', 'Action', 'Thriller']",4
817,Austin Powers: The Spy Who Shagged Me,33000000,312016928,95,11.798,6.325,3818,1999-06-08,en,"['Comedy', 'Adventure', 'Crime']",5
1581,The Holiday,85000000,205233866,136,11.7973,7.1,5765,2006-12-05,en,"['Comedy', 'Romance']",4
405774,Bird Box,19800000,0,124,11.795,6.82,10858,2018-12-13,en,"['Horror', 'Thriller', 'Drama']",2
1022796,Wish,175000000,254997360,95,11.7845,6.215,1839,2023-11-13,en,"['Animation', 'Family', 'Fantasy', 'Adventure']",1
12493,High and Low,250000,0,142,11.7674,8.377,1204,1963-03-01,ja,"['Drama', 'Crime', 'Thriller', 'Mystery']",2
1547,The Lost Boys,8500000,32222567,97,11.7624,7.115,2408,1987-07-31,en,"['Horror', 'Comedy', 'Thriller']",1
839369,May December,20000000,4232370,117,11.7536,6.566,1092,2023-11-16,en,['Drama'],5
627,Trainspotting,4000000,71981823,94,11.7527,7.959,10712,1996-02-23,en,"['Drama', 'Crime']",4
293670,The Wailing,10951000,49851770,156,11.7474,7.4,2177,2016-05-12,ko,"['Horror', 'Mystery']",4
179,The Interpreter,80000000,162944923,128,11.746,6.315,1650,2005-04-08,en,"['Crime', 'Thriller']",5
44048,Unstoppable,100000000,167805466,98,11.7406,6.631,4030,2010-11-04,en,"['Action', 'Thriller']",6
786,Almost Famous,60000000,47386287,124,11.7376,7.504,3246,2000-09-15,en,"['Drama', 'Music']",3
513310,Boss Level,45000000,2000000,101,11.7369,6.881,2026,2021-02-19,en,"['Action', 'Science Fiction', 'Thriller']",11
10202,Bedtime Stories,80000000,212874864,99,11.7283,6.162,3057,2008-12-24,en,"['Fantasy', 'Comedy', 'Family', 'Romance']",3
334533,Captain Fantastic,5000000,23123592,119,11.7321,7.888,6995,2016-07-08,en,"['Drama', 'Comedy']",2
426,Vertigo,2479000,7808900,128,11.7212,8.129,6526,1958-05-28,en,"['Mystery', 'Romance', 'Thriller']",2
1538,Collateral,65000000,220239925,120,11.7186,7.248,6526,2004-08-04,en,"['Drama', 'Crime', 'Thriller']",4
555604,Guillermo del Toro's Pinocchio,35000000,0,117,11.7098,7.994,3478,2022-11-09,en,"['Animation', 'Fantasy', 'Adventure', 'Drama']",3
1241921,A Big Bold Beautiful Journey,45000000,22393413,109,11.7093,6.144,448,2025-09-17,en,"['Romance', 'Fantasy', 'Drama']",7
340666,Nocturnal Animals,22500000,29300000,116,11.7079,7.4,8496,2016-11-04,en,"['Drama', 'Thriller']",5
68737,Seventh Son,95000000,114178613,102,11.6999,5.534,2721,2014-12-12,en,"['Adventure', 'Fantasy']",7
10895,Pinocchio,2600000,164000000,88,11.6977,7.118,6382,1940-02-23,en,"['Animation', 'Family', 'Fantasy']",1
455207,Crazy Rich Asians,30000000,238539198,121,11.6858,7.0,4062,2018-08-15,en,"['Comedy', 'Romance']",5
974950,Emilia Pérez,26000000,16317120,132,11.6798,6.405,2053,2024-08-21,fr,"['Drama', 'Thriller']",13
49849,Cowboys & Aliens,163000000,174822325,119,11.6795,5.711,5640,2011-07-29,en,"['Science Fiction', 'Western']",8
509967,6 Underground,150000000,0,128,11.6763,6.325,5325,2019-12-10,en,"['Action', 'Comedy', 'Thriller']",2
450465,Glass,20000000,246999039,129,11.6763,6.665,9299,2019-01-16,en,"['Thriller', 'Drama', 'Science Fiction']",3
123553,The Mortal Instruments: City of Bones,60000000,95396573,130,11.6751,6.4,4711,2013-08-21,en,"['Fantasy', 'Action', 'Mystery']",5
936108,Smurfs,58000000,124157356,89,11.667,5.696,291,2025-06-30,en,"['Animation', 'Family', 'Fantasy']",3
39514,RED,58000000,199006387,111,11.6652,6.708,7316,2010-10-13,en,"['Action', 'Adventure', 'Comedy', 'Crime', 'Thriller']",2
9522,Wedding Crashers,40000000,288500000,119,11.6646,6.502,4848,2005-07-13,en,"['Comedy', 'Romance']",3
400617,Phantom Thread,35000000,47756590,130,11.6644,7.313,3883,2017-12-25,en,"['Drama', 'Romance']",5
568620,Snake Eyes: G.I. Joe Origins,88000000,36964325,121,11.6643,6.414,1777,2021-07-22,en,"['Action', 'Adventure']",6
3594,The Number 23,30000000,77677553,97,11.6604,6.408,3649,2007-02-23,en,"['Thriller', 'Mystery', 'Crime', 'Drama']",3
77950,Turbo,135000000,282570682,96,11.6641,6.283,3801,2013-07-11,en,"['Animation', 'Family']",1
14873,The Jungle Book 2,20000000,135700000,72,11.6642,5.894,1225,2003-02-07,en,"['Family', 'Animation', 'Adventure']",1
71676,Ghost Rider: Spirit of Vengeance,57000000,132563930,96,11.659,5.022,4209,2011-12-10,en,"['Action', 'Fantasy', 'Thriller']",7
514999,Murder Mystery,24000000,0,98,11.521,6.25,4929,2019-05-25,en,"['Comedy', 'Mystery', 'Crime']",5
4258,Scary Movie 5,20000000,78613981,86,11.3167,4.78,3177,2013-04-11,en,['Comedy'],2
459151,The Boss Baby: Family Business,82000000,146745280,107,11.3078,7.322,2729,2021-07-01,en,"['Animation', 'Comedy', 'Adventure', 'Family']",1
585245,Clifford the Big Red Dog,64000000,116586376,96,12.4408,7.147,1858,2021-11-10,en,"['Family', 'Adventure', 'Comedy', 'Fantasy']",5
1246,Rocky Balboa,24000000,155929020,102,11.5242,6.887,3939,2006-12-20,en,"['Drama', 'Action']",5
9593,Last Action Hero,85000000,137298489,131,11.3256,6.49,3121,1993-06-18,en,"['Fantasy', 'Action', 'Comedy']",2
578701,Those Who Wish Me Dead,20000000,23384502,100,12.1118,6.6,1928,2021-05-05,en,"['Thriller', 'Action']",4
550205,Wish Dragon,0,25860000,99,11.0488,7.849,1568,2021-01-15,en,"['Animation', 'Family', 'Comedy', 'Fantasy', 'Romance', 'Adventure']",4
447200,Skyscraper,125000000,304870828,102,10.7821,6.303,5465,2018-07-11,en,"['Action', 'Thriller', 'Adventure']",4
9702,Bound by Honor,35000000,4500000,190,11.6118,8.229,1650,1993-02-05,en,"['Crime', 'Drama', 'Thriller']",1
74465,We Bought a Zoo,50000000,120081841,124,10.589,6.8,3026,2011-11-26,en,"['Drama', 'Comedy', 'Family']",4
521029,Annabelle Comes Home,27000000,231252591,106,11.3315,6.4,3938,2019-06-26,en,['Horror'],3
544,There's Something About Mary,23000000,369900000,120,12.4454,6.6,5532,1998-07-15,en,"['Romance', 'Comedy']",1
97630,Zero Dark Thirty,40000000,132800000,157,11.5783,7.0,5037,2012-12-19,en,"['Thriller', 'Drama']",3
1291608,Dhurandhar,24000000,136599112,214,11.5828,7.318,362,2025-12-05,hi,"['Action', 'Crime', 'Thriller']",2
11362,The Count of Monte Cristo,35000000,75395048,131,11.5778,7.687,2123,2002-01-23,en,"['Adventure', 'Drama', 'History', 'Action']",5
8273,American Wedding,55000000,231449203,103,11.5659,6.231,4520,2003-08-01,en,"['Comedy', 'Romance']",4
552178,Dark Waters,20000000,13601384,127,11.5701,7.529,2627,2019-11-22,en,"['Drama', 'Thriller']",3
10957,The Black Cauldron,25000000,21300000,80,11.5649,6.436,1477,1985-07-24,en,"['Animation', 'Adventure', 'Family', 'Fantasy']",2
37797,Whisper of the Heart,0,0,111,11.5612,7.942,2368,1995-07-15,ja,"['Animation', 'Drama', 'Family']",4
615173,The Witch: Part 2. The Other One,0,23068596,137,11.5606,7.4,487,2022-06-15,ko,"['Action', 'Mystery', 'Thriller', 'Science Fiction']",6
104,Run Lola Run,1530000,7660911,80,11.5508,7.305,2683,1998-08-20,de,"['Action', 'Drama', 'Thriller']",1
388399,Patriots Day,45000000,50548152,133,11.5502,7.063,2936,2016-12-12,en,"['Action', 'Crime', 'Drama', 'History', 'Thriller']",7
814,An American Werewolf in London,10000000,31973249,97,11.5496,7.389,2813,1981-08-21,en,"['Comedy', 'Horror', 'Fantasy']",2
1247,The Good Shepherd,85000000,100266865,167,11.5414,6.4,1351,2006-12-11,en,"['Drama', 'Thriller', 'History']",4
2277,Bicentennial Man,100000000,87423861,131,11.5463,7.274,4079,1999-12-17,en,"['Drama', 'Romance', 'Science Fiction']",5
545609,Extraction,65000000,0,116,11.5409,7.281,6816,2020-04-23,en,"['Action', 'Thriller']",3
646207,The Ice Road,40000000,7502846,108,11.5402,6.742,1981,2021-06-24,en,"['Action', 'Thriller']",4
10637,Remember the Titans,30000000,136700000,113,11.5397,7.666,3088,2000-09-29,en,['Drama'],4
16871,Drag Me to Hell,30000000,91388487,99,11.5331,6.491,4232,2009-05-27,en,"['Horror', 'Thriller']",5
648878,Eddington,25000000,13738227,148,11.5219,6.465,967,2025-07-16,en,"['Western', 'Comedy', 'Crime']",5
266856,The Theory of Everything,15000000,123726688,123,11.5214,7.821,11292,2014-11-07,en,"['Drama', 'Romance']",2
631843,Old,18000000,90146510,108,11.5195,6.319,5058,2021-07-21,en,"['Thriller', 'Mystery', 'Horror']",3
1159311,My Hero Academia: You're Next,0,32224616,110,11.5184,7.275,249,2024-08-02,ja,"['Animation', 'Action', 'Adventure', 'Science Fiction']",8
49524,R.I.P.D.,130000000,61600000,96,11.5176,5.865,4409,2013-07-18,en,"['Fantasy', 'Action', 'Comedy']",3
1268,Mr. Bean's Holiday,25000000,232225908,90,11.5108,6.403,3228,2007-03-22,en,"['Family', 'Comedy']",5
568160,Weathering with You,11100000,192729404,112,11.5079,7.974,2729,2019-07-19,ja,"['Animation', 'Drama', 'Fantasy', 'Romance']",7
414,Batman Forever,100000000,336529144,121,11.4984,5.464,5768,1995-06-16,en,"['Action', 'Crime', 'Fantasy']",3
117251,White House Down,150000000,205366737,131,11.4907,6.469,5242,2013-06-27,en,"['Action', 'Drama', 'Thriller']",5
407436,Mowgli: Legend of the Jungle,175000000,0,105,11.4853,6.475,2652,2018-11-25,en,"['Adventure', 'Drama']",2
4824,The Jackal,60000000,159300000,124,11.4806,6.41,2226,1997-11-14,en,"['Action', 'Crime', 'Thriller']",3
568,Apollo 13,52000000,355237933,140,11.4805,7.463,6140,1995-06-30,en,"['Drama', 'History']",2
1126166,Flight Risk,25000000,48703174,91,11.478,5.902,1242,2025-01-22,en,"['Action', 'Thriller']",6
1252037,The Tank,0,0,117,11.4749,7.135,494,2025-09-18,de,"['War', 'Action', 'Drama']",1
1333100,Attack on Titan: THE LAST ATTACK,0,21525687,145,11.471,8.7,261,2024-03-20,ja,"['Animation', 'Action', 'Adventure', 'Drama']",2
1008409,The Bikeriders,40000000,36110860,116,11.4679,6.686,1234,2024-06-19,en,"['Crime', 'Drama']",3
877269,Strange World,180000000,73621640,102,11.463,6.2,1472,2022-11-23,en,"['Animation', 'Family', 'Adventure', 'Fantasy', 'Science Fiction']",1
274870,Passengers,110000000,303144152,116,11.4603,6.955,14547,2016-12-21,en,"['Drama', 'Romance', 'Science Fiction']",7
796,Cruel Intentions,10500000,76347426,97,11.461,6.826,3703,1999-03-05,en,"['Drama', 'Romance']",3
87428,That's My Boy,70000000,57719093,116,11.4553,5.825,2213,2012-06-14,en,['Comedy'],3
74997,The Human Centipede 2 (Full Sequence),0,170323,91,11.4271,4.8,1495,2011-10-06,en,"['Drama', 'Horror', 'Crime']",2
154400,The Drop,12600000,19054534,106,11.4221,6.828,2508,2014-09-12,en,"['Drama', 'Crime']",4
58574,Sherlock Holmes: A Game of Shadows,125000000,334615000,129,11.4221,7.1,11182,2011-11-22,en,"['Action', 'Adventure', 'Mystery']",4
431580,Abominable,75000000,190304772,97,11.4097,7.455,2239,2019-09-19,en,"['Family', 'Animation', 'Adventure', 'Comedy', 'Fantasy']",3
11259,Far and Away,60000000,137783840,140,11.4113,6.77,1356,1992-05-22,en,"['Adventure', 'Drama', 'Romance', 'Western']",2
5528,The Chorus,5300000,83600000,97,11.4097,7.744,2673,2004-03-17,fr,"['Drama', 'Comedy', 'Music']",5
62835,Colombiana,40000000,71508440,108,11.4053,6.65,2959,2011-07-27,en,"['Action', 'Thriller', 'Crime', 'Drama']",6
1480,Touch of Evil,829000,2247500,111,11.4047,7.742,1652,1958-03-30,en,"['Crime', 'Thriller', 'Drama']",1
547016,The Old Guard,70000000,0,125,11.4038,7.084,4979,2020-07-09,en,"['Action', 'Fantasy']",3
420821,Chip 'n Dale: Rescue Rangers,70000000,623190,99,11.4043,6.973,1436,2022-05-20,en,"['Animation', 'Family', 'Comedy', 'Adventure', 'Mystery']",2
75,Mars Attacks!,70000000,101371017,106,11.3987,6.433,6073,1996-12-13,en,"['Comedy', 'Fantasy', 'Science Fiction']",2
13223,Gran Torino,33000000,270000000,116,11.3935,7.987,11856,2008-12-12,en,['Drama'],7
9913,The Skeleton Key,43000000,93983911,104,11.3924,6.627,2397,2005-07-29,en,"['Drama', 'Horror', 'Mystery', 'Thriller']",6
9437,Kiss the Girls,27000000,60527873,115,11.392,6.547,1976,1997-09-29,en,"['Thriller', 'Crime', 'Mystery']",3
9355,Mad Max Beyond Thunderdome,10000000,36230219,107,11.3846,6.217,3394,1985-06-29,en,"['Action', 'Adventure', 'Science Fiction']",1
35019,Nanny McPhee and the Big Bang,35000000,93251121,109,11.3862,6.333,1998,2010-03-26,en,"['Comedy', 'Fantasy', 'Family']",3
11187,Child's Play 3,13000000,20560255,90,11.3817,5.905,1808,1991-08-30,en,['Horror'],1
7299,Equilibrium,20000000,5400000,107,11.3675,7.057,5243,2002-12-06,en,"['Action', 'Science Fiction', 'Thriller']",3
181283,Child 44,50000000,12951093,137,11.3815,6.282,1865,2015-03-15,en,"['Crime', 'Thriller']",4
447404,Pokémon Detective Pikachu,150000000,450063166,105,11.3579,6.896,7540,2019-05-03,en,"['Action', 'Adventure', 'Fantasy']",3
9362,Tremors,11000000,48572000,96,11.3548,7.0,3725,1990-01-19,en,"['Comedy', 'Horror', 'Science Fiction']",2
4148,Revolutionary Road,35000000,76000000,119,11.3396,6.988,4215,2008-12-19,en,"['Drama', 'Romance']",5
13179,Tinker Bell,48000000,9208064,78,11.3381,7.0,1630,2008-09-11,en,"['Animation', 'Family', 'Adventure', 'Fantasy']",2
753342,Napoleon,165000000,222435664,158,11.3334,6.298,3281,2023-11-22,en,"['History', 'War', 'Drama']",2
267935,The BFG,140000000,195243411,117,11.3253,6.287,3720,2016-06-01,en,"['Adventure', 'Family', 'Fantasy']",6
1669,The Hunt for Red October,30000000,200512643,135,11.325,7.385,3780,1990-03-02,en,"['Action', 'Thriller']",2
581392,Peninsula,17000000,42698327,116,11.3231,6.693,2679,2020-07-15,ko,"['Horror', 'Action', 'Thriller', 'Adventure']",5
25475,Tinker Bell and the Lost Treasure,0,0,81,11.3188,6.8,1161,2009-09-03,en,"['Animation', 'Family', 'Adventure', 'Fantasy']",2
1397385,Little Brother,0,0,102,11.3153,6.4,376,2026-06-18,en,['Comedy'],1
49021,Killer Elite,66000000,57777106,116,11.3223,6.268,2409,2011-09-22,en,"['Action', 'Adventure', 'Thriller']",11
43074,Ghostbusters,144000000,229147509,117,11.3153,5.343,6924,2016-07-14,en,"['Action', 'Fantasy', 'Comedy']",7
1376434,Predator: Killer of Killers,0,0,85,11.3135,7.776,1349,2025-06-05,en,"['Animation', 'Action', 'Science Fiction', 'Thriller']",4
1072342,Night Swim,15000000,54785387,98,11.3036,5.486,905,2024-01-03,en,['Horror'],3
9336,Police Academy,4500000,81198894,97,11.3033,6.726,3112,1984-03-22,en,"['Comedy', 'Crime']",1
9902,Wrong Turn,12600000,28650575,84,11.3002,6.403,3129,2003-05-30,en,"['Horror', 'Thriller']",5
381719,Peter Rabbit,50000000,351266433,93,11.2996,6.693,1983,2018-02-07,en,"['Animation', 'Adventure', 'Family']",7
644495,House of Gucci,75000000,153235995,158,11.2978,6.561,3536,2021-11-24,en,"['Drama', 'Crime', 'History']",3
746,The Last Emperor,23800000,44000000,163,11.2917,7.589,1997,1987-10-04,en,"['Drama', 'History']",4
630586,Wrong Turn,0,4829926,110,11.2854,5.959,1400,2021-01-26,en,"['Horror', 'Thriller']",4
11667,Street Fighter,35000000,99423521,102,11.2823,4.682,1699,1994-12-23,en,"['Action', 'Fantasy']",4
724209,Heart of Stone,0,0,122,11.2783,6.689,1978,2023-08-09,en,"['Action', 'Crime', 'Thriller']",3
11283,Nanny McPhee,25000000,123276807,97,11.2759,6.693,3292,2005-10-21,en,"['Fantasy', 'Comedy', 'Family']",4
292011,Richard Jewell,45000000,33900000,131,11.2743,7.413,2814,2019-12-13,en,"['Drama', 'History', 'Crime']",5
2655,What Lies Beneath,100000000,291420351,130,11.2741,6.4,2098,2000-07-21,en,"['Drama', 'Horror', 'Mystery', 'Thriller']",3
1656,The Legend of Zorro,75000000,142400065,130,11.2705,6.1,3181,2005-10-24,en,"['Action', 'Adventure', 'Western']",3
1641319,Sniper: No Nation,0,0,96,11.2666,6.767,103,2026-03-13,en,"['Action', 'Thriller']",3
1092,The Third Man,0,1226098,105,11.2658,7.9,2187,1949-08-31,en,"['Thriller', 'Mystery']",1
399404,Darkest Hour,30000000,150847207,125,11.2653,7.355,5659,2017-11-22,en,"['Drama', 'History']",3
705996,Decision to Leave,0,16914773,139,11.261,7.323,1637,2022-06-29,ko,"['Thriller', 'Mystery', 'Romance']",3
634,Bridget Jones's Diary,25000000,281929795,97,11.262,6.738,5651,2001-04-13,en,"['Comedy', 'Romance', 'Drama']",5
39538,Contagion,60000000,137551594,106,11.2531,6.656,6739,2011-09-08,en,"['Drama', 'Thriller', 'Science Fiction']",5
265195,Wild Tales,4000000,31478893,122,11.2503,7.867,3896,2014-08-21,es,"['Drama', 'Thriller', 'Comedy']",4
10481,102 Dalmatians,85000000,183611771,100,11.248,5.5,1513,2000-10-07,en,"['Family', 'Comedy']",2
20760,Lilo & Stitch 2: Stitch Has a Glitch,0,0,68,11.2428,6.701,1665,2005-08-22,en,"['Animation', 'Family', 'Comedy', 'Science Fiction']",2
9377,Ferris Bueller's Day Off,6000000,70100000,103,11.2478,7.56,5600,1986-06-11,en,['Comedy'],2
315011,Shin Godzilla,15000000,78053145,120,11.2384,7.253,1660,2016-07-29,ja,"['Action', 'Science Fiction', 'Horror']",2
11850,Invasion of the Body Snatchers,3500000,24946533,116,11.2319,7.2,1403,1978-12-20,en,"['Science Fiction', 'Horror']",1
1124566,Sentimental Value,7800000,23883986,133,11.2296,7.467,1124,2025-08-20,no,"['Drama', 'Comedy']",16
1005331,Carry-On,47000000,0,120,11.2287,6.87,2945,2024-12-05,en,"['Thriller', 'Action']",2
11852,The Hot Chick,34000000,54639553,104,11.2248,6.36,2264,2002-12-13,en,"['Comedy', 'Fantasy']",2
420634,Terrifier,35000,421798,84,11.2243,6.296,3083,2018-01-25,en,['Horror'],1
6795,Zathura: A Space Adventure,65000000,65079104,101,11.224,6.5,3724,2005-11-06,en,"['Science Fiction', 'Adventure', 'Family']",4
347375,Mile 22,35000000,66308758,94,11.2165,6.278,2532,2018-08-16,en,"['Action', 'Thriller']",7
345920,Collateral Beauty,36000000,88528280,97,11.2058,7.212,5622,2016-12-15,en,"['Drama', 'Romance']",6
82,Miami Vice,135000000,163800000,132,11.1983,6.0,2076,2006-07-27,en,"['Action', 'Crime', 'Thriller']",3
508965,Klaus,0,0,97,11.1974,8.217,4851,2019-11-08,en,"['Animation', 'Family', 'Comedy']",2
325133,Neighbors 2: Sorority Rising,35000000,108007109,92,11.1955,5.816,4703,2016-05-04,en,['Comedy'],4
9255,Hot Shots! Part Deux,25000000,133752825,88,11.1923,6.549,2153,1993-05-21,en,"['Action', 'Comedy', 'War']",1
168672,American Hustle,40000000,251171807,138,11.1814,6.852,7927,2013-12-12,en,"['Drama', 'Crime']",2
172385,Rio 2,103000000,498781117,101,11.1805,6.512,3866,2014-03-19,en,"['Animation', 'Adventure', 'Comedy', 'Family']",2
16307,The Wicker Man,810000,885371,93,11.1754,7.332,1738,1973-12-06,en,['Horror'],1
8960,Hancock,150000000,629400000,92,11.174,6.358,10520,2008-07-01,en,"['Fantasy', 'Action']",5
597208,Nightmare Alley,60000000,39629195,151,11.1687,6.9,3505,2021-12-02,en,"['Crime', 'Drama', 'Thriller']",2
1010756,The Strangers: Chapter 2,8000000,21921749,98,11.1683,6.025,402,2025-09-25,en,"['Horror', 'Thriller']",6
197796,Beauty and the Beast,33000000,47430624,112,11.1641,6.318,2251,2014-02-12,fr,"['Fantasy', 'Romance']",5
865,The Running Man,27000000,38122105,101,11.1634,6.543,2992,1987-11-13,en,"['Action', 'Thriller', 'Science Fiction']",3
400157,Wonder Park,100000000,119559110,86,11.1618,6.6,787,2019-03-13,en,"['Comedy', 'Animation', 'Adventure', 'Family', 'Fantasy']",4
83542,Cloud Atlas,102000000,130482868,172,11.1603,6.899,7705,2012-10-26,en,"['Drama', 'Science Fiction']",8
8845,Under Siege,35000000,156563139,102,11.1612,6.3,1809,1992-10-08,en,"['Action', 'Thriller']",5
51162,Winnie the Pooh,30000000,49871429,63,11.1574,6.9,985,2011-04-06,en,"['Animation', 'Family', 'Adventure', 'Comedy']",1
1257009,Primitive War,0,217753,135,11.1528,6.574,556,2025-08-21,en,"['Action', 'Horror', 'War', 'Science Fiction']",1
11001,Blue Streak,65000000,117758500,93,11.1525,6.5,1717,1999-09-17,en,"['Action', 'Comedy', 'Crime']",4
5876,The Mist,18000000,57470220,126,11.144,6.955,6111,2007-11-21,en,"['Horror', 'Science Fiction', 'Thriller']",2
338952,Fantastic Beasts: The Crimes of Grindelwald,200000000,654900000,134,11.142,6.828,11703,2018-11-14,en,"['Fantasy', 'Adventure']",2
6466,Freddy vs. Jason,30000000,116643421,97,11.1392,6.107,2942,2003-08-15,en,['Horror'],6
1114967,Good Fortune,30000000,26117423,97,11.1342,6.857,851,2025-10-14,en,"['Comedy', 'Fantasy']",5
1220564,The Secret Agent,5000000,18988224,161,11.1339,7.16,890,2025-07-23,pt,"['Thriller', 'Drama', 'Crime']",7
519465,Queen of Hearts,19000000,0,127,11.1283,6.899,396,2019-03-27,da,['Drama'],3
65754,The Girl with the Dragon Tattoo,90000000,232617430,158,11.124,7.386,7825,2011-12-14,en,"['Thriller', 'Crime', 'Mystery']",4
443791,Underwater,50000000,40882928,95,11.1255,6.316,3666,2020-01-08,en,"['Horror', 'Science Fiction', 'Action', 'Adventure']",3
480414,The Curse of La Llorona,9000000,123233739,93,11.1156,5.648,2743,2019-04-17,en,['Horror'],3
957304,Drive-Away Dolls,8000000,7935363,84,11.1153,5.488,626,2024-02-22,en,"['Comedy', 'Crime']",3
676710,The Amazing Maurice,17000000,21110363,93,11.1142,6.7,199,2022-12-16,en,"['Animation', 'Adventure', 'Comedy', 'Family', 'Fantasy']",10
667,You Only Live Twice,9500000,111600000,117,11.1133,6.589,2576,1967-06-13,en,"['Action', 'Thriller', 'Adventure']",1
424783,Bumblebee,135000000,467989645,114,11.1139,6.732,6862,2018-11-22,en,"['Action', 'Adventure', 'Science Fiction']",6
8367,Robin Hood: Prince of Thieves,48000000,390493908,143,11.1092,6.856,3712,1991-06-14,en,"['Action', 'Adventure', 'Drama']",1
583,Life of Brian,4000000,20833252,94,11.1067,7.764,5128,1979-08-17,en,['Comedy'],2
294272,Pete's Dragon,65000000,143695338,103,11.105,6.393,2380,2016-08-10,en,"['Adventure', 'Family', 'Fantasy']",2
381289,A Dog's Purpose,22000000,205000000,100,11.102,7.642,3607,2017-01-19,en,"['Adventure', 'Fantasy', 'Family', 'Drama']",4
9614,Happy Gilmore,12000000,41422354,92,11.102,6.674,3490,1996-02-16,en,['Comedy'],3
116149,Paddington,55000000,333960862,95,11.0991,7.125,4371,2014-11-23,en,"['Comedy', 'Adventure', 'Family']",4
724495,The Woman King,50000000,97562514,135,11.0968,7.6,2432,2022-09-16,en,"['Action', 'Drama', 'History', 'War']",5
1059064,The Instigators,0,11098,102,11.0966,6.144,698,2024-08-02,en,"['Crime', 'Comedy']",4
7555,Rambo,50000000,113200000,92,11.0961,6.7,4426,2008-01-24,en,"['Action', 'Thriller', 'War']",5
277216,Straight Outta Compton,28000000,201634991,147,11.0915,7.771,4314,2015-08-11,en,"['Drama', 'Music', 'History']",8
818647,Through My Window,0,0,112,11.0833,7.349,3388,2022-02-04,es,"['Romance', 'Drama', 'Comedy']",1
49527,Man on a Ledge,42000000,46221189,102,11.0759,6.4,2897,2012-01-13,en,"['Action', 'Thriller', 'Crime']",2
460668,I Feel Pretty,32000000,94539426,110,11.0762,6.378,2154,2018-04-19,en,"['Comedy', 'Romance']",5
12139,Dennis the Menace,35000000,117270765,96,11.0752,5.883,1656,1993-06-09,en,"['Family', 'Comedy']",1
241,Natural Born Killers,34000000,110000000,119,11.0755,7.05,3932,1994-08-26,en,"['Crime', 'Thriller', 'Drama']",6
691,The Spy Who Loved Me,13500000,185438673,125,11.0749,6.821,2328,1977-07-07,en,"['Adventure', 'Action', 'Thriller']",2
13680,The Game Plan,22000000,147880543,110,11.044,6.516,2255,2007-09-28,en,"['Comedy', 'Family']",3
921,Cinderella Man,88000000,108539911,144,11.0434,7.583,2501,2005-06-02,en,"['Romance', 'Drama', 'History']",5
8321,In Bruges,15000000,34533783,108,11.0418,7.498,6001,2008-02-08,en,"['Comedy', 'Drama', 'Crime']",5
1948,Crank,12000000,42900000,88,11.073,6.7,4393,2006-08-31,en,"['Action', 'Thriller', 'Crime']",4
184345,A Haunted House 2,4000000,25343661,87,11.0374,6.196,1632,2014-04-17,en,"['Comedy', 'Horror']",4
378236,The Emoji Movie,50000000,217776646,86,11.0348,5.367,3395,2017-07-23,en,"['Animation', 'Family', 'Comedy']",3
560016,Monkey Man,10000000,35271631,122,11.034,6.864,1539,2024-04-03,en,"['Thriller', 'Crime', 'Action']",7
204922,Before I Go to Sleep,22000000,17669776,92,11.0628,6.491,2220,2014-09-03,en,"['Thriller', 'Mystery']",6
133121,Resident Evil: Damnation,0,2325035,100,11.0339,6.891,1028,2012-09-25,ja,"['Action', 'Animation', 'Science Fiction', 'Horror']",3
82654,Warm Bodies,35000000,117000000,98,11.0338,6.476,6501,2013-01-31,en,"['Horror', 'Comedy', 'Romance', 'Science Fiction']",2
13183,Watchmen,130000000,185258983,163,11.0255,7.355,10301,2009-03-04,en,"['Mystery', 'Action', 'Science Fiction']",6
109424,Captain Phillips,55000000,218791811,134,11.0332,7.536,7710,2013-10-10,en,"['Action', 'Drama', 'Thriller']",4
17979,A Christmas Carol,200000000,325286646,96,11.0171,6.912,5003,2009-11-04,en,"['Animation', 'Drama', 'Family', 'Fantasy']",2
763285,Ambulance,40000000,52303589,136,11.0452,6.62,2568,2022-03-16,en,"['Action', 'Crime', 'Drama', 'Thriller']",5
59436,Midnight in Paris,17000000,151119219,94,11.0128,7.509,7908,2011-05-11,en,"['Fantasy', 'Comedy', 'Romance']",4
420809,Maleficent: Mistress of Evil,185000000,491730089,119,11.0112,7.292,6619,2019-10-16,en,"['Family', 'Fantasy', 'Adventure']",2
500664,Upgrade,3000000,16976561,100,11.0106,7.516,5287,2018-05-31,en,"['Action', 'Thriller', 'Science Fiction']",7
76726,Chronicle,15000000,145000000,84,11.0399,6.872,5956,2012-02-01,en,"['Science Fiction', 'Drama', 'Thriller']",4
1022964,Candy Cane Lane,0,0,117,11.0085,5.965,517,2023-11-29,en,"['Comedy', 'Fantasy', 'Family']",4
489999,Searching,880000,75636047,102,11.0072,7.565,4387,2018-08-24,en,"['Drama', 'Mystery', 'Thriller']",2
1208348,Rental Family,0,26585129,110,11.0031,7.685,1045,2025-11-20,en,"['Comedy', 'Drama']",2
602734,Spiral: From the Book of Saw,20000000,40618920,93,11.0,5.878,2381,2021-05-12,en,"['Horror', 'Mystery']",4
10201,Yes Man,70000000,223200000,104,10.998,6.695,7602,2008-12-09,en,"['Comedy', 'Romance']",4
9944,The Pelican Brief,45000000,195268056,141,11.0246,6.596,1841,1993-09-17,en,"['Thriller', 'Crime', 'Drama']",1
9341,The Core,60000000,74208267,136,10.9975,5.848,2258,2003-03-28,en,"['Science Fiction', 'Adventure', 'Thriller']",6
297270,Tinker Bell and the Legend of the NeverBeast,0,0,77,10.9959,7.435,1253,2014-12-12,en,"['Adventure', 'Animation', 'Family']",1
877817,Wolfs,80000000,0,108,10.9954,6.548,1587,2024-09-20,en,"['Crime', 'Comedy']",4
55301,Alvin and the Chipmunks: Chipwrecked,75000000,342695435,87,10.9904,5.7,2400,2011-12-14,en,"['Comedy', 'Fantasy', 'Family', 'Music', 'Animation']",5
11397,Not Another Teen Movie,16000000,66468332,89,10.9894,5.826,2383,2001-12-07,en,['Comedy'],3
400928,Gifted,7000000,40300000,101,10.9811,7.987,6084,2017-04-07,en,"['Drama', 'Comedy']",3
16996,17 Again,20000000,136300000,102,10.981,6.322,5544,2009-03-11,en,"['Comedy', 'Fantasy']",2
1903,Vanilla Sky,68000000,203388341,136,10.9798,6.833,4867,2001-12-14,en,"['Mystery', 'Romance', 'Science Fiction']",6
1597,Meet the Parents,55000000,330444045,108,10.9804,6.699,6583,2000-10-06,en,"['Comedy', 'Romance']",4
929,Godzilla,130000000,379014294,138,10.9742,5.659,4375,1998-05-20,en,"['Science Fiction', 'Action', 'Thriller']",4
588648,Dragonkeeper,25600000,6206231,99,10.9714,7.6,233,2024-04-11,es,"['Animation', 'Family', 'Action', 'Adventure', 'Fantasy']",6
553604,Honest Thief,0,31220247,99,10.9639,6.458,1954,2020-09-03,en,"['Thriller', 'Action', 'Crime']",9
13597,Labyrinth,25000000,12729917,101,10.9785,7.292,2870,1986-06-27,en,"['Adventure', 'Family', 'Fantasy']",2
5548,RoboCop,13000000,53424681,102,10.9625,7.368,5990,1987-07-17,en,"['Action', 'Thriller', 'Science Fiction']",2
512895,Lady and the Tramp,60000000,51000000,101,10.9564,7.16,1663,2019-11-12,en,"['Family', 'Romance', 'Comedy']",2
10054,Spy Kids,35000000,147934180,88,10.955,5.823,3815,2001-03-18,en,"['Family', 'Action', 'Comedy', 'Adventure', 'Science Fiction']",3
335796,Ouija: Origin of Evil,9000000,81831866,99,10.9534,6.166,2694,2016-10-20,en,['Horror'],4
11249,Seed of Chucky,12000000,24829644,86,10.9503,5.51,1806,2004-11-12,en,"['Horror', 'Comedy']",2
8645,The Happening,60000000,163403799,90,10.9486,5.412,4120,2008-06-11,en,"['Thriller', 'Science Fiction']",5
665,Ben-Hur,15000000,164000000,212,10.9429,7.893,3283,1959-11-18,en,"['History', 'Drama', 'Adventure']",1
184,Jackie Brown,12000000,74727492,154,10.9419,7.359,7150,1997-12-25,en,"['Crime', 'Drama', 'Thriller']",3
10030,Good Luck Chuck,25000000,59768495,96,10.9373,5.938,1732,2007-09-21,en,"['Comedy', 'Romance']",3
6075,Carlito's Way,30000000,63848322,144,10.9359,7.826,3607,1993-11-10,en,"['Crime', 'Drama', 'Thriller']",3
457136,Mary Queen of Scots,25000000,46712809,124,10.9339,6.541,1974,2018-12-07,en,"['Drama', 'History']",4
20662,Robin Hood,200000000,321669741,140,10.9317,6.401,5162,2010-05-12,en,"['Action', 'Adventure', 'History', 'Drama']",3
1965,A Perfect Murder,60000000,128038368,107,10.9307,6.552,1613,1998-06-05,en,"['Crime', 'Thriller', 'Drama']",2
900667,One Piece Film Red,0,171315305,115,10.9248,7.209,1158,2022-08-06,ja,"['Animation', 'Adventure', 'Action', 'Fantasy', 'Music']",8
203801,The Man from U.N.C.L.E.,75000000,110045109,116,10.9256,7.078,7081,2015-08-13,en,"['Comedy', 'Action', 'Adventure']",4
11969,Tombstone,25000000,73205065,130,10.9234,7.582,2563,1993-12-25,en,"['Western', 'Action']",2
11675,Halloween H20: 20 Years Later,17000000,75041738,86,10.9246,6.048,1868,1998-08-05,en,"['Horror', 'Thriller']",4
9603,Clueless,12000000,56631572,97,10.9199,7.239,4949,1995-07-19,en,"['Comedy', 'Romance']",3
38408,Life As We Know It,38000000,105734416,114,10.9194,6.888,3339,2010-10-02,en,"['Comedy', 'Romance', 'Drama']",2
68730,Silence,46000000,23834809,161,10.9176,7.118,3420,2016-12-23,en,"['Drama', 'History']",7
838209,Exhuma,0,97974828,134,10.9159,7.659,834,2024-02-22,ko,"['Mystery', 'Horror', 'Thriller']",3
533642,Child's Play,10000000,44902237,90,10.9193,5.959,2106,2019-06-19,en,['Horror'],5
1278950,The Ritual,0,3195869,98,10.9076,5.876,307,2025-04-18,en,"['Horror', 'Drama', 'Thriller']",12
10521,Bride Wars,30000000,115375850,89,10.9039,6.248,3245,2009-01-09,en,"['Comedy', 'Romance']",4
9665,Glory,18000000,26800000,122,10.9091,7.492,1882,1989-12-15,en,"['Drama', 'History', 'War']",2
638974,Murder Mystery 2,0,0,91,10.9011,6.353,2047,2023-03-28,en,"['Comedy', 'Mystery', 'Crime']",5
241848,The Guest,5000000,2700051,101,10.9035,6.623,2222,2014-09-05,en,"['Mystery', 'Thriller', 'Action']",2
8456,Never Back Down,20000000,41627431,113,10.8997,6.779,2564,2008-03-04,en,"['Drama', 'Action']",4
12162,The Hurt Locker,15000000,49259766,131,10.8967,7.248,6389,2008-10-10,en,"['Drama', 'Thriller', 'War']",5
58151,Fright Night,30000000,41002607,106,10.8965,6.3,2191,2011-07-26,en,"['Horror', 'Comedy']",4
1196573,She Rides Shotgun,0,23443,120,10.8958,7.035,341,2025-07-31,en,"['Action', 'Thriller', 'Crime']",5
62764,Mirror Mirror,85000000,183018522,106,10.8929,5.9,3329,2012-03-15,en,"['Adventure', 'Comedy', 'Family', 'Fantasy']",6
12620,The House Bunny,25000000,70442940,97,10.8921,5.684,2073,2008-08-22,en,"['Romance', 'Comedy']",4
46529,I Am Number Four,50000000,149900000,109,10.887,6.209,5145,2011-02-18,en,"['Action', 'Thriller', 'Science Fiction', 'Adventure']",3
579974,RRR,69000000,166602994,187,10.8902,7.718,1713,2022-03-24,te,"['Action', 'History', 'Drama']",1
82695,Les Misérables,61000000,442636309,158,10.8831,7.292,5702,2012-12-18,en,"['History', 'Drama']",5
639720,IF,110000000,190309707,104,10.8826,6.937,1702,2024-05-08,en,"['Comedy', 'Fantasy', 'Family']",3
3131,Gangs of New York,100000000,193772504,168,10.8787,7.316,7445,2002-12-14,en,"['Drama', 'History', 'Crime']",4
582,The Lives of Others,2000000,77672685,137,10.8742,8.037,4290,2006-03-23,de,"['Drama', 'Thriller']",4
11622,Blast from the Past,35000000,40263020,112,10.8737,6.818,1288,1999-02-12,en,"['Drama', 'Romance', 'Comedy']",3
796499,Army of Thieves,30000000,46900000,128,10.8692,6.796,2366,2021-10-27,en,"['Action', 'Crime', 'Comedy']",2
714,Tomorrow Never Dies,110000000,333011068,119,10.8672,6.392,3567,1997-12-11,en,"['Adventure', 'Action', 'Thriller']",1
10140,The Chronicles of Narnia: The Voyage of the Dawn Treader,155000000,415686217,113,10.8658,6.445,6030,2010-12-02,en,"['Adventure', 'Family', 'Fantasy']",3
7484,Open Season,85000000,200811689,86,10.8648,6.197,3081,2006-09-27,en,"['Animation', 'Family', 'Adventure', 'Comedy']",2
9291,The Longest Yard,90000000,191466556,113,10.8418,6.681,3804,2005-05-27,en,"['Drama', 'Comedy', 'Crime']",5
1439112,Muzzle: City of Wolves,0,0,93,10.8604,6.63,162,2025-11-13,en,"['Action', 'Thriller', 'Mystery']",8
585216,Escape Room: Tournament of Champions,15000000,65774490,88,10.8605,6.497,2367,2021-07-01,en,"['Horror', 'Thriller', 'Mystery']",3
676547,Prey for the Devil,0,37655699,93,10.8399,6.8,1034,2022-10-23,en,"['Horror', 'Thriller']",3
1205515,"Sorry, Baby",1500000,2279895,103,10.8381,6.869,358,2025-06-27,en,"['Drama', 'Comedy']",7
8916,Antz,60000000,171757863,83,10.8354,6.192,4860,1998-10-02,en,"['Animation', 'Comedy', 'Family']",3
10065,The Amityville Horror,19000000,107516369,90,10.8343,6.127,2430,2005-04-14,en,['Horror'],4
664,Twister,92000000,494471524,113,10.828,6.6,4012,1996-05-10,en,"['Action', 'Adventure', 'Drama']",3
9741,Unbreakable,75000000,248118121,106,10.825,7.146,10186,2000-11-22,en,"['Thriller', 'Drama', 'Mystery']",3
3049,Ace Ventura: Pet Detective,15000000,107217396,86,10.8236,6.6,6607,1994-02-04,en,"['Comedy', 'Crime', 'Mystery']",1
619264,The Platform,1203235,1090116,95,10.82,6.964,8043,2019-11-08,es,"['Drama', 'Science Fiction', 'Thriller']",4
1076364,Carl's Date,0,0,9,10.8183,7.4,465,2023-06-15,en,"['Animation', 'Family', 'Comedy', 'Romance']",1
504172,The Mule,50000000,174800000,116,10.8181,6.872,5500,2018-12-14,en,"['Crime', 'Drama', 'Thriller']",4
842924,The Life of Chuck,25000000,19700844,111,10.8164,7.3,1312,2025-06-02,en,"['Fantasy', 'Drama']",3
277,Underworld,22000000,95708457,122,10.8162,6.862,6815,2003-09-19,en,"['Fantasy', 'Action', 'Thriller']",5
906126,Society of the Snow,65500000,1281,143,10.8159,7.968,3654,2023-12-15,es,"['Drama', 'History']",3
957452,The Crow,50000000,24109036,111,10.8157,5.768,1350,2024-08-21,en,"['Action', 'Fantasy', 'Horror']",9
14537,Harakiri,0,0,135,10.8153,8.465,1292,1962-09-15,ja,"['Action', 'Drama', 'History']",1
397422,Rough Night,20000000,47347283,101,10.8142,5.7,2136,2017-06-15,en,"['Drama', 'Comedy']",4
180863,T2 Trainspotting,18000000,41681746,117,10.7803,6.934,3464,2017-01-27,en,"['Drama', 'Comedy', 'Crime']",7
71672,Wrong Turn 4: Bloody Beginnings,3000000,0,93,10.7767,5.764,1271,2011-10-17,en,"['Horror', 'Thriller']",4
6877,Failure to Launch,50000000,130224158,97,10.7805,5.9,1867,2006-03-10,en,"['Romance', 'Comedy']",3
765172,Rise of the Teenage Mutant Ninja Turtles: The Movie,0,0,86,10.775,7.3,118,2022-11-19,en,"['Animation', 'Action', 'Science Fiction', 'Comedy']",1
1242011,Together,17000000,34747399,102,10.7733,6.905,1383,2025-07-14,en,"['Horror', 'Romance']",7
285783,The Walk,35000000,61181942,123,10.7709,7.0,3462,2015-09-30,en,"['History', 'Drama', 'Adventure']",3
747188,Asteroid City,25000000,53857743,105,10.7676,6.461,2647,2023-06-08,en,"['Comedy', 'Drama']",3
11774,Lemony Snicket's A Series of Unfortunate Events,140000000,209073645,108,10.7663,6.819,5404,2004-12-16,en,"['Adventure', 'Comedy', 'Family']",5
291870,Dirty Grandpa,11500000,94100000,102,10.7651,5.942,4681,2016-01-20,en,['Comedy'],8
1123093,Diary of a Wimpy Kid Christmas: Cabin Fever,0,0,64,10.7617,6.678,107,2023-12-07,en,"['Animation', 'Comedy', 'Family']",2
1992,Planet Terror,23000000,11446172,105,10.7542,6.692,3980,2007-04-06,en,"['Horror', 'Action', 'Thriller']",3
8292,Four Brothers,45000000,92374674,109,10.7555,6.806,2497,2005-08-11,en,"['Action', 'Crime']",2
23202,Trick 'r Treat,12000000,27909,82,10.7531,7.53,115,2025-10-14,en,"['Horror', 'Fantasy', 'Comedy']",4
8914,Deep Blue Sea,60000000,164648231,105,10.759,6.004,2754,1999-07-28,en,"['Action', 'Horror', 'Science Fiction']",4
614696,#Alive,6300000,13416285,98,10.7416,7.202,2124,2020-06-24,ko,"['Action', 'Horror', 'Science Fiction']",3
407451,A Wrinkle in Time,103000000,132675864,109,10.7392,5.046,1893,2018-03-08,en,"['Adventure', 'Science Fiction', 'Family', 'Fantasy']",2
2133,The Perfect Storm,130000000,328718434,130,10.4758,6.493,2677,2000-06-29,en,"['Drama', 'Adventure', 'Action', 'Thriller']",4
490,The Seventh Seal,150000,311212,96,10.6937,8.134,3474,1957-02-16,sv,"['Fantasy', 'Drama']",1
533,Wallace & Gromit: The Curse of the Were-Rabbit,30000000,192610372,85,10.4913,7.1,3191,2005-09-15,en,"['Adventure', 'Animation', 'Comedy', 'Family']",2
615904,Marry Me,23000000,44000000,112,10.4631,6.602,1130,2022-02-09,en,"['Romance', 'Comedy', 'Music']",3
389015,"I, Tonya",11000000,53900000,120,10.0667,7.465,6328,2017-12-07,en,"['Drama', 'Comedy']",2
1263012,Dead Man's Wire,13000000,2248569,106,10.5574,6.52,229,2026-01-09,en,"['Crime', 'Drama', 'Thriller']",27
9645,Ghost Ship,35000000,71142361,91,10.5437,6.016,2785,2002-10-25,en,"['Horror', 'Mystery', 'Thriller']",5
795,City of Angels,55000000,198685114,114,10.1718,6.833,2464,1998-04-10,en,"['Drama', 'Fantasy', 'Romance']",4
492188,Marriage Story,18000000,333686,137,10.406,7.733,7577,2019-09-28,en,['Drama'],1
12244,9,30000000,48428063,79,10.6132,6.967,4038,2009-08-19,en,"['Action', 'Adventure', 'Animation', 'Science Fiction', 'Thriller']",5
375794,"No manches, Frida",5000000,23500000,100,10.2281,7.737,974,2016-09-02,es,['Comedy'],8
299687,The 5th Wave,38000000,109906372,112,10.6614,5.949,6176,2016-01-14,en,"['Science Fiction', 'Adventure', 'Action']",4
5176,3:10 to Yuma,55000000,70000000,122,10.6604,7.235,4201,2007-09-06,en,['Western'],4
253412,Everest,55000000,203427584,121,10.659,6.829,5366,2015-09-10,en,"['Adventure', 'Drama', 'History']",6
192141,No Escape,5000000,54400000,103,10.6569,6.953,2811,2015-08-26,en,"['Thriller', 'Action']",3
979,Irreversible,3500000,6500000,97,10.6522,7.171,3447,2002-05-22,fr,"['Drama', 'Thriller', 'Crime']",7
9994,The Great Mouse Detective,14000000,38600000,74,10.647,7.0,1852,1986-07-02,en,"['Animation', 'Family', 'Mystery', 'Crime', 'Adventure']",2
536554,M3GAN,12000000,180089109,102,10.6403,7.004,5043,2022-12-28,en,"['Science Fiction', 'Horror']",3
9029,What Happens in Vegas,35000000,219400000,99,10.6371,6.123,3404,2008-05-07,en,"['Comedy', 'Romance']",7
323675,Ride Along 2,40000000,124827316,102,10.6319,6.253,1846,2016-01-14,en,"['Action', 'Comedy']",4
34016,She's Out of My League,20000000,49800000,104,10.6262,6.512,2432,2010-03-11,en,"['Romance', 'Comedy']",3
1361774,The Dink,0,0,103,10.6254,6.402,148,2026-07-23,en,['Comedy'],2
74643,The Artist,15000000,133432856,100,10.6237,7.432,3626,2011-10-12,fr,"['Drama', 'Comedy', 'Romance']",7
218043,Left Behind,16000000,19682924,110,10.6235,4.306,1437,2014-10-03,en,"['Thriller', 'Action', 'Science Fiction']",1
26466,Triangle,12000000,1594955,99,10.6212,6.913,3152,2009-10-16,en,['Horror'],6
397243,The Autopsy of Jane Doe,4000000,6170043,86,10.6179,6.845,4909,2016-12-21,en,"['Horror', 'Mystery']",3
2252,Eastern Promises,51500000,56106607,100,10.6143,7.344,3859,2007-09-14,en,"['Thriller', 'Crime', 'Mystery']",9
9383,Hollow Man,95000000,190213455,112,10.6101,5.984,2944,2000-08-04,en,"['Action', 'Science Fiction', 'Thriller']",3
773,Little Miss Sunshine,8000000,100523351,102,10.6064,7.691,8106,2006-07-26,en,"['Comedy', 'Drama']",2
899082,Harry Potter 20th Anniversary: Return to Hogwarts,0,0,103,10.6057,7.311,3578,2022-01-01,en,['Documentary'],3
9992,Arthur and the Invisibles,86000000,108605609,94,10.5996,6.394,3107,2006-12-13,fr,"['Adventure', 'Fantasy', 'Animation', 'Family']",3
6279,Sister Act 2: Back in the Habit,38000000,57319029,107,10.5972,6.373,2017,1993-12-09,en,"['Music', 'Comedy']",3
656663,Jackass Forever,10000000,80563999,96,10.6037,6.803,988,2022-02-01,en,"['Action', 'Comedy', 'Documentary']",3
16664,All About Lily Chou-Chou,1250000,6776921,146,10.5929,7.472,323,2001-10-06,ja,"['Drama', 'Crime']",4
9594,Double Impact,15000000,30102717,110,10.5895,6.22,1262,1991-07-31,en,"['Thriller', 'Action', 'Crime', 'Drama']",3
782,Gattaca,36000000,12532777,107,10.5889,7.567,7175,1997-07-09,en,"['Science Fiction', 'Drama']",2
218836,Planes: Fire & Rescue,50000000,151165787,83,10.5834,6.2,953,2014-07-17,en,"['Animation', 'Comedy', 'Adventure', 'Family']",5
1368881,Ladies First,0,0,94,10.5832,5.937,547,2026-05-21,en,"['Comedy', 'Fantasy']",2
13027,Eagle Eye,80000000,178800000,118,10.578,6.511,3247,2008-09-25,en,"['Mystery', 'Thriller', 'Action']",4
2057,Original Sin,42000000,35402320,116,10.5783,6.137,928,2001-05-08,en,"['Thriller', 'Drama', 'Mystery', 'Romance', 'History']",7
10014,A Nightmare on Elm Street Part 2: Freddy's Revenge,3000000,30000121,87,10.5777,5.8,2202,1985-11-01,en,['Horror'],4
9036,Eight Below,40000000,120453565,120,10.578,7.0,1870,2006-02-17,en,"['Adventure', 'Drama', 'Family']",6
369885,Allied,106000000,119520023,124,10.5756,6.8,4905,2016-11-23,en,"['Action', 'Drama', 'War', 'Romance', 'Thriller']",4
305470,Power Rangers,105000000,142300000,124,10.5716,6.242,4744,2017-03-23,en,"['Action', 'Adventure', 'Science Fiction']",5
460019,Truth or Dare,3500000,95330493,101,10.5715,5.935,4277,2018-04-12,en,"['Thriller', 'Horror']",1
9038,The Heartbreak Kid,60000000,128453183,116,10.5624,5.755,1816,2007-10-05,en,"['Comedy', 'Romance']",4
617,Wild Things,20000000,67200000,108,10.5617,6.39,2076,1998-03-20,en,"['Mystery', 'Thriller', 'Drama']",1
68724,Elysium,115000000,286140700,109,10.559,6.526,9845,2013-08-07,en,"['Science Fiction', 'Action', 'Drama', 'Thriller']",5
28468,The Key,0,0,110,10.5581,6.0,456,1983-10-19,it,"['Drama', 'Romance']",3
829280,Enola Holmes 2,0,0,131,10.5552,7.397,3184,2022-11-03,en,"['Adventure', 'Mystery', 'Crime']",2
10995,The Lover,0,5013090,115,10.5525,7.018,785,1992-01-22,fr,"['Drama', 'Romance']",4
340837,A Cure for Wellness,40000000,26620002,146,10.5479,6.352,4310,2017-02-15,en,"['Horror', 'Mystery', 'Science Fiction']",3
758009,Shotgun Wedding,0,4495365,101,10.5505,6.223,1345,2022-12-28,en,"['Action', 'Comedy', 'Romance']",2
59961,Safe House,85000000,208076205,115,10.5433,6.495,4040,2012-02-08,en,"['Action', 'Thriller']",3
642,Butch Cassidy and the Sundance Kid,6000000,102308889,111,10.54,7.608,2562,1969-09-23,en,"['Western', 'Crime', 'Drama']",4
11469,Black Knight,50000000,33422806,95,10.5326,5.49,1268,2001-11-21,en,"['Comedy', 'Fantasy', 'Adventure']",6
12123,Chain Reaction,50000000,60209334,107,10.5269,5.825,1262,1996-08-02,en,"['Thriller', 'Action', 'Science Fiction']",4
400650,Mary Poppins Returns,130000000,348807090,131,10.521,6.509,3534,2018-12-13,en,"['Fantasy', 'Family', 'Comedy']",3
649409,No Sudden Move,0,0,115,10.5196,6.378,847,2021-06-24,en,"['Crime', 'Thriller']",2
765245,Swan Song,0,0,112,10.5174,7.1,623,2021-12-17,en,"['Drama', 'Science Fiction']",3
433808,The Ritual,1000000,1786396,94,10.5171,6.305,3592,2017-10-11,en,"['Horror', 'Mystery']",3
712,Four Weddings and a Funeral,4400000,245700832,117,10.5145,6.771,3089,1994-03-09,en,"['Comedy', 'Drama', 'Romance']",3
1137350,The Phoenician Scheme,30000000,40566381,102,10.5098,6.52,1062,2025-05-23,en,"['Comedy', 'Adventure', 'Crime']",3
542224,Gretel & Hansel,5000000,22304357,87,10.5047,6.036,1625,2020-01-30,en,"['Horror', 'Fantasy']",3
419680,Daddy's Home 2,69000000,180613180,100,10.501,6.304,2803,2017-11-09,en,['Comedy'],3
1254786,The Life List,0,0,123,10.496,6.954,637,2025-03-27,en,"['Romance', 'Comedy', 'Drama']",1
760161,Orphan: First Kill,10000000,9572765,99,10.496,6.6,2365,2022-07-27,en,"['Horror', 'Thriller']",3
62838,New Year's Eve,56000000,142044638,118,10.4939,5.887,2248,2011-12-08,en,"['Comedy', 'Romance']",3
23823,Wrong Turn 3: Left for Dead,3000000,0,91,10.4938,5.717,1326,2009-10-08,en,"['Horror', 'Thriller']",3
433,Mary Poppins,4650000,103100000,139,10.4921,7.549,5121,1964-12-17,en,"['Comedy', 'Family', 'Fantasy']",1
8009,Highlander,19000000,12900000,116,10.492,6.86,3045,1986-03-07,en,"['Adventure', 'Action', 'Fantasy']",3
1830,Lord of War,50000000,72600000,122,10.4903,7.348,5574,2005-09-16,en,"['Crime', 'Drama', 'Thriller']",8
8055,The Reader,32000000,108902486,124,10.4854,7.459,3484,2008-12-10,en,"['Drama', 'Romance']",3
216282,Into the Storm,50000000,160600000,89,10.4874,6.076,2239,2014-08-06,en,"['Action', 'Thriller']",5
9986,Charlotte's Web,85000000,148964660,97,10.4816,6.229,1496,2006-12-07,en,"['Comedy', 'Family', 'Fantasy']",5
37735,Easy A,8000000,75026327,93,10.4802,6.8,7569,2010-09-16,en,['Comedy'],2
72784,The Loft,14000000,10100000,103,10.4774,6.407,1614,2014-10-14,en,['Thriller'],2
660,Thunderball,9000000,141200000,130,10.4762,6.67,2736,1965-12-11,en,"['Adventure', 'Action', 'Thriller']",1
10999,Commando,10000000,57500000,90,10.4759,6.752,3306,1985-10-03,en,"['Action', 'Adventure', 'Thriller']",3
10229,A Walk to Remember,11800000,47494916,102,10.4707,7.747,4346,2002-01-25,en,"['Drama', 'Romance']",3
755566,Day Shift,100000000,0,114,10.4679,6.732,2299,2022-08-05,en,"['Action', 'Horror', 'Comedy']",2
877703,Teen Wolf: The Movie,15000000,0,140,10.4656,7.435,998,2023-01-18,en,"['Action', 'Fantasy', 'TV Movie']",4
9804,Waterworld,175000000,264218220,135,10.458,6.2,4247,1995-07-28,en,"['Adventure', 'Action', 'Science Fiction']",4
420814,Christopher Robin,75000000,197744825,104,10.453,7.292,3001,2018-08-01,en,"['Adventure', 'Comedy', 'Family', 'Fantasy']",2
1041613,Immaculate,9000000,35340015,89,10.4524,6.203,1740,2024-03-20,en,"['Horror', 'Mystery', 'Thriller']",3
888,The Flintstones,46000000,341631208,91,10.4494,5.4,2689,1994-05-27,en,"['Fantasy', 'Comedy', 'Family']",3
169917,A Walk Among the Tombstones,28000000,58834384,114,10.4508,6.346,3113,2014-09-18,en,"['Crime', 'Drama', 'Mystery', 'Thriller']",8
700391,65,45000000,60730568,92,10.4489,5.953,2986,2023-03-02,en,"['Action', 'Adventure', 'Science Fiction']",5
9481,The Bone Collector,73000000,151493655,118,10.4489,6.796,4021,1999-11-04,en,"['Crime', 'Thriller', 'Drama', 'Mystery']",3
646389,Plane,25000000,74515586,107,10.4386,6.893,2766,2023-01-11,en,"['Action', 'Adventure', 'Thriller']",5
1022256,Selena Gomez: My Mind & Me,0,0,95,10.4355,8.5,620,2022-11-04,en,"['Documentary', 'Music']",2
15371,The Castle of Cagliostro,7202188,8194857,102,10.4354,7.507,1180,1979-07-06,ja,"['Animation', 'Adventure', 'Comedy', 'Crime']",2
38234,Undisputed III: Redemption,3000000,76500000,96,10.4346,7.6,1075,2010-04-17,en,"['Action', 'Thriller', 'Crime', 'Drama']",2
55721,Bridesmaids,32500000,288383523,125,10.4286,6.508,4789,2011-05-13,en,"['Comedy', 'Romance']",2
681,Diamonds Are Forever,7200000,116019547,120,10.4231,6.396,2455,1971-12-14,en,"['Action', 'Thriller']",2
11635,Old School,24000000,87100000,92,10.4187,6.628,2203,2003-02-21,en,['Comedy'],2
3114,The Searchers,3750000,0,119,10.4196,7.7,1635,1956-05-16,en,['Western'],2
381283,mother!,30000000,44516999,121,10.4163,6.949,7278,2017-09-13,en,"['Horror', 'Drama']",2
198277,Begin Again,8000000,63500000,104,10.4122,7.233,4083,2014-06-27,en,"['Comedy', 'Music', 'Romance', 'Drama']",5
277217,Descendants,0,0,112,10.4115,7.182,2585,2015-07-31,en,"['Family', 'Adventure', 'Fantasy', 'TV Movie']",3
412656,Chaos Walking,125000000,26508132,109,10.4008,6.5,2709,2021-02-24,en,"['Fantasy', 'Science Fiction', 'Adventure']",8
9361,The Last of the Mohicans,40000000,75505856,112,10.4048,7.386,3564,1992-08-26,en,"['History', 'War', 'Drama']",1
9007,Just Like Heaven,58000000,102900000,95,10.3944,6.972,2652,2005-09-16,en,"['Comedy', 'Romance', 'Fantasy']",2
24420,The Time Traveler's Wife,39000000,101344412,107,10.384,6.958,2801,2009-08-14,en,"['Drama', 'Romance', 'Fantasy']",3
9477,King Arthur,120000000,203567857,126,10.3784,6.303,3018,2004-07-07,en,"['Adventure', 'War', 'History', 'Action', 'Drama']",4
242224,The Babadook,2000000,10300000,94,10.3771,6.54,6577,2014-05-22,en,"['Drama', 'Horror']",5
820609,No One Will Save You,22800000,0,93,10.3751,6.704,1620,2023-09-21,en,"['Horror', 'Science Fiction']",2
8584,Shanghai Noon,55000000,99274467,110,10.3679,6.4,2870,2000-05-26,en,"['Adventure', 'Comedy', 'Western']",4
5924,Papillon,12000000,53267000,151,10.3667,7.827,2199,1973-12-16,en,"['Crime', 'Drama']",3
38117,Beastly,17000000,43200000,86,10.3505,6.299,2898,2011-01-21,en,"['Romance', 'Fantasy', 'Drama']",1
699,For Your Eyes Only,28000000,195300000,128,10.3601,6.549,2167,1981-06-24,en,"['Adventure', 'Action', 'Thriller']",1
60308,Moneyball,50000000,110206216,134,10.3405,7.3,6025,2011-09-23,en,['Drama'],4
76640,The Last Stand,30000000,0,107,10.3406,6.098,3080,2013-01-12,en,"['Action', 'Crime', 'Thriller']",3
45772,Gnomeo & Juliet,36000000,189712432,84,10.3313,5.9,2123,2011-01-13,en,"['Animation', 'Family']",3
879,Hook,70000000,300854823,142,10.336,6.844,5890,1991-04-10,en,"['Adventure', 'Fantasy', 'Comedy', 'Family']",3
284293,Still Alice,5000000,44779195,101,10.3489,7.465,3356,2014-12-05,en,['Drama'],5
36685,The Rocky Horror Picture Show,1400000,171181400,100,10.3305,7.444,3259,1975-08-14,en,"['Comedy', 'Science Fiction', 'Horror']",4
1268127,Humint,16000000,13207600,120,10.3288,7.4,186,2026-02-11,ko,"['Thriller', 'Action', 'Drama']",1
279,Amadeus,18000000,90007557,160,10.3215,8.025,4941,1984-09-19,en,"['Drama', 'History', 'Music']",1
703451,Your Place or Mine,0,0,109,10.325,6.248,893,2023-02-10,en,"['Romance', 'Comedy']",3
1422096,Good Boy,70000,8844724,73,10.347,6.612,753,2025-10-01,en,['Horror'],1
539681,DC League of Super-Pets,90000000,203000000,105,10.3184,7.1,1784,2022-07-27,en,"['Family', 'Comedy', 'Adventure', 'Animation', 'Science Fiction', 'Action']",4
10567,Dinosaur,127500000,354248063,82,10.3181,6.591,2829,2000-05-19,en,"['Adventure', 'Animation', 'Drama', 'Family']",3
10731,The Client,45000000,117615211,119,10.1737,6.694,1449,1994-07-20,en,"['Drama', 'Thriller', 'Crime', 'Mystery']",3
8337,They Live,4000000,13000000,93,9.5453,7.312,3662,1988-11-04,en,"['Science Fiction', 'Action', 'Thriller']",2
484641,Anna,34000000,31626978,119,9.3645,6.719,3111,2019-06-19,en,"['Action', 'Adventure', 'Thriller']",7
1493400,Camp Rock 3,0,0,93,10.6675,6.447,131,2026-08-13,en,"['Music', 'Comedy', 'Drama', 'TV Movie']",7
9946,End of Days,100000000,212000000,122,10.2195,6.103,2156,1999-11-24,en,"['Action', 'Horror', 'Fantasy']",1
72387,Safe,30000000,40300000,94,9.9345,6.5,2774,2012-04-16,en,"['Action', 'Crime', 'Thriller']",6
2119,Days of Thunder,60000000,157920733,107,10.0438,6.398,1807,1990-06-27,en,"['Adventure', 'Action', 'Drama']",2
9772,Air Force One,85000000,315200000,124,9.9159,6.5,3446,1997-07-25,en,"['Action', 'Thriller']",1
44943,Battle: Los Angeles,70000000,211800000,116,10.3037,5.832,3862,2011-03-08,en,"['Science Fiction', 'Action']",3
718032,Licorice Pizza,40000000,33277069,133,9.8581,6.94,2801,2021-11-26,en,"['Drama', 'Comedy', 'Romance']",4
793,Blue Velvet,6000000,8636706,120,10.2665,7.606,3973,1986-09-19,en,"['Mystery', 'Thriller', 'Crime']",1
11460,Red Eye,26000000,57891803,85,10.2624,6.4,2635,2005-08-10,en,"['Thriller', 'Mystery']",3
9279,Jingle All the Way,60000000,129832389,89,10.2622,6.068,3049,1996-11-21,en,"['Family', 'Adventure', 'Comedy']",3
320,Insomnia,46000000,113714830,118,10.2617,6.956,5563,2002-05-24,en,"['Thriller', 'Crime', 'Drama']",3
308504,Last Knights,40000000,3643591,115,10.2586,6.379,1194,2015-04-03,en,"['Action', 'Adventure']",12
774370,Dog Man,40000000,145603415,89,10.2544,7.4,398,2025-01-24,en,"['Family', 'Comedy', 'Adventure', 'Animation', 'Action']",1
1646,Freedom Writers,21000000,43095175,123,10.2403,7.934,2504,2007-01-05,en,"['Crime', 'Drama']",3
9793,The Hills Have Eyes 2,15000000,37697773,89,10.2313,5.585,1678,2007-03-22,en,['Horror'],3
11565,Big Momma's House 2,40000000,141522961,99,10.2368,5.8,1736,2006-01-26,en,"['Comedy', 'Crime']",7
4147,Road to Perdition,80000000,181001478,117,10.231,7.363,4133,2002-07-12,en,"['Crime', 'Drama', 'Thriller']",3
1196067,Worldbreaker,0,0,95,10.2255,5.99,295,2025-10-30,en,"['Action', 'Horror', 'Science Fiction']",9
710295,Wolf Man,25000000,36806021,103,10.2226,6.128,1072,2025-01-15,en,"['Horror', 'Thriller']",3
390043,The Hitman's Bodyguard,30000000,176586701,118,10.2211,6.896,6845,2017-08-16,en,"['Action', 'Comedy', 'Crime', 'Thriller']",10
1996,Lara Croft: Tomb Raider - The Cradle of Life,95000000,160099222,117,10.22,5.763,4640,2003-07-21,en,"['Adventure', 'Action', 'Fantasy']",8
650,Boyz n the Hood,6500000,57504069,112,10.2192,7.638,2361,1991-07-12,en,"['Drama', 'Crime']",1
12163,The Wrestler,6000000,44734660,109,10.2175,7.538,4153,2008-12-17,en,"['Drama', 'Romance']",4
15370,The Cat Returns,0,54016370,75,10.2173,7.1,2543,2002-07-19,ja,"['Adventure', 'Fantasy', 'Animation', 'Drama', 'Family']",6
1995,Lara Croft: Tomb Raider,115000000,274703340,100,10.2158,5.916,6695,2001-06-15,en,"['Adventure', 'Action', 'Fantasy']",4
1278101,Big World,7000000,109500000,131,10.2143,8.697,142,2024-12-27,zh,"['Drama', 'Family']",5
1043197,Dust Bunny,0,928164,106,10.2135,6.685,418,2025-12-11,en,['Fantasy'],4
16119,Cinderella III: A Twist in Time,0,0,74,10.2103,6.6,1356,2007-02-06,en,"['Animation', 'Romance', 'Family', 'Fantasy']",1
466282,To All the Boys I've Loved Before,0,0,100,10.2102,7.588,8785,2018-08-17,en,"['Comedy', 'Romance']",2
8329,[REC],1500000,32511655,78,10.2094,7.239,5038,2007-11-20,es,"['Horror', 'Mystery']",1
188161,A Million Ways to Die in the West,40000000,86400000,116,10.2077,6.052,4533,2014-05-22,en,"['Comedy', 'Western']",4
3782,Ikiru,85000,55240,143,10.2064,8.308,1402,1952-10-09,ja,['Drama'],1
334,Magnolia,37000000,48451803,189,10.206,7.72,4174,1999-12-17,en,['Drama'],2
7453,The Hitchhiker's Guide to the Galaxy,50000000,104500000,109,10.2045,6.689,4390,2005-04-28,en,"['Adventure', 'Comedy', 'Science Fiction']",4
1182047,The Apprentice,16000000,17271613,122,10.2042,6.837,1054,2024-10-09,en,"['History', 'Drama', 'Comedy']",16
465078,God: Serengeti,0,0,4,10.2015,6.7,102,2017-07-06,en,"['Comedy', 'Fantasy']",1
10184,He's Just Not That Into You,40000000,178866158,129,10.2009,6.6,4127,2009-02-06,en,"['Comedy', 'Romance', 'Drama']",2
525661,Bombshell,32000000,61404394,109,10.1974,6.766,3282,2019-12-13,en,['Drama'],7
10802,Showgirls,45000000,20367472,131,10.1915,5.568,1448,1995-09-22,en,['Drama'],5
227306,Unbroken,65000000,163400000,137,10.1895,7.416,4458,2014-12-25,en,"['Drama', 'War']",3
612,Munich,70000000,130982129,164,10.1883,7.131,3105,2005-12-23,en,"['Drama', 'History', 'Thriller']",8
9276,The Faculty,15000000,40283321,104,10.1783,6.579,2377,1998-12-25,en,"['Horror', 'Science Fiction']",2
1104845,Plankton: The Movie,0,0,83,10.1774,6.682,192,2025-03-08,en,"['Family', 'Comedy', 'Adventure', 'Animation', 'Science Fiction']",1
774531,Young Woman and the Sea,40000000,581725,129,10.1769,7.849,466,2024-05-31,en,"['History', 'Drama']",2
818397,Memory,30000000,13900000,114,10.1712,6.715,1722,2022-04-28,en,"['Action', 'Thriller', 'Crime']",5
1911,The 13th Warrior,120000000,61698899,103,10.1671,6.713,2150,1999-08-13,en,"['Adventure', 'History', 'Action']",2
1050035,Monster,0,0,125,10.1633,7.939,971,2023-06-02,ja,"['Mystery', 'Thriller', 'Drama']",5
11683,Land of the Dead,15000000,47074133,93,10.1658,6.269,1893,2005-06-18,en,"['Horror', 'Science Fiction', 'Thriller']",6
1729,The Forbidden Kingdom,55000000,127906624,104,10.1614,6.655,2000,2008-04-17,en,"['Action', 'Adventure', 'Fantasy']",9
49730,Red Riding Hood,42000000,89162162,100,10.16,5.974,3368,2011-03-10,en,"['Thriller', 'Drama', 'Fantasy', 'Mystery', 'Horror', 'Romance']",3
929204,Wallace & Gromit: Vengeance Most Fowl,0,191452,79,10.1591,7.462,732,2024-12-18,en,"['Animation', 'Adventure', 'Comedy', 'Science Fiction', 'Family']",1
16337,The Texas Chainsaw Massacre Part 2,4500000,8027706,100,10.1582,5.669,1066,1986-08-22,en,"['Horror', 'Comedy']",2
539745,Animal Farm,35000000,6268861,95,10.1568,6.4,115,2026-04-30,en,"['Animation', 'Comedy', 'Drama', 'Family', 'Science Fiction']",3
1064486,Memoir of a Snail,4350000,7,94,10.1551,8.1,839,2024-10-17,en,"['Animation', 'Comedy', 'Drama']",2
51739,Arrietty,23000000,149660003,95,10.1543,7.681,3289,2010-07-16,ja,"['Fantasy', 'Animation', 'Family']",9
7459,Speed Racer,120000000,93900000,135,10.1525,6.387,1868,2008-05-07,en,"['Family', 'Action', 'Adventure', 'Comedy']",4
333352,Eye in the Sky,13000000,18704595,102,10.1521,6.994,1800,2015-09-07,en,"['Drama', 'Thriller', 'War']",2
2270,Stardust,70000000,137500000,127,10.1416,7.294,4597,2007-08-10,en,"['Adventure', 'Fantasy', 'Romance', 'Family']",5
12106,The Quick and the Dead,35000000,47000000,107,10.1407,6.563,2056,1995-02-09,en,"['Western', 'Action', 'Drama', 'Thriller']",3
14869,G.I. Joe: The Rise of Cobra,175000000,302500000,118,10.1373,5.782,5041,2009-08-03,en,"['Adventure', 'Action', 'Thriller', 'Science Fiction']",5
24086,The Boy Who Could Fly,0,7177431,114,10.1366,6.3,153,1986-08-15,en,"['Drama', 'Family', 'Fantasy']",1
274855,Geostorm,120000000,221600160,109,10.1359,6.126,5356,2017-10-12,en,"['Action', 'Science Fiction', 'Thriller']",6
8393,The Gods Must Be Crazy,5000000,200000000,109,10.1329,7.3,1374,1980-09-10,en,"['Action', 'Comedy']",2
5879,In the Realm of the Senses,0,7650000,102,10.1387,6.6,761,1976-09-15,ja,"['Drama', 'Romance']",3
213,North by Northwest,4000000,13275000,137,10.1313,7.961,4657,1959-08-06,en,"['Thriller', 'Adventure']",1
951491,Saw X,13000000,125319714,118,10.1292,7.147,2493,2023-09-27,en,"['Horror', 'Mystery']",3
11690,Bloodsport,1500000,63500000,92,10.1289,7.068,2286,1988-02-26,en,"['Action', 'Drama']",2
228970,Wild,15000000,52501541,115,10.1244,7.009,2740,2014-12-05,en,['Drama'],3
974635,Hit Man,8800000,5101673,116,10.1179,6.773,1784,2024-05-16,en,"['Comedy', 'Romance', 'Crime']",7
522931,Hitman's Wife's Bodyguard,70000000,70060492,117,10.1108,6.625,2711,2021-06-14,en,"['Action', 'Comedy', 'Crime', 'Thriller']",7
2666,Dark City,27000000,27200000,101,10.1081,7.333,3363,1998-02-27,en,"['Mystery', 'Science Fiction']",2
64686,47 Ronin,175000000,151783839,119,10.1076,6.214,4271,2013-12-06,en,"['Drama', 'Action', 'Fantasy']",6
2140,Kiss of the Dragon,25000000,64437847,98,10.1014,6.939,1421,2001-07-06,en,"['Action', 'Crime', 'Thriller']",4
567189,Tom Clancy's Without Remorse,0,0,110,10.0998,6.928,2809,2021-04-30,en,"['Action', 'Thriller', 'War']",6
259695,Live by Night,90000000,22700000,129,10.0984,6.267,1445,2016-12-25,en,"['Crime', 'Drama', 'History']",3
52520,Underworld: Awakening,70000000,160112671,88,10.0906,6.334,4481,2012-01-19,en,"['Fantasy', 'Action', 'Horror']",4
492,Being John Malkovich,13000000,22863596,113,10.0958,7.422,4980,1999-10-29,en,"['Comedy', 'Drama', 'Fantasy']",3
256274,"As Above, So Below",5000000,41898409,93,10.0905,6.757,4001,2014-08-14,en,"['Horror', 'Thriller']",2
14442,Ella Enchanted,31000000,27400000,96,10.0887,6.487,2022,2004-04-09,en,"['Family', 'Fantasy', 'Comedy']",2
996821,You're Cordially Invited,0,0,109,10.0854,5.814,482,2025-01-29,en,"['Comedy', 'Romance']",5
258230,A Monster Calls,43000000,47309313,108,10.0842,7.3,3660,2016-10-07,en,"['Fantasy', 'Adventure', 'Family']",6
103663,The Hunt,3800000,18300000,116,10.0842,8.098,5006,2012-10-25,da,['Drama'],3
60747,Red Dawn,65000000,44806783,93,10.0821,5.743,1789,2012-03-15,en,"['Action', 'Thriller']",1
4643,The Guardian,10000000,94973540,139,10.0812,7.135,1737,2006-09-28,en,"['Action', 'Adventure', 'Drama']",6
614917,King Richard,50000000,39400000,144,10.076,7.596,2952,2021-11-18,en,"['Drama', 'History']",4
13654,101 Dalmatians II: Patch's London Adventure,0,0,74,10.0744,6.0,1269,2003-03-02,en,"['Family', 'Animation', 'Adventure', 'Comedy']",2
11978,Men of Honor,32000000,82300000,129,10.0742,7.504,2594,2000-09-13,en,['Drama'],1
2108,The Breakfast Club,1000000,51530442,98,10.0711,7.714,8759,1985-02-15,en,"['Comedy', 'Drama']",3
10530,Pocahontas,55000000,346079773,81,10.0703,6.912,6216,1995-06-16,en,"['Adventure', 'Animation', 'Family', 'Romance']",2
33217,Diary of a Wimpy Kid,15000000,75700000,92,10.0675,6.286,1839,2010-03-19,en,"['Comedy', 'Family']",4
227156,The Giver,25000000,66980456,97,10.0672,6.558,4711,2014-08-13,en,"['Drama', 'Science Fiction']",5
200727,"Love, Rosie",0,4439431,102,10.0664,7.81,6591,2014-10-16,en,"['Romance', 'Drama', 'Comedy']",2
2157,Lost in Space,80000000,136159423,130,10.062,5.446,1382,1998-04-03,en,"['Science Fiction', 'Adventure', 'Action']",4
967,Spartacus,12000000,60000000,197,10.0647,7.536,2464,1960-10-13,en,"['History', 'Drama', 'Adventure']",2
9408,Surf's Up,85000000,149000000,85,10.0574,6.5,2836,2007-06-08,en,"['Animation', 'Comedy', 'Family']",2
957119,Sidelined: The QB and Me,0,0,99,10.0617,6.435,268,2025-02-06,en,"['Comedy', 'Romance']",4
638,Lost Highway,15000000,3897982,134,10.0555,7.552,3069,1997-01-15,en,"['Drama', 'Thriller', 'Mystery']",2
3134,Baise-moi,0,940944,77,10.0505,4.8,502,2000-06-28,fr,"['Crime', 'Drama', 'Thriller']",1
136795,The Heat,43000000,229930771,117,10.0542,6.588,4282,2013-06-27,en,"['Action', 'Comedy', 'Crime']",5
522212,Just Mercy,25000000,50401502,137,10.0479,7.843,2556,2019-12-25,en,"['Drama', 'Crime', 'History']",7
76617,Texas Chainsaw 3D,20000000,47340586,92,10.0475,5.5,1868,2013-01-03,en,"['Horror', 'Thriller']",4
1117857,In Your Dreams,0,0,87,10.0464,6.885,262,2025-11-07,en,"['Adventure', 'Animation', 'Comedy', 'Family', 'Fantasy']",2
1429520,Sidelined 2: Intercepted,0,0,100,10.0382,7.085,136,2025-11-27,en,"['Romance', 'Comedy']",4
52449,Bad Teacher,20000000,216197492,92,10.0346,5.613,5059,2011-05-16,en,['Comedy'],2
846,The X-Files,66000000,189198313,121,10.0317,6.924,1915,1998-06-19,en,"['Mystery', 'Science Fiction', 'Thriller']",2
134374,Pain & Gain,25000000,87305549,130,10.0247,6.296,4934,2013-04-18,en,"['Comedy', 'Crime', 'Action']",3
9312,Mortal Kombat,18000000,122195920,101,10.0264,5.9,2679,1995-08-18,en,"['Action', 'Fantasy']",2
927254,The Twits,0,0,99,10.0224,5.9,125,2025-10-17,en,"['Animation', 'Comedy', 'Family', 'Fantasy']",3
1139087,Once Upon a Studio,0,0,9,10.0208,8.251,454,2023-09-24,en,"['Animation', 'Family', 'Fantasy', 'Drama', 'Comedy']",2
9480,Daredevil,78000000,179179718,103,10.0207,5.307,5621,2003-02-14,en,"['Fantasy', 'Action']",5
72197,The Pirates! In an Adventure with Scientists!,60000000,123054041,88,10.0122,6.537,1262,2012-03-12,en,"['Animation', 'Adventure', 'Family', 'Comedy']",3
460793,Olaf's Frozen Adventure,0,0,22,10.0096,6.5,1519,2017-10-27,en,"['Animation', 'Family', 'Adventure', 'Comedy', 'Fantasy']",1
976734,Canary Black,0,525704,103,10.0273,6.191,545,2024-10-10,en,"['Action', 'Thriller', 'Crime']",4
335777,The Nut Job 2: Nutty by Nature,40000000,68743485,91,10.0091,6.2,484,2017-08-11,en,"['Animation', 'Family', 'Adventure', 'Comedy']",4
658,Goldfinger,3000000,124900000,110,10.0033,7.357,4107,1964-09-20,en,"['Adventure', 'Action', 'Thriller']",2
757725,Shadow Force,40000000,5416976,103,10.0023,6.3,326,2025-05-01,en,"['Action', 'Thriller']",5
86829,Inside Llewyn Davis,11000000,32935319,105,9.9993,7.178,3015,2013-10-18,en,"['Drama', 'Music']",3
10607,Don't Be a Menace to South Central While Drinking Your Juice in the Hood,3800000,20949601,89,9.9981,7.056,1576,1996-01-12,en,"['Comedy', 'Crime']",2
77174,ParaNorman,60000000,107307220,93,9.998,7.054,2869,2012-08-03,en,"['Family', 'Animation', 'Adventure', 'Comedy']",1
385128,F9,200000000,726229501,143,9.9919,6.977,7881,2021-05-19,en,"['Action', 'Adventure', 'Crime']",5
22804,Saw VI,11000000,69752402,90,9.9893,6.295,3620,2009-10-22,en,"['Horror', 'Thriller']",2
12113,Body of Lies,70000000,113280098,128,8.6736,6.6,3448,2008-10-09,en,"['Action', 'Drama', 'Thriller']",3
239571,The Best of Me,26000000,35926213,117,9.9793,7.476,2758,2014-10-15,en,"['Drama', 'Romance']",2
585244,I Still Believe,12000000,16069730,115,8.9714,7.564,1250,2020-03-12,en,"['Music', 'Drama', 'Romance']",3
1000837,I'm Still Here,8000000,36361572,138,9.9249,7.911,1177,2024-09-19,pt,"['Drama', 'History']",6
718789,Lightyear,200000000,226425420,105,9.6808,6.855,3962,2022-06-15,en,"['Animation', 'Science Fiction', 'Family', 'Adventure']",1
9352,EuroTrip,25000000,22605153,92,9.2689,6.631,3109,2004-02-20,en,['Comedy'],3
531309,Brightburn,6000000,33224654,91,9.3643,6.183,3632,2019-05-09,en,"['Horror', 'Science Fiction', 'Drama']",4
66,Absolute Power,50000000,50100000,121,8.552,6.662,1302,1997-02-14,en,"['Crime', 'Drama', 'Action']",2
393345,Cult of Chucky,6500000,2332018,91,9.9423,5.853,1444,2017-10-12,en,['Horror'],2
9757,Norbit,10000000,159814490,102,9.9341,5.737,2710,2007-02-08,en,['Comedy'],2
12437,Underworld: Rise of the Lycans,35000000,92158961,92,9.7163,6.541,4072,2009-01-22,en,"['Fantasy', 'Action', 'Thriller']",4
9208,Broken Arrow,50000000,150300000,108,9.9236,6.072,1751,1996-02-09,en,"['Action', 'Thriller']",2
10623,Cradle 2 the Grave,25000000,56500000,101,9.9319,6.132,1076,2003-02-28,en,"['Action', 'Crime', 'Drama']",2
780609,Men,6500000,11152071,100,9.9197,6.063,1418,2022-05-20,en,"['Horror', 'Thriller', 'Fantasy']",2
11000,The Birdcage,31000000,185300000,119,9.915,7.042,1426,1996-03-03,en,"['Comedy', 'Romance']",1
974931,Totally Killer,0,0,104,9.9149,6.793,1187,2023-09-28,en,"['Horror', 'Comedy', 'Science Fiction']",4
645788,The Protégé,0,8639684,109,9.908,6.547,1201,2021-08-19,en,"['Action', 'Thriller', 'Crime']",11
342473,Ballerina,30000000,109573511,89,9.9068,7.2,2031,2016-12-14,en,"['Animation', 'Family', 'Comedy', 'Music']",6
256591,Focus,50100000,153962963,105,9.9063,6.868,8436,2015-02-25,en,"['Romance', 'Comedy', 'Crime']",4
758866,Drive My Car,1300000,15356046,179,9.9062,7.434,1574,2021-08-18,ja,['Drama'],9
10159,The Rundown,85000000,80900000,104,9.9033,6.448,2252,2003-09-26,en,"['Adventure', 'Action', 'Comedy', 'Thriller']",6
10603,George of the Jungle,55000000,174463257,92,9.904,5.674,2328,1997-07-15,en,"['Adventure', 'Comedy', 'Family', 'Romance']",3
582014,Promising Young Woman,10000000,20379604,114,9.9033,7.367,3867,2020-12-13,en,"['Thriller', 'Crime', 'Drama']",2
1541,Thelma & Louise,16000000,45361000,130,9.9024,7.595,4017,1991-05-24,en,"['Drama', 'Crime', 'Adventure']",4
1391,Y Tu Mamá También,5000000,33600000,106,9.8981,7.4,1840,2001-06-08,es,"['Drama', 'Romance']",2
537996,The Ballad of Buster Scruggs,0,0,132,9.8971,7.133,4598,2018-11-09,en,"['Western', 'Comedy', 'Drama']",1
1900,Traffic,48000000,207515725,147,9.8958,7.089,2514,2000-12-27,en,"['Thriller', 'Drama', 'Crime']",5
9313,The Man in the Iron Mask,35000000,183000000,132,9.8948,6.7,4245,1998-03-12,en,"['Adventure', 'Action', 'Drama']",4
581734,Nomadland,5000000,39458207,108,9.898,7.158,3487,2021-01-29,en,['Drama'],3
399019,The Beguiled,10500000,27869129,93,9.2123,5.918,2275,2017-06-23,en,['Drama'],1
13313,Beauty and the Beast: The Enchanted Christmas,0,0,72,9.3031,6.232,1117,1997-11-11,en,"['Animation', 'Fantasy', 'Family', 'Romance']",1
2898,As Good as It Gets,50000000,314178011,139,9.6178,7.398,4266,1997-12-19,en,"['Drama', 'Comedy', 'Romance']",2
317442,The Last: Naruto the Movie,750000,19840000,114,9.4478,7.476,2426,2014-12-06,ja,"['Action', 'Romance', 'Animation']",6
7350,The Bucket List,45000000,175400000,97,9.4673,7.2,4241,2007-12-25,en,"['Drama', 'Comedy']",3
620249,The Legend of Hei,0,48045728,102,9.7885,8.406,565,2019-08-27,zh,"['Animation', 'Fantasy', 'Action', 'Adventure']",6
501907,A Beautiful Day in the Neighborhood,25000000,67900000,109,9.3306,7.0,1814,2019-09-07,en,"['History', 'Family', 'Drama']",3
227783,The Nut Job,42000000,120885527,85,9.7629,5.921,1073,2014-01-17,en,"['Animation', 'Comedy', 'Family', 'Adventure']",3
47933,Independence Day: Resurgence,165000000,389681935,120,9.696,5.369,6630,2016-06-22,en,"['Action', 'Adventure', 'Science Fiction']",4
10601,Peter Pan,100000000,121975011,113,9.8775,7.132,2819,2003-12-18,en,"['Adventure', 'Fantasy', 'Family']",5
11284,Freddy's Dead: The Final Nightmare,10000000,34872033,89,9.3565,5.292,1527,1991-09-05,en,"['Horror', 'Thriller', 'Comedy', 'Fantasy']",1
107985,The World's End,20000000,46100000,109,9.7607,6.812,6090,2013-07-18,en,"['Comedy', 'Action', 'Science Fiction']",4
9906,The Ant Bully,50000000,55200000,89,9.8861,5.8,1507,2006-07-28,en,"['Fantasy', 'Adventure', 'Animation', 'Comedy', 'Family']",4
82700,After Earth,130000000,243843127,100,9.3548,5.178,6995,2013-05-30,en,"['Science Fiction', 'Action', 'Adventure']",3
591273,Fear Street: 1994,10000000,284000000,108,9.3061,6.678,2769,2021-06-28,en,"['Horror', 'Mystery', 'Drama']",1
6278,Reign of Fire,60000000,82150183,101,9.756,6.215,2555,2002-07-09,en,"['Adventure', 'Action', 'Fantasy']",5
511809,West Side Story,100000000,76016171,156,9.8616,6.9,1853,2021-12-08,en,"['Drama', 'Romance', 'Crime']",3
459992,Long Shot,40000000,0,125,9.8575,6.702,2975,2019-05-02,en,"['Comedy', 'Romance']",6
1161617,Code 3,10000000,35190,100,9.8548,7.1,340,2025-09-12,en,"['Comedy', 'Action', 'Drama']",5
87502,Flight,31000000,161772575,138,9.8523,6.865,6623,2012-02-22,en,['Drama'],3
1498,Teenage Mutant Ninja Turtles,13500000,201965915,93,9.8483,6.7,2038,1990-03-30,en,"['Science Fiction', 'Action', 'Adventure', 'Comedy', 'Family']",2
49049,Dredd,50000000,41037742,96,9.8474,6.863,5743,2012-09-07,en,"['Action', 'Science Fiction']",5
34584,The NeverEnding Story,27000000,20158808,101,9.8336,7.225,4524,1984-04-06,de,"['Adventure', 'Fantasy', 'Family']",2
600583,The Power of the Dog,0,0,127,9.8385,6.732,3063,2021-10-25,en,"['Drama', 'Western']",7
9257,S.W.A.T.,80000000,207700000,117,9.8335,6.2,2803,2003-08-08,en,"['Action', 'Thriller', 'Crime']",5
1309083,Dolly,0,1062322,83,9.8323,5.7,238,2026-03-06,en,['Horror'],5
1001835,Wifelike,0,0,105,9.8303,6.523,354,2022-08-12,en,"['Science Fiction', 'Mystery', 'Thriller']",3
9637,Scooby-Doo,84000000,275650703,87,9.83,6.119,4900,2002-06-14,en,"['Mystery', 'Adventure', 'Comedy']",2
49494,The Eagle,25000000,27122040,114,9.8299,6.2,1477,2011-02-08,en,"['Adventure', 'Drama']",5
125509,Wrong Turn 5: Bloodlines,3000000,0,91,9.8286,5.494,1084,2012-10-18,en,"['Horror', 'Thriller']",3
9833,The Phantom of the Opera,70000000,154674241,141,9.8296,7.3,1836,2004-12-08,en,"['Thriller', 'Drama', 'Romance']",3
441282,Night Hunter,0,1012932,95,9.8162,6.562,1114,2019-08-08,en,"['Drama', 'Thriller']",5
9488,Spy Kids 2: The Island of Lost Dreams,38000000,119723358,100,9.8161,5.654,2406,2002-08-07,en,"['Family', 'Action', 'Adventure', 'Comedy', 'Science Fiction']",2
1149504,Honey Don't!,20000000,7445237,89,9.8158,5.6,487,2025-08-21,en,"['Comedy', 'Crime', 'Thriller']",2
53064,Midori,0,0,55,9.8146,6.0,176,1992-05-02,ja,"['Animation', 'Drama', 'Horror']",1
458253,Missing Link,100000000,26565710,94,9.8117,6.889,963,2019-04-04,en,"['Family', 'Animation', 'Comedy', 'Adventure', 'Action']",2
1195506,Novocaine,18000000,34536061,110,9.809,6.761,1801,2025-03-03,en,"['Action', 'Comedy', 'Thriller']",5
43539,The Next Three Days,30000000,67448651,133,9.808,7.092,3215,2010-11-18,en,"['Romance', 'Drama', 'Thriller', 'Crime']",2
133805,Carrie,30000000,84790678,101,9.8067,6.069,4845,2013-10-16,en,"['Drama', 'Horror']",3
937941,Shelby Oaks,1400000,8140300,91,9.7977,5.736,322,2025-10-02,en,"['Horror', 'Mystery']",4
462,Erin Brockovich,52000000,256271286,131,9.7991,7.428,3780,2000-03-17,en,['Drama'],1
1042834,Eden,50000000,1907486,129,9.7937,6.687,761,2025-04-03,en,"['Thriller', 'Drama']",3
1291659,The Wizard of the Kremlin,0,8440584,136,9.7868,6.453,267,2026-01-21,fr,['Drama'],7
17903,A Frozen Flower,10000000,18980744,133,9.7863,6.9,165,2008-12-30,ko,['Drama'],4
13811,Knowing,50000000,155446362,121,9.7863,6.265,6021,2009-03-19,en,"['Science Fiction', 'Thriller']",6
115290,Blue Lagoon: The Awakening,0,0,85,9.785,6.45,1518,2012-06-16,en,"['Drama', 'Adventure', 'Romance', 'TV Movie']",5
40264,Vampires Suck,20000000,80547866,82,9.7852,4.4,1428,2010-08-18,en,"['Comedy', 'Fantasy']",5
36593,Naked Gun 33⅓: The Final Insult,30000000,132032598,83,9.7847,6.518,2634,1994-03-18,en,"['Comedy', 'Crime']",1
1048241,My Spy The Eternal City,0,0,113,9.7786,6.532,498,2024-07-18,en,"['Action', 'Comedy', 'Family']",4
10137,Stuart Little,133000000,300135367,84,9.7729,6.086,4777,1999-12-17,en,"['Family', 'Fantasy', 'Comedy', 'Adventure']",4
9021,The Santa Clause 2,65000000,172842355,104,9.7626,6.001,1475,2002-09-29,en,"['Fantasy', 'Comedy', 'Family']",3
20766,The Road,32000000,27635305,111,9.7658,7.019,4445,2009-11-25,en,"['Adventure', 'Drama']",4
542178,"The French Dispatch of the Liberty, Kansas Evening Sun",25000000,46333545,108,9.7618,7.008,3116,2021-10-21,en,"['Drama', 'Comedy']",3
794,The Omen,2800000,60922980,111,9.0352,7.404,2521,1976-06-25,en,"['Horror', 'Thriller']",3
402897,The Death of Stalin,13000000,24600000,107,9.4352,7.015,2246,2017-10-20,en,"['Comedy', 'Drama', 'History']",9
9506,Anger Management,75000000,195745823,106,9.0865,6.163,3578,2003-04-11,en,['Comedy'],3
765,Evil Dead II,3500000,5932279,84,9.264,7.532,3679,1987-03-13,en,"['Horror', 'Comedy', 'Fantasy']",3
147,The 400 Blows,0,0,99,9.5008,7.993,2395,1959-06-03,fr,['Drama'],2
39451,Little Fockers,100000000,310650585,98,9.6524,5.663,3537,2010-12-21,en,"['Comedy', 'Romance']",7
2289,Cold Mountain,79000000,173013509,154,9.4528,6.936,2038,2003-12-24,en,"['War', 'History', 'Adventure', 'Romance']",5
506574,Descendants 3,15000000,0,106,9.8942,7.7,1665,2019-08-02,en,"['Family', 'TV Movie', 'Adventure', 'Fantasy']",3
10024,My Sister's Keeper,30000000,95714875,109,9.4313,7.372,2308,2009-06-26,en,['Drama'],4
598331,Rumble,0,0,95,9.4641,6.733,572,2021-02-12,en,"['Animation', 'Family', 'Comedy', 'Fantasy']",5
337401,Mulan,200000000,69965374,115,9.7193,6.817,7169,2020-09-04,en,"['Adventure', 'Fantasy', 'Action']",3
525,The Blues Brothers,27000000,115229890,133,9.7192,7.715,4697,1980-06-16,en,"['Music', 'Comedy', 'Crime']",1
10948,The Fox and the Hound,12000000,29800000,82,9.7176,7.176,3597,1981-07-10,en,"['Adventure', 'Animation', 'Drama', 'Family']",1
840326,Sisu,6600000,14281199,91,9.717,7.387,2995,2022-09-09,fi,"['Action', 'War', 'Thriller']",3
595,To Kill a Mockingbird,2000000,13129846,129,9.7149,7.977,2967,1962-12-20,en,['Drama'],3
9539,Martyrs,6500000,1100000,99,9.7062,7.293,3142,2008-06-12,fr,"['Horror', 'Drama', 'Thriller']",3
9471,Charlie's Angels: Full Throttle,120000000,259175788,106,9.7001,5.485,3380,2003-06-25,en,"['Action', 'Adventure', 'Comedy']",4
34806,The Back-Up Plan,35000000,77477008,106,9.699,6.127,1514,2010-04-23,en,"['Comedy', 'Romance']",2
8487,Wild Wild West,170000000,222104681,106,9.6966,5.3,3705,1999-06-30,en,"['Action', 'Adventure', 'Comedy', 'Science Fiction', 'Western']",4
10225,Jason Lives - Friday the 13th Part VI,3000000,19476736,86,9.6944,6.286,1412,1986-08-01,en,"['Horror', 'Thriller']",3
138,Dracula,355000,700000,74,9.6965,7.167,1418,1931-02-12,en,['Horror'],1
18487,The Taking of Pelham 1 2 3,100000000,150166126,106,9.6943,6.369,3507,2009-06-10,en,"['Crime', 'Thriller', 'Action']",5
2022,Mr. Deeds,50000000,171269565,97,9.6899,5.933,2617,2002-06-28,en,"['Comedy', 'Romance']",4
744857,When Evil Lurks,0,2090252,100,9.6918,7.16,1571,2023-10-05,es,"['Horror', 'Thriller']",5
10047,The Messenger: The Story of Joan of Arc,85000000,66976317,158,9.6859,6.427,1658,1999-10-27,en,"['Adventure', 'Drama', 'Action', 'History', 'War']",1
558915,The Color Purple,90000000,68919191,141,9.6846,6.972,380,2023-12-25,en,['Drama'],6
7978,The Wolfman,150000000,140700000,103,9.6784,5.9,2260,2010-02-10,en,['Horror'],3
207933,Stonehearst Asylum,0,2478806,112,9.6774,6.856,1655,2014-10-23,en,"['Thriller', 'Mystery', 'Horror']",2
306,Beverly Hills Cop III,50000000,119208989,105,9.6769,5.872,2221,1994-05-24,en,"['Action', 'Comedy', 'Crime']",4
9571,Dazed and Confused,6900000,8259076,102,9.6745,7.309,2367,1993-09-24,en,"['Comedy', 'Drama']",2
8470,John Q,36000000,102244770,116,9.6766,7.165,2749,2002-02-15,en,"['Drama', 'Thriller', 'Crime']",3
499932,The Devil All the Time,0,0,138,9.6581,7.169,3793,2020-09-11,en,"['Crime', 'Drama', 'Thriller']",3
522518,A Dog's Journey,16000000,78871079,109,9.6572,8.043,1658,2019-05-03,en,"['Family', 'Adventure', 'Drama']",5
5994,The Family Man,60000000,124700000,125,9.6431,6.829,2290,2000-12-12,en,"['Comedy', 'Drama', 'Romance', 'Fantasy']",3
17431,Moon,5000000,9760104,97,9.6404,7.563,6537,2009-06-12,en,"['Science Fiction', 'Drama']",5
6415,Three Kings,75000000,108000000,114,9.6388,6.647,2389,1999-09-27,en,"['Action', 'Comedy', 'War']",5
463272,Johnny English Strikes Again,25000000,158972570,88,9.6378,6.285,2856,2018-08-30,en,"['Action', 'Adventure', 'Comedy']",2
13523,Sex Drive,19000000,18755936,109,9.6385,6.393,1532,2008-10-16,en,"['Comedy', 'Adventure', 'Romance']",3
12207,The Legend of Drunken Master,10000000,34300528,102,9.638,7.47,1142,1994-02-03,cn,"['Action', 'Comedy']",3
13056,Punisher: War Zone,20500000,10089373,102,9.6372,5.883,1380,2008-12-05,en,"['Action', 'Crime']",7
167,K-PAX,48000000,50315140,120,9.6349,7.207,2879,2001-10-26,en,"['Science Fiction', 'Drama', 'Mystery']",5
55931,The Animatrix,5000000,68000000,102,9.6292,7.223,1861,2003-05-09,en,"['Animation', 'Science Fiction']",7
762,Monty Python and the Holy Grail,400000,5763644,91,9.6285,7.803,6641,1975-04-03,en,"['Adventure', 'Comedy', 'Fantasy']",4
454294,The Kid Who Would Be King,59000000,32140970,120,9.624,6.202,874,2019-01-16,en,"['Action', 'Adventure', 'Fantasy', 'Family']",4
837881,She Said,32000000,13900000,129,9.6222,7.16,757,2022-11-17,en,"['Drama', 'History']",3
11220,Fallen Angels,0,0,98,9.6205,7.688,1389,1995-09-06,cn,"['Action', 'Romance', 'Crime']",1
830784,"Lyle, Lyle, Crocodile",50000000,111080122,106,9.6077,7.041,699,2022-10-07,en,"['Comedy', 'Family', 'Music']",2
250546,Annabelle,6500000,257589952,99,9.6188,5.792,6675,2014-10-01,en,['Horror'],4
14128,Cinderella II: Dreams Come True,5000000,0,74,9.6042,6.1,1557,2002-02-23,en,"['Family', 'Animation', 'Romance', 'Fantasy']",2
130150,Labor Day,18000000,20275812,111,9.602,7.066,1396,2013-12-27,en,"['Drama', 'Romance', 'Thriller']",4
1844,Entrapment,66000000,212404400,112,9.5967,6.24,2315,1999-04-29,en,"['Romance', 'Drama', 'Mystery']",2
14412,Body Heat,9000000,24058838,113,9.5933,6.992,720,1981-08-28,en,"['Thriller', 'Crime']",1
11615,The Life of David Gale,50000000,38955598,130,9.591,7.433,2269,2003-02-21,en,"['Drama', 'Thriller', 'Crime']",5
834,Underworld: Evolution,50000000,111476513,106,9.5906,6.608,4515,2006-01-12,en,"['Fantasy', 'Action', 'Thriller']",2
116,Match Point,15000000,85638656,124,9.5833,7.356,4484,2005-10-26,en,"['Drama', 'Romance', 'Thriller']",4
10776,Little Shop of Horrors,25000000,53964308,94,9.5831,7.0,1706,1986-12-19,en,"['Horror', 'Comedy']",1
45317,The Fighter,25000000,129190869,116,9.5817,7.375,4862,2010-12-10,en,['Drama'],5
1020006,Priscilla,20000000,30140906,113,9.5933,6.684,1149,2023-10-27,en,"['Drama', 'Romance']",2
11551,Small Soldiers,40000000,54682547,110,9.5814,6.567,2421,1998-07-10,en,"['Comedy', 'Adventure', 'Fantasy', 'Science Fiction', 'Action']",3
345911,Lights Out,4900000,149368835,81,9.5795,6.4,4249,2016-07-21,en,"['Horror', 'Mystery']",4
284,The Apartment,3000000,25000000,126,9.5789,8.184,2792,1960-06-21,en,"['Comedy', 'Drama', 'Romance']",1
986070,The Wrath of Becky,199507,207118,83,9.5788,6.4,573,2023-05-26,en,"['Action', 'Horror', 'Thriller']",5
171274,Inherent Vice,20000000,14810975,149,9.5755,6.542,2808,2014-12-12,en,"['Drama', 'Mystery', 'Comedy']",5
1097311,Echo Valley,0,0,105,9.5779,6.481,425,2025-06-13,en,"['Thriller', 'Drama']",3
10998,Fatal Attraction,14000000,320145693,119,9.5686,6.837,1761,1987-09-18,en,"['Thriller', 'Drama', 'Romance']",1
646097,Rebel Ridge,0,0,131,9.5678,6.968,1742,2024-08-27,en,"['Crime', 'Action', 'Thriller', 'Drama']",2
1511057,Roommates,30000000,0,108,9.5679,6.5,169,2026-04-13,en,['Comedy'],1
574060,Gunpowder Milkshake,30000000,1015760,114,9.5676,6.259,1218,2021-07-14,en,"['Action', 'Crime', 'Thriller']",6
9472,DodgeBall: A True Underdog Story,20000000,168423227,92,9.5651,6.368,3975,2004-06-18,en,['Comedy'],3
10761,Made of Honor,40000000,106407672,101,9.5671,6.474,1852,2008-04-30,en,"['Comedy', 'Romance']",2
1370,Rambo III,63000000,189015611,102,9.5592,6.209,3608,1988-05-24,en,"['Action', 'Adventure', 'Thriller', 'War']",1
12101,Soylent Green,0,3600000,97,9.5581,6.921,1497,1973-04-18,en,"['Science Fiction', 'Crime', 'Mystery']",1
613504,After We Collided,14000000,47990414,105,9.5569,7.149,5505,2020-09-02,en,"['Drama', 'Romance']",4
1578,Raging Bull,18000000,23380203,129,9.5531,7.894,4915,1980-11-14,en,"['Drama', 'History']",2
8536,Superman II,54000000,216385706,127,9.551,6.753,2628,1980-12-04,en,"['Science Fiction', 'Action', 'Adventure']",3
10110,Empire of the Sun,35000000,66700000,153,9.5496,7.506,2214,1987-12-09,en,"['Drama', 'History', 'War']",2
451915,Beautiful Boy,25000000,31749905,121,9.5382,7.56,2976,2018-10-12,en,['Drama'],1
12096,The Pink Panther,65000000,158851357,93,9.534,5.9,2210,2006-02-10,en,"['Comedy', 'Mystery', 'Crime', 'Adventure', 'Family']",3
152532,Dallas Buyers Club,5000000,55736588,117,9.5339,7.904,9299,2013-11-01,en,"['Drama', 'History']",6
3683,Flags of Our Fathers,90000000,65900249,135,9.5333,6.8,2092,2006-10-19,en,"['War', 'Drama', 'History']",4
15255,Undisputed II: Last Man Standing,8000000,71000000,93,9.5323,7.409,972,2006-04-11,en,"['Action', 'Crime', 'Thriller', 'Drama']",2
1071215,Thanksgiving,15000000,46553280,106,9.5313,6.462,1665,2023-11-16,en,"['Horror', 'Mystery']",3
14306,Marley & Me,60000000,255700000,115,9.5313,7.2,4885,2008-12-25,en,"['Comedy', 'Family']",2
522924,The Art of Racing in the Rain,18000000,33800000,109,9.5278,8.145,1742,2019-08-08,en,"['Drama', 'Romance']",4
664413,365 Days,5000000,9458590,114,9.5244,6.986,9598,2020-02-07,pl,"['Romance', 'Drama', 'Crime']",4
293,A River Runs Through It,12000000,43440294,123,9.5207,6.995,1249,1992-10-09,en,['Drama'],2
7347,Elite Squad,4000000,14759148,115,9.5253,8.06,2824,2007-10-05,pt,"['Drama', 'Action', 'Crime']",9
152,Star Trek: The Motion Picture,44000000,139346243,131,9.5122,6.5,2015,1979-12-07,en,"['Science Fiction', 'Adventure', 'Mystery']",3
96,Beverly Hills Cop II,28000000,299965036,103,9.5072,6.538,2924,1987-05-18,en,"['Action', 'Comedy', 'Crime']",3
623,A Fish Called Wanda,7500000,188593712,109,9.5113,7.213,2529,1988-07-15,en,"['Comedy', 'Crime']",4
516632,The Empty Man,16000000,4796993,137,9.5079,6.163,1120,2020-10-22,en,"['Horror', 'Mystery', 'Thriller']",3
9954,The Covenant,20000000,37597471,97,9.507,5.6,1138,2006-09-07,en,"['Fantasy', 'Horror', 'Adventure']",3
1640,Crash,6500000,98400000,112,9.5039,7.212,4025,2005-05-06,en,['Drama'],7
9346,Risky Business,6200000,63541777,98,9.5054,6.587,1532,1983-08-05,en,"['Romance', 'Comedy', 'Drama']",3
3597,I Know What You Did Last Summer,17000000,125586134,102,9.4999,6.002,3393,1997-10-17,en,"['Horror', 'Thriller', 'Mystery']",2
1075175,How to Have Sex,0,1216642,91,9.4985,6.215,543,2023-11-02,en,['Drama'],7
10735,What a Girl Wants,20000000,50700000,105,9.4978,6.3,1758,2003-03-27,en,"['Family', 'Comedy', 'Drama', 'Romance']",4
1878,Fear and Loathing in Las Vegas,18500000,10700000,118,9.4935,7.199,5204,1998-05-22,en,"['Adventure', 'Drama', 'Comedy']",5
26973,Pretty Baby,3500000,11600000,110,9.4824,6.962,439,1978-04-05,en,['Drama'],1
774752,The Guardians of the Galaxy Holiday Special,0,0,45,9.4788,7.081,2493,2022-11-24,en,"['Comedy', 'Science Fiction', 'Adventure']",3
799766,Better Man,110000000,22549151,135,9.4782,7.6,939,2024-12-06,en,"['Music', 'Drama']",10
944401,Dogman,21000000,4082217,115,9.4751,7.826,1471,2023-09-27,fr,"['Action', 'Drama', 'Crime']",5
58233,Johnny English Reborn,45000000,160078586,101,9.494,6.3,3687,2011-09-15,en,"['Crime', 'Action', 'Comedy']",2
604685,Den of Thieves 2: Pantera,40000000,58371508,144,9.4749,6.591,869,2025-01-08,en,"['Action', 'Crime', 'Thriller']",5
554241,Playing with Fire,29900000,69412425,96,9.4744,6.566,774,2019-11-08,en,"['Family', 'Comedy']",5
6068,Six Days Seven Nights,70000000,164839294,102,9.4659,6.109,1684,1998-06-12,en,"['Comedy', 'Action', 'Adventure', 'Romance']",4
44264,True Grit,38000000,252300000,110,9.4583,7.304,5943,2010-12-22,en,"['Drama', 'Adventure', 'Western']",4
559969,El Camino: A Breaking Bad Movie,0,0,123,9.4569,7.056,5892,2019-10-11,en,"['Crime', 'Drama', 'Thriller']",3
1312946,The Map That Leads to You,0,0,96,9.454,6.727,356,2025-08-19,en,"['Romance', 'Drama']",3
15283,Pom Poko,0,43700000,119,9.4566,7.178,1244,1994-07-16,ja,"['Adventure', 'Animation', 'Fantasy']",4
338958,Disenchanted,0,0,118,9.4484,6.643,1215,2022-11-18,en,"['Comedy', 'Family', 'Fantasy']",3
97020,RoboCop,120000000,242688965,118,9.4484,5.893,6022,2014-01-30,en,"['Action', 'Science Fiction', 'Thriller']",3
76025,Shame,6500000,3909002,102,9.4469,6.925,3531,2011-10-02,en,['Drama'],6
2135,The Time Machine,80000000,123729176,96,9.4465,6.361,2682,2002-03-04,en,"['Science Fiction', 'Adventure', 'Action']",3
454983,The Kissing Booth,0,0,105,9.4455,7.155,7521,2018-05-11,en,"['Romance', 'Comedy']",1
980026,The Promised Land,8500000,2246680,127,9.444,7.66,651,2023-10-05,da,"['Action', 'Drama', 'History']",3
265177,Mommy,4900000,3494070,138,9.4419,8.189,2908,2014-09-19,fr,['Drama'],2
11237,Anacondas: The Hunt for the Blood Orchid,20000000,70992898,96,9.4391,5.513,1145,2004-08-25,en,"['Adventure', 'Horror', 'Thriller']",3
1126336,Anniversary,0,672711,111,9.4384,6.924,204,2025-10-29,en,"['Thriller', 'Drama']",6
938614,Late Night with the Devil,1000000,16765533,93,9.4375,7.092,2310,2024-03-19,en,['Horror'],6
1010600,The Strangers: Chapter 1,8500000,48166448,91,9.4368,5.662,848,2024-05-15,en,"['Horror', 'Thriller']",8
1263256,Happy Gilmore 2,152000000,0,118,9.4365,6.481,1070,2025-07-25,en,['Comedy'],1
4561,The Story of O,0,0,97,9.434,5.5,190,1975-08-27,fr,['Drama'],2
930564,Saltburn,20000000,21013738,131,9.4363,6.93,3148,2023-11-16,en,"['Drama', 'Comedy', 'Thriller']",3
934632,Rebel Moon - Part Two: The Scargiver,83000000,0,121,9.4332,6.04,1608,2024-04-19,en,"['Science Fiction', 'Action', 'Adventure']",2
526896,Morbius,75000000,167635712,105,9.433,5.899,5024,2022-03-30,en,"['Action', 'Science Fiction', 'Fantasy']",3
11621,Porco Rosso,9200000,44600000,93,9.4324,7.794,3835,1992-07-18,ja,"['Animation', 'Adventure', 'Fantasy']",5
10497,Bitter Moon,5000000,1862805,139,9.4306,7.107,886,1992-09-02,en,"['Thriller', 'Drama', 'Romance']",3
9349,Universal Soldier,23000000,119200000,103,9.4282,6.35,2006,1992-07-10,en,"['Thriller', 'Action', 'Science Fiction']",3
1016121,Beautiful Disaster,25000000,6850036,96,9.4283,6.636,918,2023-04-04,en,"['Romance', 'Drama', 'Comedy']",1
512196,Happy Death Day 2U,9000000,64600152,100,9.4235,6.318,3748,2019-02-13,en,"['Comedy', 'Horror', 'Science Fiction']",3
8698,The League of Extraordinary Gentlemen,78000000,179265204,110,9.4221,6.0,4536,2003-07-11,en,"['Fantasy', 'Action', 'Thriller', 'Science Fiction']",3
626332,Flamin' Hot,0,0,99,9.4156,7.967,872,2023-03-11,en,"['Drama', 'History']",2
11281,Halloween II,2500000,25533818,92,9.4164,6.592,2322,1981-10-30,en,"['Horror', 'Thriller']",1
9705,Swordfish,102000000,147080413,99,9.4143,6.269,3073,2001-06-08,en,"['Action', 'Crime', 'Thriller']",5
8068,Desperado,7000000,25405445,104,9.4121,6.93,3264,1995-08-25,en,"['Thriller', 'Action', 'Crime']",2
10590,We Were Soldiers,75000000,114660784,138,9.4123,7.144,2382,2002-03-01,en,"['Action', 'History', 'War']",4
445651,The Darkest Minds,34000000,41142379,105,9.9724,7.018,2984,2018-07-25,en,"['Action', 'Adventure', 'Drama']",2
43949,Flipped,14000000,4324817,89,9.1214,8.02,3429,2010-08-06,en,"['Romance', 'Drama']",2
551804,Freaky,6000000,18073433,102,8.7849,6.542,1930,2020-11-12,en,"['Horror', 'Comedy']",3
1139829,Orion and the Dark,0,0,90,9.975,6.486,697,2024-02-01,en,"['Animation', 'Family', 'Comedy', 'Fantasy', 'Adventure']",1
4234,Scream 3,40000000,161838076,116,9.1639,6.0,4195,2000-02-04,en,"['Horror', 'Mystery']",3
136418,Hummingbird,20000000,8352885,100,9.2597,6.178,1937,2013-05-07,en,"['Action', 'Thriller']",2
51620,Death Race 2,7000000,0,100,9.1317,5.864,1240,2010-11-12,en,"['Action', 'Thriller', 'Science Fiction']",2
1226406,Love Hurts,18000000,17669913,83,8.6316,5.667,421,2025-02-06,en,"['Action', 'Comedy', 'Romance']",2
11186,Child's Play 2,13000000,35763605,84,8.888,6.378,2105,1990-11-09,en,['Horror'],2
7551,Déjà Vu,75000000,180557550,126,9.3888,6.896,5493,2006-11-22,en,"['Action', 'Thriller', 'Science Fiction']",3
10214,Son of the Mask,84000000,59918422,94,9.2399,4.2,2009,2005-02-11,en,"['Fantasy', 'Comedy', 'Family', 'Adventure']",4
8699,Anchorman: The Legend of Ron Burgundy,26000000,90574188,95,8.8352,6.704,4774,2004-06-28,en,['Comedy'],2
926,Galaxy Quest,45000000,90683916,102,9.3537,7.098,2656,1999-12-25,en,"['Comedy', 'Science Fiction', 'Adventure']",2
660120,The Worst Person in the World,5000000,12687507,128,9.3534,7.432,1986,2021-10-13,no,"['Drama', 'Romance', 'Comedy']",7
62214,Frankenweenie,39000000,81493846,87,9.3487,7.013,3713,2012-10-04,en,"['Animation', 'Comedy', 'Family', 'Horror', 'Science Fiction']",1
4964,Knocked Up,30000000,219900000,129,9.3511,6.305,4444,2007-06-01,en,"['Comedy', 'Romance', 'Drama']",2
1151949,The Shadow Strays,0,0,145,9.3446,7.3,351,2024-09-10,id,"['Action', 'Crime', 'Thriller']",1
4553,The Machinist,5000000,8203235,102,9.3364,7.52,6388,2004-09-24,en,"['Thriller', 'Drama']",2
613,Downfall,16000000,92181574,155,9.3364,7.865,4480,2004-09-16,de,"['Drama', 'History', 'War']",7
95610,Bridget Jones's Baby,35000000,211952420,123,9.3359,6.405,3134,2016-09-14,en,"['Drama', 'Comedy', 'Romance']",2
932420,Code 8 Part II,0,0,101,9.3308,6.379,759,2024-02-27,en,"['Science Fiction', 'Action', 'Crime']",2
3082,Modern Times,1500000,1800000,87,9.3253,8.281,4209,1936-02-05,en,"['Comedy', 'Drama', 'Romance']",1
242828,When Marnie Was There,0,34949567,103,9.3228,7.923,2028,2014-07-19,ja,"['Animation', 'Drama', 'Family']",8
175112,Tinker Bell and the Pirate Fairy,0,63998725,78,9.3164,7.0,1115,2014-02-13,en,"['Animation', 'Family']",1
482373,Don't Breathe 2,15000000,53785551,98,9.3127,6.97,2930,2021-08-12,en,"['Thriller', 'Horror']",4
927107,The Bricklayer,23900000,899683,110,9.3294,5.8,418,2023-12-14,en,"['Action', 'Thriller']",2
434555,The Possession of Hannah Grace,9500000,43000000,86,9.3113,5.653,1525,2018-11-29,en,"['Horror', 'Drama']",2
8856,The Karate Kid Part II,13000000,115103979,113,9.3094,6.349,2578,1986-06-18,en,"['Adventure', 'Drama', 'Action', 'Romance', 'Family']",2
9495,The Crow,23000000,93722164,102,9.3081,7.53,4694,1994-05-11,en,"['Fantasy', 'Action', 'Thriller']",4
1426776,STRAW,0,0,105,9.3074,7.684,1011,2025-06-05,en,"['Thriller', 'Drama', 'Crime']",1
641,Requiem for a Dream,4500000,7390108,102,9.3056,8.006,11348,2000-10-06,en,"['Crime', 'Drama']",5
207932,Inferno,75000000,220021259,122,9.304,6.104,6803,2016-10-13,en,"['Mystery', 'Thriller', 'Action']",2
1327688,One Mile: Chapter One,0,0,90,9.3037,6.696,148,2026-02-20,en,"['Action', 'Crime']",2
483906,Polar,0,0,118,9.2973,6.408,2603,2019-01-25,en,"['Action', 'Crime', 'Drama']",3
7191,Cloverfield,25000000,170764026,85,9.3005,6.731,8137,2008-01-15,en,"['Action', 'Thriller', 'Science Fiction']",1
603661,The Hating Game,0,0,102,9.2971,7.268,1260,2021-12-09,en,"['Drama', 'Comedy', 'Romance']",6
345938,The Shack,20000000,96942115,132,9.297,7.524,2307,2017-03-02,en,"['Drama', 'Family']",4
110420,Wolf Children,0,55262158,117,9.2969,8.219,2551,2012-07-21,ja,"['Animation', 'Family', 'Drama', 'Fantasy']",8
11679,xXx: State of the Union,60000000,71410636,101,9.2965,5.106,2101,2005-04-27,en,"['Action', 'Adventure', 'Crime', 'Thriller']",2
14784,The Fall,30000000,3984390,117,9.2887,7.6,1625,2008-01-03,en,"['Adventure', 'Fantasy', 'Drama']",5
504,Monster,8000000,58469210,109,9.2857,7.201,2639,2003-12-24,en,"['Crime', 'Drama']",7
9411,Fallen,46000000,25232289,124,9.2831,6.824,1699,1998-01-16,en,"['Crime', 'Drama', 'Thriller', 'Fantasy']",2
15167,Barbie in the Nutcracker,0,0,77,9.2826,6.9,1138,2001-09-30,en,"['Animation', 'Family']",2
10673,Wall Street,15000000,43900000,126,9.2763,7.161,2332,1987-12-10,en,"['Crime', 'Drama']",2
243683,Step Up All In,45000000,86165646,112,9.2786,6.816,2028,2014-07-15,en,"['Romance', 'Drama', 'Music']",2
702525,Bigfoot Family,17520000,10855626,97,9.2757,7.1,246,2020-07-23,en,"['Animation', 'Adventure', 'Family']",3
365942,The Space Between Us,30000000,14793385,121,9.2741,7.0,2594,2017-01-26,en,"['Romance', 'Science Fiction', 'Drama']",5
111190,Adoration,16000000,1600000,100,9.274,6.103,1055,2013-04-03,en,['Drama'],9
6038,Shanghai Knights,50000000,88323487,115,9.2732,6.1,2518,2003-02-06,en,"['Adventure', 'Comedy', 'Western']",5
50359,Hop,63000000,183953723,95,9.2673,5.8,1429,2011-03-30,en,"['Animation', 'Comedy', 'Family']",3
9955,Blades of Glory,53000000,118200000,93,9.2666,6.126,1993,2007-03-30,en,['Comedy'],4
1284016,Power Ballad,0,3394770,99,9.2689,7.049,112,2026-05-18,en,"['Comedy', 'Music', 'Drama']",6
9035,Slither,15000000,12834936,96,9.2612,6.6,1804,2006-03-31,en,"['Horror', 'Science Fiction', 'Comedy']",4
590995,The Craft: Legacy,18000000,2300000,94,9.261,6.1,918,2020-10-28,en,"['Horror', 'Drama', 'Fantasy']",3
2280,Big,18000000,151927281,104,9.2583,7.196,4196,1988-06-03,en,"['Fantasy', 'Drama', 'Comedy']",3
23169,Remember Me,16000000,56000000,113,9.2545,7.098,3812,2010-03-11,en,"['Drama', 'Romance']",1
1448560,Wildcat,50000,0,99,9.2489,6.074,231,2025-11-19,en,"['Action', 'Thriller']",2
1584215,The Internship,0,0,91,9.2505,6.4,147,2026-01-13,en,['Action'],1
37765,Ace,0,0,90,9.2486,6.179,237,1981-04-09,it,['Comedy'],1
6538,Charlie Wilson's War,75000000,119483446,102,9.2391,6.544,1722,2007-12-19,en,"['Comedy', 'Drama', 'History']",5
21484,Possession,2400000,1200000,124,9.239,7.313,1449,1981-05-27,en,['Horror'],4
592834,My Spy,18000000,10200000,99,9.2374,6.859,1436,2020-01-09,en,"['Family', 'Action', 'Comedy']",3
978592,Sleeping Dogs,0,0,112,9.2363,6.98,668,2024-03-21,en,"['Mystery', 'Thriller', 'Crime', 'Drama']",8
77887,Hawaiian Vacation,0,0,7,9.2346,7.0,738,2011-06-16,en,"['Animation', 'Family', 'Comedy']",1
1586,Secret Window,40000000,92900000,96,9.2352,6.564,4043,2004-03-12,en,"['Mystery', 'Thriller']",3
800815,The Pale Blue Eye,72000000,0,128,9.2322,6.776,2289,2022-12-22,en,"['Thriller', 'Crime', 'Horror', 'Mystery']",2
795514,The Fallout,0,0,96,9.2237,7.488,1337,2021-03-17,en,['Drama'],2
637693,Spirit Untamed,30000000,42717215,88,9.2172,7.223,585,2021-05-20,en,"['Adventure', 'Animation', 'Family', 'Western']",1
11081,Taking Lives,45000000,65470529,103,9.2162,6.37,1821,2004-03-19,en,['Thriller'],3
807172,The Exorcist: Believer,30000000,136998069,111,9.2168,5.809,1335,2023-10-04,en,['Horror'],4
936,The Pink Panther,0,10878107,115,9.216,6.852,1233,1963-12-18,en,"['Comedy', 'Crime']",3
11360,Dumbo,812000,1600000,64,9.2128,6.99,5400,1941-10-31,en,"['Animation', 'Family']",1
38073,Going the Distance,32000000,42045846,102,9.2088,6.098,798,2010-08-27,en,"['Comedy', 'Drama', 'Romance']",2
9326,Romancing the Stone,10000000,86572238,106,9.2061,6.775,2129,1984-03-30,en,"['Romance', 'Comedy', 'Action', 'Adventure']",4
144,Wings of Desire,2500000,3548590,128,9.2031,7.8,1542,1987-09-23,de,"['Drama', 'Fantasy', 'Romance']",4
399361,Triple Frontier,115000000,0,125,9.1982,6.335,3663,2019-03-06,en,"['Action', 'Thriller', 'Crime', 'Adventure']",1
1024452,French Girl,0,0,106,9.1987,6.2,126,2024-03-15,en,"['Romance', 'Comedy']",2
923939,The Wonderful Story of Henry Sugar,4000000,0,39,9.1973,7.259,1515,2023-09-20,en,"['Fantasy', 'Adventure', 'Drama']",2
241239,A Most Violent Year,20000000,12007070,125,9.1967,6.592,1590,2014-12-31,en,"['Crime', 'Drama', 'Thriller']",7
58224,Mr. Popper's Penguins,55000000,187361754,94,9.1951,5.977,3250,2011-06-17,en,"['Comedy', 'Family']",4
11212,Baby's Day Out,50000000,16671505,99,9.1912,6.42,1517,1994-07-01,en,"['Comedy', 'Adventure', 'Family', 'Crime']",2
283566,Evangelion: 3.0+1.0 Thrice Upon a Time,29700000,93882453,155,9.1894,8.217,1004,2021-03-08,ja,"['Animation', 'Action', 'Science Fiction', 'Drama']",1
243688,Poltergeist,35000000,95682614,93,9.1879,5.227,2443,2015-05-20,en,['Horror'],5
3638,No Reservations,28000000,92601050,104,9.1866,6.711,1547,2007-06-15,en,"['Comedy', 'Romance', 'Drama']",4
522162,Midway,100000000,127400000,138,9.1842,7.1,2821,2019-11-06,en,"['War', 'History', 'Drama', 'Action']",6
1029281,Strange Darling,4000000,4853595,97,9.1834,6.862,1054,2024-08-22,en,"['Crime', 'Thriller', 'Horror']",4
592831,Megalopolis,120000000,14387154,138,9.1829,5.15,1065,2024-09-25,en,"['Science Fiction', 'Drama', 'Fantasy']",2
11357,Halloween 4: The Return of Michael Myers,5000000,17768757,88,9.1826,6.169,2113,1988-10-21,en,"['Horror', 'Thriller']",2
442062,Goosebumps 2: Haunted Halloween,35000000,93320380,90,9.1784,6.1,1675,2018-10-11,en,"['Comedy', 'Fantasy', 'Horror', 'Family']",5
269,Breathless,80000,0,90,9.1689,7.481,2097,1960-03-16,fr,"['Drama', 'Crime', 'Romance']",3
688,The Bridges of Madison County,24000000,182000000,135,9.1716,7.714,2447,1995-06-02,en,"['Drama', 'Romance']",3
238713,Spy,65000000,235666219,120,9.1666,6.832,6552,2015-05-06,en,"['Action', 'Comedy', 'Crime']",4
65759,Happy Feet Two,130000000,150406466,99,9.1651,6.2,1774,2011-11-17,en,"['Animation', 'Comedy', 'Family']",4
371638,The Disaster Artist,10000000,29820616,104,9.1632,7.094,3854,2017-03-12,en,"['Comedy', 'Drama']",6
15969,The Return of Jafar,3500000,0,69,9.163,6.234,3493,1994-12-15,en,"['Family', 'Adventure', 'Animation', 'Romance']",1
1160360,If I Had Legs I'd Kick You,1500000,1709642,113,9.1613,6.34,429,2025-10-10,en,['Drama'],4
312791,GirlHouse,3150000,0,100,9.162,6.0,339,2014-10-16,en,"['Horror', 'Thriller']",1
10781,The Texas Chainsaw Massacre: The Beginning,16000000,50517763,91,9.1584,6.2,2025,2006-10-05,en,"['Horror', 'Thriller']",5
9975,Curious George,50000000,69834815,87,9.1574,6.5,590,2006-02-10,en,"['Adventure', 'Animation', 'Comedy', 'Family']",2
14864,The Hot Spot,0,1293976,130,9.1563,6.29,314,1990-10-12,en,"['Romance', 'Crime', 'Thriller']",3
9884,Collateral Damage,85000000,78382433,108,9.1564,5.771,1552,2002-02-06,en,"['Action', 'Thriller', 'Drama']",4
3034,Young Frankenstein,2800000,86273333,106,9.1536,7.856,3491,1974-12-15,en,['Comedy'],3
261103,Maya the Bee Movie,0,29600000,88,9.1527,6.2,192,2014-09-11,en,"['Family', 'Animation']",9
9559,A Perfect World,30000000,135100000,138,9.1482,7.505,1947,1993-11-24,en,"['Drama', 'Crime', 'Thriller']",2
1289936,Downton Abbey: The Grand Finale,50000000,107929546,123,9.148,7.065,302,2025-09-10,en,"['Drama', 'Romance']",2
3600,I Still Know What You Did Last Summer,24000000,84002112,100,9.1473,5.361,1807,1998-11-13,en,"['Horror', 'Mystery', 'Thriller']",3
1034716,People We Meet on Vacation,1000000,0,116,9.1451,7.0,737,2026-01-06,en,"['Comedy', 'Romance']",3
214,Saw III,10000000,164874275,108,9.1451,6.418,5101,2006-10-26,en,"['Horror', 'Thriller', 'Crime']",1
12536,Home Alone 4,0,0,84,9.1436,4.489,1417,2002-11-03,en,"['Comedy', 'Family', 'TV Movie']",1
1330421,Bone Lake,1000000,1688650,94,9.1414,5.9,270,2025-10-02,en,"['Horror', 'Mystery', 'Thriller']",2
13151,Scooby-Doo on Zombie Island,0,0,77,9.1424,7.7,889,1998-09-22,en,"['Animation', 'Mystery', 'Family', 'Horror']",2
522241,The Courier,0,26000000,112,9.1365,7.032,1425,2020-01-24,en,"['Thriller', 'History', 'Drama']",3
37137,The Naked Gun 2½: The Smell of Fear,23000000,192030411,85,9.1406,6.818,2891,1991-06-28,en,"['Comedy', 'Crime']",1
9767,The Break-Up,52000000,205700000,106,9.1364,5.905,2908,2006-06-01,en,"['Romance', 'Comedy']",3
77877,The Lucky One,25000000,99400000,101,9.1362,7.182,3889,2012-04-19,en,"['Drama', 'Romance']",4
830788,The Invitation,10000000,33628000,105,9.1343,5.977,1014,2022-08-24,en,"['Horror', 'Thriller']",2
2064,While You Were Sleeping,17000000,182100000,103,9.1343,7.037,2071,1995-04-21,en,"['Romance', 'Comedy']",2
748230,Salem's Lot,0,851156,113,9.1323,5.959,748,2024-10-03,en,['Horror'],4
65057,The Descendants,20000000,177200000,115,9.1322,6.83,3163,2011-09-09,en,"['Comedy', 'Drama']",3
3021,1408,25000000,133000000,104,9.1306,6.697,5102,2007-06-22,en,"['Horror', 'Mystery']",2
171424,The Green Inferno,5000000,12931420,100,9.1228,5.745,1643,2014-09-04,en,"['Adventure', 'Horror']",4
328387,Nerve,19000000,85241496,96,9.1187,6.992,7108,2016-06-27,en,"['Mystery', 'Adventure', 'Crime']",4
306819,The Danish Girl,15000000,64200000,119,9.1185,7.536,6023,2015-11-27,en,['Drama'],7
391757,Never Back Down: No Surrender,0,0,101,9.1144,7.058,522,2016-06-07,en,"['Drama', 'Action']",1
554230,The Lost Daughter,5000000,703281,122,9.1172,6.445,1159,2021-12-15,en,['Drama'],5
10327,"Legally Blonde 2: Red, White & Blonde",45000000,124914842,95,9.1139,5.721,1815,2003-07-02,en,"['Comedy', 'Romance']",3
14926,Uptown Girls,20000000,44617342,92,9.1137,7.073,1233,2003-08-15,en,"['Comedy', 'Drama']",2
3176,Battle Royale,4500000,30600000,113,9.1114,7.264,3965,2000-12-16,ja,"['Drama', 'Thriller', 'Action']",7
8277,American Pie Presents: Beta House,10000000,18610260,89,9.1101,5.641,2075,2007-12-06,en,['Comedy'],2
603204,Stars at Noon,0,0,138,9.108,5.8,146,2022-10-14,fr,"['Drama', 'Romance', 'Crime']",3
246403,Tusk,3000000,1882074,102,9.1076,5.542,1733,2014-09-19,en,"['Comedy', 'Horror']",3
82682,Gangster Squad,60000000,105200000,113,9.1068,6.38,4339,2013-01-09,en,"['Crime', 'Drama', 'Action', 'Thriller']",4
18334,Guinea Pig: Devil's Experiment,0,0,43,9.1064,4.8,168,1985-09-04,ja,['Horror'],1
24238,Mary and Max,8240000,1740429,92,9.1062,7.882,2343,2009-04-09,en,"['Animation', 'Comedy', 'Drama']",4
8247,Jumper,85000000,222231186,88,9.1028,6.177,6453,2008-02-13,en,"['Action', 'Adventure', 'Science Fiction']",3
1582770,Dhurandhar: The Revenge,14330000,152900759,235,9.1021,7.304,163,2026-03-18,hi,"['Action', 'Crime', 'Thriller']",2
1147400,"Miraculous World: Paris, Tales of Shadybug and Claw Noir",0,0,48,9.1003,7.3,548,2024-02-11,fr,"['Animation', 'Family', 'Action', 'Adventure', 'Fantasy']",2
68734,Argo,44500000,232300000,120,9.1006,7.285,9222,2012-10-11,en,"['Drama', 'Thriller']",3
9078,The Sword in the Stone,3000000,22200000,79,9.0979,7.227,4186,1963-12-25,en,"['Animation', 'Family', 'Fantasy']",1
975,Paths of Glory,935000,1200000,88,9.0966,8.251,3394,1957-10-25,en,"['War', 'Drama']",3
446791,All the Money in the World,50000000,56996304,132,9.0954,6.492,2477,2017-12-21,en,"['Crime', 'History', 'Thriller', 'Drama']",6
614911,The Midnight Sky,0,70018,118,9.0904,5.734,2087,2020-12-10,en,"['Science Fiction', 'Drama']",4
13920,Radio,35000000,53293628,109,9.0883,7.396,936,2003-10-24,en,['Drama'],2
52451,The Three Musketeers,75000000,132274484,110,9.0862,5.8,2863,2011-08-31,en,"['Adventure', 'Action', 'Thriller']",6
770254,Back to the Outback,0,0,92,9.0955,7.573,806,2021-12-03,en,"['Family', 'Animation', 'Adventure', 'Comedy']",1
3175,Barry Lyndon,11000000,31500000,188,9.0842,7.998,3305,1975-12-16,en,"['Drama', 'History']",3
1280450,Stolen Girl,26000000,92691,110,9.0832,6.4,208,2025-09-04,en,"['Thriller', 'Action', 'Adventure']",5
15016,Barbie of Swan Lake,0,0,83,9.0828,7.0,1160,2003-09-27,en,"['Animation', 'Family']",2
626735,Dog,20000000,84774243,101,9.082,7.275,1814,2022-02-17,en,"['Drama', 'Comedy']",3
50839,Margin Call,3500000,19504039,107,9.0807,6.855,2196,2011-09-28,en,"['Thriller', 'Drama']",3
38321,Priest,60000000,84154026,87,9.0756,5.913,2643,2011-05-05,en,"['Action', 'Fantasy', 'Horror']",5
4474,My Super Ex-Girlfriend,0,61108981,95,9.0789,5.162,1579,2006-07-20,en,"['Comedy', 'Science Fiction', 'Romance']",4
192,The Name of the Rose,18000000,77200000,130,9.0744,7.498,3413,1986-09-24,en,"['Drama', 'Thriller', 'Mystery']",5
1307078,My Oxford Year,0,0,113,9.0708,6.995,648,2025-07-31,en,"['Romance', 'Comedy', 'Drama']",1
8204,The Spiderwick Chronicles,90000000,164200000,95,9.0708,6.7,2959,2008-02-14,en,"['Family', 'Adventure', 'Fantasy', 'Action']",3
256961,Paul Blart: Mall Cop 2,38000000,107597242,94,9.0658,5.172,1731,2015-04-16,en,"['Action', 'Comedy', 'Family']",5
928,Gremlins 2: The New Batch,50000000,41485808,106,9.0707,6.528,3012,1990-06-15,en,"['Comedy', 'Horror', 'Fantasy']",2
1791,The Piano Teacher,6200000,6766708,131,9.0686,7.259,1349,2001-09-05,fr,"['Drama', 'Romance']",6
4977,Paprika,2600000,946590,90,9.0658,7.811,3005,2006-10-01,ja,"['Animation', 'Science Fiction', 'Thriller']",2
869626,Marcel the Shell with Shoes On,6000000,6909209,90,9.065,7.622,744,2022-06-24,en,"['Animation', 'Comedy', 'Drama', 'Family', 'Fantasy']",5
14324,Virgin Territory,38000000,5410749,93,9.0625,5.0,388,2007-12-17,en,"['Adventure', 'Action', 'Comedy', 'Romance']",6
628847,Trap House,0,0,103,9.0603,6.635,325,2025-11-14,en,"['Action', 'Crime', 'Thriller']",9
6878,Homeward Bound: The Incredible Journey,24000000,57333324,84,9.0582,7.003,1155,1993-02-03,en,"['Adventure', 'Comedy', 'Family']",2
1124619,Bride Hard,20000000,2056468,105,9.0554,5.45,211,2025-06-19,en,"['Action', 'Comedy']",7
333669,Bastille Day,20000000,14397593,92,9.0554,6.317,1574,2016-04-22,en,['Action'],6
11459,Sky High,35000000,86369815,100,9.0509,6.3,2541,2005-07-29,en,"['Adventure', 'Comedy', 'Family']",3
535292,21 Bridges,33000000,49900000,100,9.0506,6.793,2244,2019-10-24,en,"['Crime', 'Action', 'Drama']",5
75174,The Grey,25000000,79781695,117,9.0452,6.578,4262,2012-01-26,en,"['Action', 'Adventure', 'Thriller']",6
722149,Luther: The Fallen Sun,0,0,129,9.0428,6.627,1170,2023-02-24,en,"['Crime', 'Mystery', 'Thriller']",2
9032,Big Daddy,34200000,234801895,93,9.0409,6.489,3674,1999-06-25,en,"['Comedy', 'Drama']",3
10068,Nine 1/2 Weeks,17000000,6740470,117,9.0404,6.125,1171,1986-02-09,en,"['Drama', 'Romance']",4
57212,War Horse,66000000,177584879,146,9.0379,7.304,3779,2011-12-25,en,"['War', 'History', 'Drama']",4
8814,Doom,60000000,58100000,105,9.0366,5.2,2545,2005-10-20,en,"['Action', 'Horror', 'Science Fiction']",7
1598,Cape Fear,35000000,182300000,128,9.0362,7.261,4037,1991-11-13,en,"['Drama', 'Crime', 'Thriller']",4
82650,Diary of a Wimpy Kid: Dog Days,22000000,77100000,94,9.0365,6.371,1101,2012-08-02,en,"['Comedy', 'Family']",3
700,Octopussy,27500000,187518457,131,9.0301,6.36,2304,1983-06-05,en,"['Adventure', 'Action', 'Thriller']",1
745881,The Medium,0,7230000,131,9.0312,7.007,778,2021-07-14,th,"['Horror', 'Mystery']",5
94329,The Raid,1100000,9148519,101,9.0356,7.41,4053,2012-03-22,id,"['Action', 'Thriller', 'Crime']",4
44683,Tinker Bell and the Great Fairy Rescue,0,0,76,9.0286,6.8,1049,2010-07-29,en,"['Animation', 'Adventure', 'Family', 'Fantasy']",2
539885,Ava,0,2987741,96,9.0272,5.831,2815,2020-07-02,en,"['Action', 'Thriller', 'Crime']",3
19899,Couples Retreat,70000000,171844840,113,9.0253,5.561,2141,2009-09-19,en,"['Comedy', 'Romance']",4
8390,"Definitely, Maybe",0,55447968,112,9.0228,6.935,2695,2008-02-08,en,"['Comedy', 'Romance']",4
487297,What Men Want,20000000,69766483,117,9.0239,6.192,1618,2019-02-08,en,"['Comedy', 'Romance']",3
2082,Halloween,15000000,80460948,110,9.0225,6.24,2644,2007-08-31,en,['Horror'],4
116711,Epic,100000000,268426634,102,9.0209,6.568,3021,2013-05-15,en,"['Animation', 'Adventure', 'Family', 'Fantasy']",2
491584,Burning,7280000,6591038,148,9.0178,7.381,1905,2018-05-17,ko,"['Mystery', 'Drama', 'Thriller']",3
15189,Hotel for Dogs,35000000,117000198,100,9.0164,6.066,929,2009-01-16,en,"['Comedy', 'Family']",6
137094,Jack Ryan: Shadow Recruit,60000000,135500000,105,9.0205,6.126,3193,2014-01-15,en,"['Action', 'Drama', 'Thriller']",5
334543,Lion,12000000,140312928,118,9.0131,8.036,7084,2016-11-24,en,['Drama'],5
2604,Born on the Fourth of July,14000000,161001698,145,9.0129,7.005,1954,1989-12-20,en,"['Drama', 'War']",3
11845,Intimacy,0,2672527,120,9.0097,6.193,565,2001-01-20,en,"['Romance', 'Drama', 'Fantasy']",8
4547,Panic Room,48000000,197100000,111,9.0083,6.795,5598,2002-03-29,en,"['Crime', 'Drama', 'Thriller']",3
2291,Jacob's Ladder,25000000,26118851,113,9.0062,7.36,2010,1990-11-02,en,"['Drama', 'Mystery', 'Horror']",1
1052280,It's What's Inside,0,0,105,9.0085,6.464,882,2024-01-19,en,"['Comedy', 'Mystery', 'Science Fiction']",3
49017,Dracula Untold,70000000,217124280,92,9.0025,6.467,6645,2014-10-01,en,"['Horror', 'Action', 'Fantasy']",3
59962,This Means War,65000000,156974557,98,8.9996,6.18,3686,2012-02-14,en,"['Action', 'Comedy', 'Romance']",4
463821,The House with a Clock in Its Walls,42000000,131523093,105,9.0,6.251,2376,2018-09-15,en,"['Comedy', 'Family', 'Fantasy', 'Horror', 'Mystery']",3
21385,"Mickey, Donald, Goofy: The Three Musketeers",0,0,68,8.9974,6.744,1008,2004-08-04,en,"['Adventure', 'Animation', 'Comedy', 'Family']",1
1101448,Unstoppable,0,0,123,8.9966,5.3,177,2024-12-06,en,"['Drama', 'History']",5
9619,Dante's Peak,116000000,178127760,108,8.9953,6.256,2200,1997-02-07,en,"['Action', 'Adventure', 'Drama', 'Thriller']",2
10837,DuckTales: The Movie - Treasure of the Lost Lamp,20000000,18115724,74,8.9939,6.701,955,1990-08-03,en,"['Adventure', 'Animation', 'Family', 'Comedy', 'Fantasy']",1
8488,Hitch,70000000,371600000,118,8.9936,6.6,6391,2005-02-11,en,"['Comedy', 'Drama', 'Romance']",2
11451,Herbie Fully Loaded,50000000,144100000,101,8.99,5.848,2484,2005-06-19,en,"['Comedy', 'Family', 'Adventure', 'Fantasy', 'Romance']",2
779782,The School for Good and Evil,0,0,149,8.9931,7.0,1430,2022-10-19,en,"['Fantasy', 'Comedy', 'Adventure']",3
9889,Shallow Hal,40000000,141069860,114,8.9853,6.184,3270,2001-11-01,en,"['Comedy', 'Drama', 'Fantasy', 'Romance']",2
9444,Anastasia,53000000,139804348,94,8.9842,7.601,5709,1997-11-20,en,"['Animation', 'Family', 'Fantasy', 'Adventure']",2
648579,The Unbearable Weight of Massive Talent,30000000,29116320,107,8.9828,6.768,2635,2022-04-20,en,"['Action', 'Comedy', 'Crime']",2
824,Moulin Rouge!,52500000,179213434,128,8.9795,7.518,4962,2001-05-18,en,"['Drama', 'Romance', 'Music']",2
150,48 Hrs.,12000000,78868508,96,8.9793,6.677,1796,1982-12-07,en,"['Crime', 'Action', 'Comedy']",3
376290,Miss Sloane,13000000,9101546,133,8.9755,7.398,2035,2016-11-25,en,"['Thriller', 'Drama', 'Crime']",7
96936,The Bling Ring,15000000,19145732,90,8.975,5.435,3197,2013-06-12,en,"['Drama', 'Crime']",3
1443,The Virgin Suicides,6000000,10409377,97,8.9686,7.1,3718,2000-04-21,en,"['Drama', 'Romance']",3
376659,Bad Moms,20000000,183936074,100,8.9681,6.478,4334,2016-07-28,en,['Comedy'],4
1715,The Cider House Rules,24000000,88500000,126,8.9717,7.085,1336,1999-12-17,en,['Drama'],3
10189,Pineapple Express,27000000,101624843,112,8.9633,6.638,4343,2008-08-06,en,"['Action', 'Comedy', 'Crime']",3
83666,Moonrise Kingdom,16000000,68263166,94,8.9574,7.676,6498,2012-05-16,en,"['Comedy', 'Drama', 'Romance']",2
1012201,HAIKYU!! The Dumpster Battle,5000000,100255784,84,8.9583,7.832,273,2024-02-16,ja,"['Animation', 'Comedy']",7
508642,Gonjiam: Haunted Asylum,0,21041950,95,8.9568,7.241,1012,2018-03-28,ko,"['Horror', 'Mystery']",1
11230,Drunken Master,0,16483650,111,8.9561,7.394,1179,1978-10-05,cn,"['Action', 'Comedy']",1
4858,The Invasion,80000000,40170558,99,8.9548,6.081,1829,2007-08-17,en,"['Horror', 'Mystery', 'Science Fiction', 'Thriller']",3
11134,Police Story 3: Super Cop,0,34391494,95,8.9531,6.944,605,1992-07-04,cn,"['Action', 'Crime', 'Thriller']",2
175,The Big Blue,13500000,4000000,168,8.9525,7.44,1630,1988-05-10,fr,"['Romance', 'Adventure', 'Drama']",2
530254,The Witch: Part 1. The Subversion,5500000,24340302,126,8.9514,7.919,807,2018-06-27,ko,"['Action', 'Drama', 'Science Fiction']",6
6145,Fracture,10000000,91354215,113,8.952,7.258,4473,2007-04-19,en,['Thriller'],4
319888,Eddie the Eagle,23000000,46152411,106,8.9518,7.162,2355,2016-02-25,en,"['Drama', 'History', 'Adventure']",2
23047,Season of the Witch,40000000,91627228,95,8.951,5.533,2735,2011-01-07,en,"['Adventure', 'Fantasy', 'Action']",4
8328,Step Up 2: The Streets,23000000,150988382,98,8.9497,6.7,2465,2008-02-14,en,"['Music', 'Drama', 'Romance']",3
239678,This Is Where I Leave You,19800000,41300000,103,8.9492,6.7,1543,2014-09-10,en,"['Drama', 'Comedy']",3
180299,The Raid 2,4500000,6566916,150,8.949,7.615,2704,2014-03-27,id,"['Action', 'Crime', 'Thriller']",3
339527,Solace,0,22586863,101,8.9474,6.45,2447,2015-09-03,en,"['Thriller', 'Crime', 'Mystery']",9
3170,Bambi,858000,267447150,70,8.9457,7.015,6146,1942-08-14,en,"['Animation', 'Drama', 'Family']",1
409,The English Patient,27000000,231976425,162,8.9443,7.13,2472,1996-11-14,en,"['Drama', 'Romance', 'War']",3
479226,The Purity of Vengeance,6000000,470000,118,8.9386,7.146,567,2018-10-04,da,"['Crime', 'Thriller', 'Mystery', 'Drama']",11
441168,From Straight A's to XXX,0,0,87,8.9376,5.9,171,2017-02-11,en,"['Drama', 'TV Movie']",4
11797,Fright Night,9000000,24922237,107,8.9424,7.0,1614,1985-08-02,en,"['Comedy', 'Horror']",3
621587,Next Goal Wins,14000000,18062279,104,8.9322,6.438,616,2023-11-16,en,"['Comedy', 'Drama']",6
787781,Quiz Lady,0,0,100,8.9307,6.7,338,2023-09-09,en,['Comedy'],3
4806,Runaway Bride,70000000,309500000,116,8.9284,6.095,2222,1999-07-30,en,"['Comedy', 'Romance']",4
9728,Friday the 13th Part III,2300000,36697702,95,8.9263,5.88,1666,1982-08-13,en,['Horror'],5
1242501,Icefall,0,0,99,8.9276,6.5,247,2025-10-16,en,"['Action', 'Crime', 'Thriller']",2
238215,The Cobbler,10000000,6500000,99,8.9261,5.875,1851,2014-09-11,en,"['Fantasy', 'Comedy', 'Drama']",4
15070,Undisputed,20000000,14946150,96,8.9225,6.5,866,2002-07-17,en,"['Action', 'Drama', 'Crime']",5
667739,The Man from Toronto,75000000,0,113,8.9191,6.409,569,2022-12-23,en,"['Action', 'Adventure', 'Comedy']",4
440471,Escape Plan 2: Hades,20000000,17592626,93,8.9188,5.156,1613,2018-06-05,en,"['Action', 'Thriller', 'Crime', 'Mystery', 'Science Fiction']",10
277547,Playing It Cool,0,1323415,94,8.917,5.857,823,2014-09-26,en,"['Comedy', 'Romance']",2
2044,The Lake House,40000000,114830111,99,8.9161,7.038,3083,2006-06-16,en,"['Romance', 'Drama', 'Fantasy']",1
785542,The Outrun,0,3983828,118,8.9113,6.8,379,2024-01-19,en,['Drama'],7
339692,Shot Caller,0,0,121,8.9084,6.974,2309,2017-07-07,en,"['Crime', 'Drama', 'Thriller']",4
252838,The Wedding Ringer,23000000,79799880,101,8.9044,6.458,1745,2015-01-16,en,['Comedy'],4
2575,The Tailor of Panama,21000000,28000000,109,8.903,6.0,572,2001-02-11,en,"['Drama', 'Thriller']",2
1239146,Woody Woodpecker Goes to Camp,15000000,0,101,8.9023,6.4,213,2024-04-12,en,"['Family', 'Comedy', 'Animation']",3
10982,Hoodwinked!,8000000,110000000,81,8.9017,6.319,1988,2005-12-16,en,"['Animation', 'Comedy', 'Crime', 'Family', 'Mystery']",3
1381,The Fountain,35000000,15304890,96,8.895,6.9,3238,2006-11-22,en,"['Drama', 'Adventure', 'Science Fiction', 'Romance']",4
1367,Rocky II,7000000,200182160,119,8.9004,7.296,4987,1979-06-15,en,"['Drama', 'Action']",2
653,Nosferatu,0,27964,94,8.8936,7.653,2540,1922-02-16,de,"['Horror', 'Fantasy']",1
50348,The Lincoln Lawyer,40000000,85412898,119,8.8933,7.207,3781,2011-03-17,en,"['Crime', 'Drama', 'Thriller']",4
59859,Kick-Ass 2,28000000,60795985,103,8.8904,6.405,6742,2013-07-17,en,"['Action', 'Adventure', 'Crime']",2
818,Austin Powers in Goldmember,63000000,296938801,94,8.8879,6.021,3556,2002-07-26,en,"['Comedy', 'Crime']",5
100,"Lock, Stock and Two Smoking Barrels",1350000,28356188,105,8.8867,8.093,7430,1998-08-28,en,"['Comedy', 'Crime']",3
8092,This Boy's Life,0,4104962,115,8.8859,7.127,1121,1993-04-09,en,['Drama'],2
851644,20th Century Girl,0,0,119,8.8819,8.172,867,2022-10-06,ko,"['Romance', 'Drama']",2
11412,The Long Kiss Goodnight,65000000,89456761,121,8.8813,6.579,1400,1996-10-11,en,"['Crime', 'Action', 'Mystery', 'Thriller']",3
60307,Diary of a Wimpy Kid: Rodrick Rules,18000000,72200000,99,8.8811,6.736,1304,2011-03-25,en,"['Family', 'Comedy']",3
8920,Garfield,50000000,200800000,80,8.8795,5.724,4331,2004-06-10,en,"['Comedy', 'Family']",2
263109,Shaun the Sheep Movie,25000000,106209378,85,8.8789,6.989,1565,2015-02-05,en,"['Family', 'Animation', 'Comedy', 'Adventure']",3
19585,G-Force,150000000,292817841,88,8.8755,5.5,2056,2009-07-24,en,"['Family', 'Fantasy', 'Action', 'Adventure', 'Comedy']",3
11090,The Animal,22000000,84772742,83,8.8672,5.154,1419,2001-06-01,en,"['Comedy', 'Science Fiction']",2
454992,The Spy Who Dumped Me,40000000,33562069,117,8.8707,6.364,2426,2018-08-02,en,"['Comedy', 'Action', 'Adventure']",2
553,Dogville,10000000,16690617,178,8.8639,7.742,2790,2003-05-21,en,"['Crime', 'Drama', 'Thriller']",26
353616,Pitch Perfect 3,45000000,185400345,93,8.8631,6.504,3509,2017-12-20,en,"['Music', 'Comedy']",2
168530,Ride Along,25000000,153997819,99,8.8615,6.262,2502,2014-01-07,en,"['Action', 'Comedy']",4
2322,Sneakers,23000000,105232691,125,8.8608,6.916,1102,1992-09-09,en,"['Comedy', 'Crime', 'Drama']",1
7552,Fun with Dick and Jane,100000000,202026112,90,8.8578,6.236,2771,2005-12-21,en,"['Comedy', 'Crime']",4
1620,Hitman,24000000,101276318,89,8.8563,6.179,3782,2007-11-21,en,"['Action', 'Thriller', 'Drama']",3
431530,A Bad Moms Christmas,28000000,130560428,104,8.844,6.316,2241,2017-08-04,en,['Comedy'],5
11253,Hellboy II: The Golden Army,85000000,160388063,120,8.8407,6.8,5772,2008-07-11,en,"['Fantasy', 'Action']",4
75674,Act of Valor,12000000,82499399,110,8.8539,6.551,1303,2012-02-24,en,"['Action', 'Thriller', 'War']",1
303858,Money Monster,27000000,93282604,99,8.8358,6.4,3208,2016-05-12,en,"['Thriller', 'Drama']",4
10033,Just Friends,0,50817508,94,8.8539,6.203,1857,2005-11-23,en,"['Comedy', 'Romance']",3
146216,RED 2,84000000,148075565,116,8.8286,6.531,4439,2013-07-18,en,"['Action', 'Adventure', 'Comedy', 'Crime', 'Thriller']",2
11975,The Rainmaker,40000000,45916769,135,8.8343,7.024,1552,1997-11-18,en,"['Drama', 'Crime', 'Thriller']",3
614933,Atlas,100000000,0,118,8.8278,6.636,1658,2024-05-23,en,"['Science Fiction', 'Action']",4
9428,The Royal Tenenbaums,21000000,71441250,110,8.8278,7.5,5221,2001-10-05,en,"['Comedy', 'Drama']",2
12448,The Hunchback of Notre Dame II,0,0,68,8.846,5.378,864,2002-02-06,en,"['Animation', 'Family', 'Comedy', 'Romance']",3
97367,The Place Beyond the Pines,15000000,47135966,140,8.8269,6.982,5339,2013-03-20,en,"['Drama', 'Crime']",6
11699,Bad Lieutenant: Port of Call New Orleans,25000000,10589102,122,8.8277,6.178,1320,2009-09-11,en,"['Drama', 'Crime']",7
8967,The Tree of Life,32000000,54700000,139,8.8268,6.7,3426,2011-05-17,en,"['Drama', 'Fantasy']",1
452773,"Tad, the Lost Explorer, and the Secret of King Midas",10778400,34156960,85,8.8251,6.7,451,2017-03-25,es,"['Animation', 'Adventure', 'Comedy', 'Family']",9
2899,Asterix & Obelix: Mission Cleopatra,58500000,131116046,108,8.8233,7.368,3848,2002-01-30,fr,"['Family', 'Fantasy', 'Comedy', 'Adventure']",9
2100,The Last Castle,72000000,27642707,131,8.8197,7.2,1496,2001-10-19,en,"['Action', 'Drama', 'Thriller']",2
1487,Hellboy,66000000,99318987,122,8.815,6.7,7647,2004-04-02,en,"['Fantasy', 'Action']",3
547,The Horse Whisperer,60000000,186883563,169,8.8478,6.9,1220,1998-02-01,en,"['Adventure', 'Drama', 'Romance']",2
9360,Anaconda,45000000,136885767,90,8.8143,5.29,2914,1997-04-11,en,"['Adventure', 'Horror', 'Thriller']",6
766475,See How They Run,40000000,21921551,99,8.8121,6.336,1358,2022-09-09,en,"['Mystery', 'Comedy', 'Crime']",3
590223,Love and Monsters,30000000,1122066,109,8.8109,7.266,4614,2020-10-16,en,"['Adventure', 'Comedy', 'Fantasy']",2
433498,Papillon,0,10060903,134,8.8116,7.321,2220,2017-09-07,en,"['Adventure', 'Crime', 'Drama']",3
833425,No Exit,0,0,96,8.8103,6.813,1349,2022-02-24,en,"['Thriller', 'Mystery']",2
776797,The Sadness,0,0,100,8.81,6.846,1241,2021-01-22,zh,"['Horror', 'Thriller']",1
1380316,Is God Is,14800000,4857896,100,8.8081,5.932,140,2026-05-14,en,"['Drama', 'Thriller']",4
16690,Return to Never Land,20000000,109862682,72,8.8085,6.471,2430,2002-02-14,en,"['Adventure', 'Fantasy', 'Animation', 'Family']",3
458305,Vivarium,4000000,488000,99,8.8056,6.078,2772,2019-09-07,en,"['Science Fiction', 'Mystery', 'Horror']",9
634528,The Marksman,23000000,23076711,108,8.8041,6.761,1784,2021-01-15,en,"['Action', 'Drama', 'Thriller']",5
9574,Flubber,80000000,178000000,93,8.7972,5.671,2646,1997-11-26,en,"['Comedy', 'Family', 'Science Fiction']",2
55341,Jeepers Creepers 3,6200000,4017852,100,8.7961,4.9,1021,2017-09-26,en,['Horror'],2
713,The Piano,7000000,40247071,120,8.7938,7.359,1699,1993-05-18,en,"['Drama', 'Romance']",2
6519,The Dukes of Hazzard,50000000,110803676,104,8.7935,5.629,1357,2005-08-05,en,"['Comedy', 'Adventure', 'Action']",4
13002,Barbie in the 12 Dancing Princesses,0,0,83,8.7889,7.617,1272,2006-09-19,en,"['Animation', 'Family']",2
458423,Mamma Mia! Here We Go Again,75000000,395607854,114,8.7826,7.068,3643,2018-07-18,en,"['Comedy', 'Romance']",2
1049471,Outcome,80000000,0,84,8.7879,5.375,259,2026-04-06,en,"['Comedy', 'Drama']",2
280996,Mr. Holmes,11000000,29355203,104,8.7812,6.476,2007,2015-06-19,en,"['Drama', 'Mystery']",6
11395,The Santa Clause,22000000,189833357,97,8.7766,6.529,2379,1994-11-11,en,"['Fantasy', 'Drama', 'Comedy', 'Family']",3
1314786,Agent Zeta,0,0,133,8.7746,6.697,190,2026-03-20,es,"['Drama', 'Thriller']",1
387592,Early Man,50000000,53431158,89,8.7732,6.143,897,2018-01-26,en,"['Family', 'Comedy', 'Animation', 'Adventure']",2
59440,Warrior,25000000,23300000,140,8.7668,7.8,5160,2011-09-09,en,"['Drama', 'Action']",4
1955,The Elephant Man,5000000,26000000,124,8.7656,8.05,4073,1980-10-09,en,"['Drama', 'History']",2
267193,Grimsby,35000000,28000000,83,8.7665,5.951,2610,2016-02-24,en,"['Action', 'Comedy']",6
13004,Barbie and the Diamond Castle,0,0,78,8.7643,7.4,895,2008-09-03,en,"['Animation', 'Family']",2
249070,Hitman: Agent 47,35000000,81967450,96,8.7574,5.913,3380,2015-08-20,en,"['Action', 'Crime', 'Thriller']",7
862968,Pain Hustlers,0,0,122,8.7622,6.637,832,2023-10-20,en,['Drama'],2
1235746,Dead of Winter,0,1030111,98,8.756,6.537,489,2025-09-23,en,"['Thriller', 'Action']",7
884,Crash,9000000,2671855,100,8.7553,6.487,1442,1996-07-17,en,"['Thriller', 'Drama']",2
4032,My Girl,17000000,59490000,103,8.756,7.426,2371,1991-11-21,en,"['Comedy', 'Drama']",2
257785,Tulip Fever,25000000,9204549,107,8.747,6.51,747,2017-07-13,en,"['Drama', 'Romance']",4
1028196,Nickel Boys,23200000,3016380,140,8.7463,6.62,382,2024-12-13,en,"['Drama', 'History']",4
49526,Premium Rush,35000000,31100000,91,8.7425,6.372,2393,2012-08-24,en,"['Crime', 'Action', 'Thriller']",2
11351,Jeepers Creepers 2,17000000,63102666,104,8.7444,6.204,1894,2003-08-08,en,['Horror'],3
12103,Don't Say a Word,50000000,100020092,113,8.7402,6.275,1126,2001-09-28,en,"['Thriller', 'Mystery', 'Crime']",6
80585,Rock of Ages,75000000,59400000,123,8.7338,6.202,1391,2012-06-13,en,"['Comedy', 'Drama', 'Romance', 'Music']",5
474395,Teen Titans Go! To the Movies,10000000,52390236,84,8.7371,7.159,1202,2018-07-27,en,"['Animation', 'Action', 'Comedy', 'Science Fiction']",2
71668,Piranha 3DD,5000000,8493728,83,8.732,4.346,1192,2012-05-11,en,"['Horror', 'Thriller', 'Comedy']",3
1272,Sunshine,50000000,34800000,108,8.7282,6.974,4453,2007-04-05,en,"['Science Fiction', 'Thriller']",4
457332,Hidden Strike,80000000,0,103,8.7277,6.879,1103,2023-07-06,en,"['Action', 'Comedy', 'Thriller', 'Adventure']",8
535581,The Dead Don't Die,11000000,15325468,104,8.7172,5.437,2950,2019-05-15,en,"['Comedy', 'Drama', 'Horror']",5
17379,Last Holiday,45000000,38399961,112,8.717,7.28,911,2006-01-13,en,"['Adventure', 'Comedy', 'Drama']",3
1125311,Imaginary,10000000,43778760,104,8.733,5.868,726,2024-03-06,en,"['Horror', 'Mystery']",3
8274,American Pie Presents: Band Camp,7000000,0,94,8.7151,5.471,2288,2005-11-23,en,['Comedy'],2
23514,The Rum Diary,45000000,24000000,120,8.7148,5.892,1371,2011-10-13,en,"['Comedy', 'Drama']",3
1691,Hostel: Part II,10200000,35728183,93,8.7148,5.862,2291,2007-06-07,en,['Horror'],5
418078,It Comes at Night,5000000,19280931,91,8.709,5.871,2705,2017-06-09,en,"['Drama', 'Horror', 'Mystery']",2
9558,King of New York,5300000,2554712,103,8.7081,6.8,832,1990-07-18,en,"['Thriller', 'Crime']",2
5966,Along Came Polly,42000000,178300000,90,8.7197,6.031,3105,2004-01-16,en,"['Comedy', 'Romance']",1
9473,"South Park: Bigger, Longer & Uncut",21000000,83137864,81,8.7067,7.292,3053,1999-06-24,en,"['Animation', 'Comedy']",5
338969,The Toxic Avenger Unrated,0,3328938,102,8.7051,5.944,451,2025-08-28,en,"['Action', 'Comedy', 'Science Fiction']",2
505600,Booksmart,6000000,24849029,102,8.7034,6.994,2934,2019-05-24,en,['Comedy'],2
1825,Over the Top,25000000,16057580,94,8.7003,6.472,1936,1987-02-13,en,"['Action', 'Drama']",3
11587,The Exorcist III,11000000,39024251,110,8.6979,6.3,900,1990-08-17,en,['Horror'],1
28355,Case 39,27000000,29000000,109,8.6955,6.323,2446,2009-08-13,en,"['Horror', 'Mystery', 'Thriller']",5
668,On Her Majesty's Secret Service,7000000,82000000,142,8.6952,6.561,2231,1969-12-18,en,"['Adventure', 'Action', 'Thriller']",2
112160,Sexual Chronicles of a French Family,0,0,85,8.6961,5.4,412,2012-05-09,fr,"['Comedy', 'Drama', 'Romance']",2
22894,Legion,26000000,67918658,100,8.692,5.911,2968,2010-01-21,en,"['Action', 'Fantasy', 'Horror']",2
529485,The Way Back,23000000,14590514,108,8.6852,6.628,1364,2020-03-05,en,['Drama'],4
329833,Zoolander 2,50000000,56722693,100,8.6846,4.9,2454,2016-02-06,en,"['Action', 'Adventure', 'Comedy']",3
1633,Fried Green Tomatoes,11000000,119418501,130,8.6811,7.655,1536,1991-12-27,en,"['Drama', 'Comedy']",4
262,The King of Comedy,19000000,2536000,109,8.6831,7.769,2680,1982-12-18,en,"['Drama', 'Comedy']",1
8374,The Boondock Saints,6000000,38256,108,8.6803,7.241,2822,1999-01-22,en,"['Action', 'Thriller', 'Crime']",3
2122,The Whole Ten Yards,40000000,26155781,98,8.68,5.742,1067,2004-04-07,en,"['Comedy', 'Thriller', 'Crime']",5
1685,Beneath the Planet of the Apes,3000000,18999718,95,8.6798,6.151,1528,1970-04-23,en,"['Adventure', 'Science Fiction', 'Mystery']",2
192102,3 Days to Kill,28000000,53260230,113,8.6779,6.106,2390,2014-02-14,en,"['Action', 'Drama', 'Thriller']",5
483,Wild at Heart,9500000,14569027,125,8.6766,7.022,1994,1990-08-17,en,"['Crime', 'Thriller', 'Romance']",3
829,Chinatown,6000000,30000000,130,8.6763,7.9,4421,1974-06-20,en,"['Crime', 'Mystery', 'Thriller']",3
255709,Hope,0,0,122,8.6746,8.398,920,2013-10-02,ko,['Drama'],3
11329,Runaway Jury,60000000,80154140,127,8.6759,6.948,1612,2003-10-17,en,"['Drama', 'Thriller']",2
303857,Dragon Ball Z: Resurrection 'F',5000000,61768190,93,8.6685,6.905,2082,2015-04-18,ja,"['Action', 'Animation', 'Science Fiction']",7
335360,My Little Pony: The Movie,6000000,61294644,99,8.6712,7.3,435,2017-10-05,en,"['Family', 'Animation', 'Adventure', 'Fantasy']",4
866346,The Retirement Plan,0,0,103,8.6684,5.798,352,2023-08-24,en,"['Action', 'Comedy', 'Crime']",4
31685,The Hunchback of Notre Dame,1800000,6877900,117,8.6683,7.3,227,1939-08-31,en,"['Drama', 'Romance', 'Horror']",1
31011,Mr. Nobody,47000000,2331721,141,8.6624,7.783,6384,2009-11-06,en,"['Science Fiction', 'Drama', 'Romance']",8
175574,Free Birds,55000000,110000000,91,8.6651,5.894,885,2013-10-30,en,"['Animation', 'Comedy', 'Family']",2
913,The Thomas Crown Affair,48000000,124305181,113,8.6614,6.8,1442,1999-08-06,en,"['Drama', 'Crime', 'Romance']",2
37958,Immortals,75000000,226904017,110,8.6597,6.055,2912,2011-11-10,en,"['Fantasy', 'Action', 'Drama']",5
41216,Legend of the Guardians: The Owls of Ga'Hoole,80000000,140073390,97,8.654,6.844,2572,2010-07-10,en,"['Animation', 'Adventure', 'Family', 'Fantasy']",4
41402,Let Me In,20000000,24145613,116,8.6537,6.799,2280,2010-10-01,en,"['Drama', 'Horror', 'Mystery']",3
2018,The Wedding Planner,35000000,94700000,103,8.6535,5.9,1870,2001-01-26,en,"['Comedy', 'Romance']",7
11007,Cheaper by the Dozen,40000000,190212113,98,8.6515,6.3,3013,2003-12-24,en,"['Comedy', 'Family']",2
122126,The Concubine,0,16465764,122,8.6485,5.8,115,2012-06-06,ko,['Drama'],3
37257,Witness for the Prosecution,3000000,9000000,116,8.6468,8.202,1780,1957-12-17,en,"['Drama', 'Mystery', 'Crime']",1
254904,The November Man,15000000,32600000,108,8.6444,6.107,1650,2014-08-27,en,"['Crime', 'Action', 'Thriller']",3
897087,Freelance,40000000,9112817,108,8.637,6.394,1209,2023-10-05,en,"['Action', 'Comedy']",6
1088166,Relay,0,4453308,112,8.6364,7.013,537,2025-08-21,en,"['Action', 'Drama', 'Thriller']",3
10323,Clash of the Titans,12000000,41092328,118,8.6363,6.929,899,1981-06-12,en,"['Adventure', 'Fantasy', 'Action']",4
4512,The Assassination of Jesse James by the Coward Robert Ford,30000000,14711793,160,8.6345,7.066,2889,2007-09-20,en,"['Drama', 'Western']",5
987686,A Family Affair,0,0,114,8.6282,5.755,763,2024-06-27,en,"['Romance', 'Comedy']",1
434203,Newness,10000000,0,112,8.6276,6.1,638,2017-11-03,en,"['Romance', 'Drama']",3
321258,The Boy,10000000,73929392,98,8.6252,5.975,4034,2016-01-22,en,"['Horror', 'Mystery', 'Thriller']",3
1504358,Don't Say Good Luck,0,0,96,8.6246,7.277,128,2026-08-13,en,"['Comedy', 'Music', 'Drama']",3
774741,Diary of a Wimpy Kid,0,0,58,8.622,6.237,414,2021-12-02,en,"['Animation', 'Comedy', 'Family']",2
592350,My Hero Academia: Heroes Rising,0,30017163,104,8.622,8.129,1319,2019-12-20,ja,"['Animation', 'Action', 'Fantasy', 'Adventure']",8
1035048,Elevation,18000000,3300000,91,8.62,6.4,1065,2024-11-07,en,"['Action', 'Science Fiction', 'Thriller']",4
149870,The Wind Rises,30000000,117932401,126,8.6219,7.8,3499,2013-07-20,ja,"['Animation', 'Drama', 'History', 'Romance']",8
27576,Salt,110000000,293329073,100,8.6192,6.421,6096,2010-07-21,en,"['Action', 'Mystery', 'Thriller']",4
193610,The Other Woman,40000000,196800000,109,8.6185,6.423,3815,2014-04-16,en,"['Comedy', 'Romance']",3
511987,Crawl,13500000,91542097,87,8.6166,6.335,3483,2019-07-10,en,"['Horror', 'Thriller']",4
283445,Sinister 2,10000000,53329150,97,8.6097,5.9,2369,2015-08-19,en,['Horror'],6
599975,Countdown,6500000,48021766,90,8.6113,6.209,2382,2019-10-24,en,"['Horror', 'Thriller']",3
51052,Arthur Christmas,10000000,151300000,97,8.6097,6.778,1684,2011-11-10,en,"['Drama', 'Animation', 'Family', 'Comedy']",3
361292,Suspiria,20000000,7953089,152,8.6066,6.89,2847,2018-10-26,en,"['Horror', 'Mystery', 'Drama']",6
157386,The Spectacular Now,2500000,6854611,95,8.6056,6.688,3087,2013-08-02,en,"['Comedy', 'Drama', 'Romance']",3
64328,The Muppets,45000000,165184237,103,8.6036,6.668,1744,2011-11-23,en,"['Comedy', 'Family', 'Adventure']",2
32856,Valentine's Day,52000000,216528528,125,8.6035,5.93,3220,2010-02-10,en,"['Comedy', 'Romance']",2
9447,Babe: Pig in the City,90000000,69100000,96,8.6015,5.688,1370,1998-11-25,en,"['Family', 'Adventure', 'Comedy', 'Drama']",2
11560,High Crimes,42000000,63781810,115,8.5996,6.335,919,2002-04-05,en,"['Drama', 'Mystery', 'Thriller', 'Crime']",4
521777,Good Boys,20000000,111037232,90,8.5984,6.829,2080,2019-08-14,en,['Comedy'],2
28032,Thumbelina,28000000,11373501,87,8.5964,6.5,555,1994-03-30,en,"['Animation', 'Fantasy', 'Romance', 'Family']",2
606679,The High Note,0,2217874,113,8.5958,7.0,481,2020-06-10,en,"['Romance', 'Comedy', 'Music', 'Drama']",3
660982,American Pie Presents: Girls' Rules,0,0,95,8.5949,6.064,740,2020-10-06,en,['Comedy'],3
9397,Evolution,80000000,98376292,102,8.5912,6.127,2603,2001-06-08,en,"['Comedy', 'Science Fiction', 'Action']",3
848187,Role Play,0,0,101,8.5883,5.998,670,2023-12-14,en,"['Action', 'Comedy', 'Romance']",4
6978,Big Trouble in Little China,25000000,11102672,100,8.5878,7.214,3515,1986-05-30,en,"['Action', 'Adventure', 'Comedy', 'Fantasy']",3
167032,Curse of Chucky,5000000,3876587,97,8.5873,5.963,1754,2013-10-08,en,"['Horror', 'Thriller']",1
10312,Patch Adams,50000000,202292902,115,8.5869,7.316,3539,1998-12-25,en,"['Comedy', 'Drama']",4
9966,The Messengers,16000000,55060212,90,8.5875,5.756,895,2007-02-02,en,"['Mystery', 'Thriller', 'Horror']",6
1243341,Z-O-M-B-I-E-S 4: Dawn of the Vampires,0,0,86,8.5799,7.1,167,2025-07-10,en,"['Fantasy', 'Music', 'Romance', 'Adventure', 'Family', 'Comedy', 'TV Movie']",3
1013601,The Alto Knights,45000000,10225566,122,8.5808,6.233,477,2025-03-19,en,"['Crime', 'Drama', 'History']",2
9948,The Fox and the Hound 2,24000000,0,69,8.5788,6.0,728,2006-11-09,en,"['Adventure', 'Animation', 'Comedy', 'Family']",1
157353,Transcendence,100000000,103039258,119,8.5744,6.082,5963,2014-04-16,en,"['Thriller', 'Science Fiction', 'Drama', 'Mystery']",3
23172,The Spy Next Door,28000000,66166000,94,8.5695,5.9,1460,2010-01-15,en,"['Action', 'Comedy', 'Family']",5
6282,Coyote Ugly,45000000,113900000,100,8.5744,6.261,2345,2000-07-30,en,"['Comedy', 'Drama', 'Music', 'Romance']",2
9909,Dangerous Minds,23000000,179519401,99,8.5901,7.024,1353,1995-08-11,en,['Drama'],3
11087,The Hand That Rocks the Cradle,11700000,88036683,110,8.5687,6.902,1063,1992-01-10,en,"['Drama', 'Thriller']",3
11967,Young Guns,13000000,44700000,107,8.5681,6.695,1085,1988-08-12,en,"['Western', 'Action', 'Adventure', 'Drama']",1
812225,Black Clover: Sword of the Wizard King,0,0,113,8.5662,8.079,422,2023-06-16,ja,"['Animation', 'Fantasy', 'Action', 'Adventure']",6
37786,Sex and the City 2,100000000,290700000,146,8.5661,6.0,1759,2010-05-26,en,"['Comedy', 'Drama', 'Romance']",4
11132,Confessions of a Teenage Drama Queen,15000000,29331068,90,8.5661,5.731,970,2004-02-17,en,['Comedy'],1
12902,Scooby-Doo! and the Loch Ness Monster,0,0,74,8.565,7.3,477,2004-05-20,en,"['Family', 'Adventure', 'Animation', 'Comedy', 'Fantasy', 'Mystery']",1
215,Saw II,4000000,152925093,93,8.5648,6.611,6074,2005-10-28,en,['Horror'],1
1212073,Sixty Minutes,0,0,89,8.5627,6.758,613,2024-01-19,de,"['Action', 'Adventure', 'Crime', 'Drama', 'Thriller']",2
3563,I Now Pronounce You Chuck & Larry,85000000,187134117,115,8.562,6.097,2608,2007-07-12,en,"['Comedy', 'Romance']",4
10466,The Money Pit,10000000,54999651,91,8.5616,6.523,1287,1986-03-26,en,"['Comedy', 'Romance']",2
1266,Street Kings,20000000,66476363,109,8.5609,6.67,1817,2008-04-10,en,"['Action', 'Crime', 'Drama', 'Thriller']",5
152760,The Monuments Men,70000000,154984035,118,8.5538,6.064,3902,2014-01-24,en,"['War', 'Drama', 'History']",5
297608,The Taking of Deborah Logan,0,0,90,8.5503,6.568,1552,2014-10-21,en,"['Horror', 'Mystery', 'Thriller']",5
246,Zatoichi,2500000,34196922,116,8.5474,7.2,997,2003-09-06,ja,"['Adventure', 'Drama', 'Action']",6
9759,Cellular,25000000,57678321,94,8.5467,6.403,2177,2004-09-06,en,"['Action', 'Thriller', 'Drama', 'Crime']",1
288,High Noon,730000,8000000,85,8.5452,7.7,1639,1952-06-09,en,['Western'],1
9398,Zoolander,28000000,60780981,89,8.543,6.234,5117,2001-09-28,en,['Comedy'],6
10543,Fear,0,0,97,8.5414,6.669,1139,1996-04-12,en,['Thriller'],2
5820,The Sentinel,60000000,78810595,108,8.5402,6.073,938,2006-04-19,en,"['Action', 'Thriller', 'Crime']",5
177,The Fisher King,24000000,41895491,138,8.5369,7.31,1529,1991-09-20,en,"['Comedy', 'Drama']",1
9494,Look Who's Talking,7500000,296999813,96,8.5367,6.295,2541,1989-10-12,en,"['Comedy', 'Romance']",3
314,Catwoman,100000000,82102379,104,8.5311,4.642,3709,2004-07-22,en,"['Action', 'Fantasy', 'Crime']",6
9327,The Nutty Professor,54000000,128769345,95,8.5297,5.65,3227,1996-06-28,en,"['Comedy', 'Science Fiction', 'Romance']",3
823625,Blacklight,43000000,15902207,104,8.5278,6.133,1305,2022-02-10,en,"['Action', 'Thriller', 'Adventure']",10
547565,The Night House,12000000,15437703,107,8.5278,6.546,1410,2021-07-15,en,"['Horror', 'Mystery']",2
8271,Disturbia,20000000,117760134,105,8.5272,6.695,4234,2007-03-27,en,"['Thriller', 'Drama', 'Mystery']",3
51828,One Day,15000000,59400000,107,8.5246,7.421,4634,2011-03-02,en,"['Drama', 'Romance']",5
1291335,Solo Mio,4000000,26420914,96,8.5168,7.5,297,2026-02-05,en,"['Romance', 'Comedy']",5
292431,Love,3000000,249083,134,8.5159,6.46,2732,2015-07-15,fr,"['Drama', 'Romance']",5
2043,Along Came a Spider,60000000,105200000,104,8.5151,6.35,2133,2001-04-06,en,"['Crime', 'Mystery', 'Thriller', 'Action']",4
16804,Departures,0,69932387,130,8.511,7.85,964,2008-09-13,ja,['Drama'],9
59,A History of Violence,32000000,61477797,96,8.5099,7.164,3893,2005-09-23,en,"['Drama', 'Thriller', 'Crime']",3
20048,Confessions of a Shopaholic,40000000,108394089,104,8.5096,6.498,2815,2009-02-05,en,"['Comedy', 'Romance']",2
10358,Zack and Miri Make a Porno,24000000,42105111,102,8.5082,6.333,2762,2008-09-18,en,"['Comedy', 'Romance']",3
8859,"Dude, Where's My Car?",13000000,73180723,83,8.5069,5.544,2156,2000-12-15,en,"['Adventure', 'Comedy', 'Mystery', 'Science Fiction']",3
802,Lolita,2000000,9250000,154,8.5059,7.295,2311,1962-06-13,en,['Drama'],5
955555,The Roundup: No Way Out,0,83410298,105,8.5058,7.243,576,2023-05-31,ko,"['Action', 'Crime', 'Thriller']",3
10060,Get Rich or Die Tryin',40000000,46442528,116,8.5054,6.846,1078,2005-11-09,en,"['Drama', 'Crime', 'Music']",3
11976,Legend,24500000,15502112,94,8.5053,6.266,1450,1985-08-28,en,"['Adventure', 'Fantasy']",2
1921,Sweet November,40000000,65754228,119,8.5037,6.876,1501,2001-02-16,en,"['Drama', 'Romance']",3
8643,The Exorcism of Emily Rose,19000000,145166804,122,8.5028,6.611,3147,2005-09-09,en,"['Crime', 'Drama', 'Horror', 'Thriller']",3
932086,Horizon: An American Saga - Chapter 1,50000000,38735702,182,8.5011,6.8,708,2024-06-26,en,"['Western', 'Drama']",1
740985,Borat Subsequent Moviefilm: Delivery of Prodigious Bribe to American Regime for Make Benefit Once Glorious Nation of Kazakhstan,0,0,96,8.5001,6.432,2985,2020-10-23,en,['Comedy'],2
811631,Infinite Storm,4749917,1707067,97,8.5,5.7,371,2022-03-25,en,"['Adventure', 'Drama', 'Mystery', 'Thriller']",6
68924,The Ice Storm,18000000,16000000,113,8.4994,6.884,769,1997-09-27,en,['Drama'],3
982843,The Great Flood,0,0,107,8.4982,5.988,786,2025-09-18,ko,"['Science Fiction', 'Adventure', 'Drama']",1
1970,The Grudge,10000000,183474602,92,8.493,5.945,3309,2004-10-22,en,"['Horror', 'Mystery', 'Thriller']",1
11808,U.S. Marshals,60000000,102367405,131,8.492,6.557,1884,1998-03-06,en,"['Thriller', 'Crime', 'Action']",2
58595,Snow White and the Huntsman,170000000,396600000,127,8.4916,6.0,8384,2012-05-30,en,"['Adventure', 'Fantasy', 'Drama']",2
619297,Sweet Girl,0,0,110,8.4904,6.568,1317,2021-08-18,en,"['Action', 'Thriller', 'Drama']",3
10314,She's All That,10000000,103166989,95,8.4896,6.346,2335,1999-01-29,en,"['Comedy', 'Romance']",3
605886,To Catch a Killer,0,3138750,119,8.4884,6.837,1389,2023-04-06,en,"['Thriller', 'Crime', 'Drama']",2
827931,Time Cut,0,0,90,8.4875,5.6,636,2024-10-29,en,"['Horror', 'Science Fiction', 'Thriller']",1
316152,Free State of Jones,50000000,25035950,140,8.4856,6.781,1713,2016-06-24,en,"['Action', 'Drama', 'History', 'War']",9
1542,Office Space,10000000,12800000,90,8.4854,7.387,3545,1999-02-19,en,['Comedy'],1
1131759,Omniscient Reader: The Prophecy,0,9187679,120,8.4838,7.406,128,2025-07-23,ko,"['Action', 'Adventure', 'Fantasy']",4
71880,Jack and Jill,79000000,149700000,91,8.4832,4.387,2271,2011-11-11,en,"['Comedy', 'Family']",3
37686,Super 8,50000000,260100000,112,8.4828,6.782,7311,2011-06-09,en,"['Thriller', 'Science Fiction', 'Mystery']",3
567748,The Guilty,0,0,89,8.4782,6.425,3279,2021-09-24,en,"['Drama', 'Thriller']",6
82687,The Guilt Trip,40000000,41863726,95,8.4782,5.6,786,2012-12-19,en,['Comedy'],3
446894,Smallfoot,80000000,214115531,96,8.4778,6.8,1667,2018-09-20,en,"['Family', 'Comedy', 'Adventure', 'Animation', 'Fantasy']",2
58431,Pride and Prejudice and Zombies,28000000,16457494,108,8.4775,6.168,2365,2016-02-04,en,"['Romance', 'Horror', 'Comedy', 'Thriller']",10
45610,Machine Gun Preacher,30000000,3338690,129,8.4753,6.716,1172,2011-09-23,en,"['Action', 'Thriller', 'Crime']",11
1241470,Osiris,0,0,108,8.474,6.129,319,2025-07-25,en,"['Science Fiction', 'Action', 'Horror']",3
638134,Pets United,0,0,89,8.4733,5.9,230,2019-11-08,en,"['Animation', 'Family', 'Adventure', 'Comedy']",2
985,Eraserhead,100000,7100000,89,8.4697,7.332,2851,1977-09-28,en,"['Horror', 'Science Fiction']",1
24752,Dragon Ball Z: Cooler's Revenge,0,16331742,48,8.4731,7.1,765,1991-07-20,ja,"['Action', 'Animation', 'Science Fiction']",2
440472,The Upside,37500000,125856180,126,8.4673,7.117,1439,2019-01-10,en,"['Comedy', 'Drama']",1
1164,Babel,25000000,135330835,143,8.4642,7.169,4199,2006-10-26,en,['Drama'],3
9542,The Hitcher,6000000,5844868,98,8.4578,6.949,1120,1986-01-17,en,"['Horror', 'Action', 'Thriller']",1
36670,Never Say Never Again,36000000,160000000,134,8.455,6.087,1693,1983-10-07,en,"['Adventure', 'Action', 'Thriller']",2
11917,Saw V,10800000,118209778,95,8.4532,6.2,3925,2008-10-23,en,"['Horror', 'Thriller', 'Crime']",2
4944,Burn After Reading,37000000,163700000,96,8.4493,6.68,5424,2008-09-05,en,"['Comedy', 'Drama']",5
8697,Who Am I?,0,19154137,120,8.4452,7.181,1045,1998-01-17,cn,"['Adventure', 'Action', 'Comedy', 'Thriller']",5
11906,Suspiria,0,2900000,99,8.4426,7.46,3275,1977-02-01,it,['Horror'],1
16538,"I Love You, Man",41000000,92000000,105,8.4424,6.569,2005,2009-03-20,en,"['Comedy', 'Romance']",3
387,Das Boot,14000000,85000000,150,8.441,8.084,2652,1981-09-17,de,"['Drama', 'History', 'War']",2
87421,Riddick,38000000,98337295,119,8.4396,6.348,4548,2013-09-02,en,"['Science Fiction', 'Action', 'Thriller']",4
11953,Kagemusha,6000000,4000000,180,8.4385,7.814,773,1980-04-26,ja,"['Action', 'Drama', 'History', 'War']",3
419479,The Babysitter,0,0,85,8.4377,6.195,4014,2017-10-13,en,"['Comedy', 'Horror']",2
1062215,Afraid,12000000,12977758,84,8.4354,5.894,550,2024-08-28,en,"['Horror', 'Science Fiction', 'Thriller']",4
1302916,Heart Eyes,18000000,33129099,97,8.4361,6.215,606,2025-02-06,en,"['Horror', 'Romance', 'Comedy']",4
1059811,Flora and Son,0,0,97,8.4338,6.946,241,2023-09-21,en,"['Music', 'Comedy', 'Drama']",5
668482,Roald Dahl's Matilda the Musical,25000000,37289659,117,8.4319,6.795,848,2022-11-25,en,"['Family', 'Comedy', 'Fantasy']",2
10647,Pay It Forward,40000000,55707411,122,8.4318,7.39,2103,2000-10-20,en,['Drama'],3
814338,Lady Chatterley's Lover,0,0,126,8.4268,6.7,548,2022-11-22,en,"['Drama', 'Romance']",4
9314,Nineteen Eighty-Four,7430072,8430492,113,8.4267,6.786,1721,1984-11-09,en,"['Drama', 'Science Fiction', 'Thriller']",2
227,The Outsiders,10000000,33697647,91,8.426,7.168,1616,1983-03-25,en,"['Crime', 'Drama']",1
11824,Teen Wolf,1200000,80000000,92,8.4257,6.21,1306,1985-08-23,en,"['Comedy', 'Fantasy', 'Romance']",1
416153,Arctic Dogs,0,11285154,92,8.4253,6.0,145,2019-11-01,en,"['Animation', 'Adventure', 'Comedy']",4
578189,Black and Blue,12000000,22741061,109,8.4212,6.768,1006,2019-10-25,en,"['Action', 'Thriller', 'Crime']",3
425336,Loving Pablo,4667008,17535962,123,8.416,6.294,1058,2017-12-14,es,"['Crime', 'Drama']",4
49517,Tinker Tailor Soldier Spy,30000000,81515369,127,7.7598,6.618,3019,2011-09-16,en,"['Drama', 'Thriller', 'Mystery']",5
890771,The Black Demon,0,0,101,7.3319,5.9,732,2023-04-26,en,"['Thriller', 'Horror']",4
308,Broken Flowers,10000000,46720491,106,7.1071,6.931,1540,2005-07-31,en,"['Comedy', 'Drama', 'Mystery', 'Romance']",3
719221,Tarot,8000000,49256239,92,8.3481,6.333,1471,2024-05-01,en,['Horror'],5
1326106,Kaiju No. 8: Mission Recon,0,0,110,8.1126,8.0,107,2025-03-28,ja,"['Animation', 'Action', 'Science Fiction']",3
59108,Tower Heist,75000000,152930623,104,7.8867,6.1,3280,2011-11-02,en,"['Action', 'Comedy']",5
11968,Into the Blue,50000000,46117696,110,8.3869,5.948,1717,2005-09-30,en,"['Action', 'Thriller', 'Adventure', 'Crime']",3
324558,X-Rated: The Greatest Adult Movies of All Time,0,0,94,7.8631,6.4,198,2015-02-06,en,['Documentary'],2
11287,A League of Their Own,40000000,132440069,128,8.0665,7.211,1603,1992-07-01,en,"['Comedy', 'Drama']",2
61930,Bagnomaria,0,0,86,7.8547,5.9,117,1999-02-12,it,['Comedy'],1
964980,Air,80000000,90100000,112,7.8622,7.277,2467,2023-04-05,en,"['Drama', 'History']",6
400710,Flatliners,19000000,45158254,111,6.7775,5.643,2434,2017-09-28,en,"['Drama', 'Horror', 'Thriller']",5
10157,Police Academy 2: Their First Assignment,7600000,55600000,87,8.3752,6.102,1793,1985-03-28,en,"['Comedy', 'Crime']",1
472674,The Goldfinch,40000000,0,149,8.3658,7.122,962,2019-09-12,en,['Drama'],3
1127166,The Tearsmith,7000000,0,106,8.361,6.462,994,2024-04-03,it,"['Romance', 'Drama']",1
24150,Halloween II,10000000,39421467,105,8.3625,5.302,1579,2009-08-28,en,['Horror'],3
1022690,Ricky Stanicky,49700000,0,114,8.3588,6.516,855,2024-03-07,en,['Comedy'],5
425001,The War with Grandpa,18000000,43387445,98,8.3455,6.432,1099,2020-08-27,en,"['Comedy', 'Family']",4
809787,Mafia Mamma,41000000,3900000,101,8.3453,6.1,333,2023-04-13,en,"['Comedy', 'Crime', 'Action']",6
224141,Into the Woods,50000000,212902372,125,8.3542,5.758,4480,2014-12-24,en,"['Fantasy', 'Comedy']",3
181886,Enemy,3500000,3396726,91,8.3453,6.838,6631,2014-03-14,en,"['Thriller', 'Mystery']",6
535544,Downton Abbey,20000000,194694725,122,8.3433,7.157,1296,2019-09-12,en,"['Drama', 'Romance', 'History']",3
9386,In the Line of Fire,40000000,177000000,128,8.3414,7.0,1884,1993-07-08,en,"['Action', 'Drama', 'Thriller', 'Crime', 'Mystery']",3
10316,The Ides of March,12500000,76338111,101,8.3334,6.677,2806,2011-10-07,en,['Drama'],5
212778,Chef,11000000,50440695,114,8.3335,7.114,3780,2014-05-08,en,['Comedy'],3
10222,Kickboxer,1500000,50000000,98,8.3327,6.842,1635,1989-04-20,en,"['Action', 'Thriller']",2
15165,Barbie as The Princess & the Pauper,0,0,86,8.3319,7.5,1557,2004-09-28,en,"['Animation', 'Family', 'Comedy']",3
56288,Spy Kids: All the Time in the World,27000000,85564310,89,8.3317,4.7,1087,2011-08-18,en,"['Family', 'Comedy', 'Action', 'Adventure']",1
339988,The Circle,18000000,40651864,110,8.3312,5.525,4664,2017-04-27,en,"['Drama', 'Thriller', 'Science Fiction']",6
6623,The Peacemaker,50000000,110463140,124,8.3295,6.1,1161,1997-09-26,en,"['Action', 'Thriller']",1
2253,Valkyrie,75000000,200276000,121,8.3293,6.961,4225,2008-12-25,en,"['Drama', 'Thriller', 'War']",3
9350,Cliffhanger,70000000,255000211,113,8.3282,6.53,2748,1993-05-28,en,"['Action', 'Adventure', 'Thriller']",4
533514,Violet Evergarden: The Movie,0,20339624,140,8.328,8.29,548,2020-09-18,ja,"['Animation', 'Drama', 'Fantasy', 'Romance']",5
15472,The Girl with the Dragon Tattoo,13000000,109421911,152,8.325,7.536,3336,2009-02-27,sv,"['Drama', 'Thriller', 'Crime', 'Mystery']",10
1026436,Miller's Girl,4000000,1430985,93,8.3235,6.293,982,2024-01-18,en,"['Thriller', 'Drama', 'Romance']",3
41733,Due Date,65000000,211800000,95,8.3232,6.393,5998,2010-11-03,en,"['Comedy', 'Drama']",3
777245,Women Talking,20000000,7589419,104,8.3229,6.817,778,2022-12-23,en,['Drama'],3
8619,Master and Commander: The Far Side of the World,150000000,211623421,138,8.3204,7.205,3691,2003-11-14,en,"['Adventure', 'Drama', 'War']",4
10495,The Karate Kid Part III,12500000,38956288,112,8.321,5.921,1911,1989-06-16,en,"['Action', 'Family', 'Drama', 'Adventure']",3
8869,Eight Legged Freaks,30000000,45900000,99,8.3176,5.812,1393,2002-07-17,en,"['Action', 'Comedy', 'Horror', 'Thriller']",5
48171,The Rite,37000000,96047633,114,8.3202,6.119,2327,2011-01-28,en,"['Drama', 'Thriller', 'Horror']",3
10663,The Waterboy,23000000,185991646,90,8.3168,6.063,2109,1998-11-06,en,['Comedy'],1
195589,Neighbors,18000000,270665134,97,8.3151,6.177,7433,2014-05-08,en,['Comedy'],3
11618,The Haunting,80000000,177311151,113,8.314,5.517,1594,1999-07-23,en,"['Horror', 'Thriller', 'Fantasy', 'Mystery']",2
139038,A Haunted House,2500000,60141683,86,8.313,5.956,2120,2013-01-11,en,"['Comedy', 'Horror']",4
8054,The Imaginarium of Doctor Parnassus,30000000,64352607,123,8.3118,6.386,2964,2009-10-01,en,"['Adventure', 'Fantasy', 'Mystery']",3
790493,Spy Kids: Armageddon,0,0,94,8.3103,5.9,186,2023-09-22,en,"['Family', 'Comedy', 'Adventure', 'Science Fiction']",3
2321,Married to the Mob,10000000,21486757,104,8.3101,5.994,345,1988-08-19,en,"['Comedy', 'Crime', 'Romance']",3
907,Doctor Zhivago,11000000,111858363,200,8.3103,7.552,1323,1965-12-22,en,"['Drama', 'Romance', 'War']",2
894205,Werewolf by Night,0,0,55,8.3099,6.972,1624,2022-09-25,en,"['Action', 'Fantasy', 'Horror']",2
22824,The Fourth Kind,10000000,47709193,98,8.3046,6.397,1973,2009-11-05,en,"['Mystery', 'Science Fiction', 'Thriller']",6
1181107,The King of Kings,25200000,83612781,102,8.3027,8.28,214,2025-04-07,en,"['Adventure', 'Animation', 'Family', 'Fantasy']",5
921452,Jeanne du Barry,22400000,13000000,117,8.3,6.892,726,2023-05-16,fr,"['Drama', 'History', 'Romance']",11
14191,Aquamarine,12000000,23006849,103,8.2959,6.5,1615,2006-03-03,en,"['Fantasy', 'Romance', 'Family', 'Comedy']",2
406990,What Happened to Monday,20000000,27975429,123,8.294,7.138,6585,2017-08-18,en,"['Science Fiction', 'Thriller', 'Mystery', 'Action']",6
11820,Mona Lisa Smile,72300000,141337989,117,8.2989,6.912,1945,2003-12-19,en,"['Drama', 'History', 'Romance']",2
581032,News of the World,38000000,12700000,118,8.2907,6.903,1998,2020-12-25,en,"['Drama', 'Western', 'Adventure']",4
301337,Downsizing,68000000,55003890,135,8.2884,5.421,4213,2017-12-22,en,"['Drama', 'Science Fiction', 'Comedy']",3
24402,Emmanuelle,500000,20200000,95,8.2873,6.0,837,1974-06-25,fr,"['Drama', 'Romance']",2
12201,Edge of Darkness,80000000,81126522,117,8.2872,6.464,1813,2010-01-28,en,"['Crime', 'Drama', 'Mystery', 'Thriller']",4
226,Boys Don't Cry,2000000,11540607,118,8.2849,7.409,1514,1999-09-02,en,"['Crime', 'Drama']",4
9560,A Walk in the Clouds,20000000,50012507,103,8.2863,7.378,1160,1995-05-27,en,"['Drama', 'Romance']",2
1491,The Illusionist,16500000,87892388,110,8.2819,7.299,5505,2006-08-18,en,"['Fantasy', 'Drama', 'Thriller', 'Romance']",3
301,Rio Bravo,1200000,5750000,141,8.2758,7.8,1303,1959-03-08,en,"['Western', 'Drama']",2
1887,Marie Antoinette,40000000,60917189,123,8.2818,6.689,3019,2006-05-24,en,"['Drama', 'History']",4
39513,Paul,40000000,98000000,104,8.2765,6.75,6496,2011-02-14,en,"['Adventure', 'Comedy', 'Science Fiction']",4
4495,The Spirit of the Beehive,0,0,98,8.2753,7.633,415,1973-10-08,es,"['Drama', 'Fantasy']",2
2330,Taxi,8700000,44218015,86,8.2742,6.7,2823,1998-04-08,fr,"['Action', 'Comedy', 'Crime', 'Adventure']",4
13353,"It's the Great Pumpkin, Charlie Brown",0,0,25,8.2728,7.5,472,1966-10-27,en,"['Family', 'Animation', 'TV Movie', 'Comedy']",3
986097,HIM,27000000,27834512,96,8.2726,5.599,463,2025-09-18,en,"['Horror', 'Mystery', 'Thriller']",2
294793,All the Old Knives,0,0,102,8.2725,5.999,669,2022-04-08,en,"['Thriller', 'Mystery']",4
149871,The Tale of The Princess Kaguya,49300000,24366656,137,8.2709,8.1,2057,2013-11-23,ja,"['Animation', 'Drama', 'Fantasy']",9
11046,Where Eagles Dare,7700000,21000000,155,8.2691,7.524,1036,1968-12-04,en,"['Adventure', 'War']",5
13394,Shrek the Halls,60000000,0,28,8.2681,6.4,942,2007-11-28,en,"['Adventure', 'Animation', 'Comedy', 'Fantasy', 'Family']",2
455476,Knights of the Zodiac,60000000,7000000,112,8.265,6.277,1337,2023-04-27,en,"['Fantasy', 'Action', 'Science Fiction']",2
1356039,Counterattack,0,0,85,8.2669,8.3,863,2025-02-27,es,"['Action', 'Adventure', 'Thriller']",1
628900,The Contractor,0,2122288,103,8.2607,6.344,1097,2022-03-10,en,"['Action', 'Thriller']",5
44826,Hugo,170000000,185770160,126,8.2605,7.172,7842,2011-11-22,en,"['Adventure', 'Drama', 'Family']",2
39144,Dragon Ball: Curse of the Blood Rubies,0,7417517,50,8.2607,6.885,387,1986-12-20,ja,"['Action', 'Animation', 'Adventure', 'Comedy', 'Fantasy', 'Science Fiction']",3
1204892,Picture This,0,0,100,8.2603,6.006,174,2025-03-05,en,"['Romance', 'Comedy']",2
10403,The Player,8000000,21706101,124,8.263,7.2,993,1992-05-08,en,"['Mystery', 'Drama', 'Thriller', 'Comedy', 'Crime']",4
375315,The Salesman,0,6953604,125,8.2599,7.251,959,2016-06-24,fa,"['Drama', 'Thriller']",5
615677,We Can Be Heroes,0,0,97,8.2565,5.926,833,2020-12-25,en,"['Family', 'Action', 'Fantasy', 'Comedy']",3
11074,Striking Distance,30000000,77000000,102,8.2571,5.925,1002,1993-09-17,en,"['Crime', 'Action', 'Mystery', 'Thriller']",2
419835,Crooked House,0,2049844,115,8.2546,6.376,1019,2017-09-06,en,"['Mystery', 'Crime', 'Thriller']",5
375107,Duck Duck Goose,0,0,91,8.2626,6.2,186,2018-03-09,en,"['Animation', 'Family', 'Adventure', 'Comedy']",3
12279,Spy Kids 3-D: Game Over,38000000,197101678,84,8.2509,5.139,2432,2003-07-25,en,"['Family', 'Action', 'Comedy', 'Adventure', 'Science Fiction']",2
12159,What Dreams May Come,85000000,71485043,113,8.2514,7.255,2627,1998-10-02,en,"['Drama', 'Fantasy', 'Romance']",3
1056360,American Fiction,16000000,22483370,117,8.2451,7.239,1455,2023-11-10,en,"['Comedy', 'Drama']",4
1149167,High Rollers,0,0,101,8.2444,6.5,138,2025-03-14,en,"['Action', 'Crime', 'Thriller']",1
10779,The Frighteners,30000000,29359216,110,8.2434,6.974,1837,1996-07-19,en,"['Horror', 'Comedy']",2
7278,Meet the Spartans,30000000,85897593,84,8.2431,4.094,1900,2008-01-24,en,"['Comedy', 'Fantasy']",4
413644,The Son of Bigfoot,30000000,46372519,92,8.2425,6.568,545,2017-07-26,en,"['Family', 'Animation', 'Comedy', 'Adventure', 'Science Fiction']",5
25195,Leap Year,19000000,32686500,100,8.2423,6.894,2213,2010-01-08,en,"['Romance', 'Comedy']",5
11238,Aladdin and the King of Thieves,0,0,81,8.2408,6.25,2021,1996-05-20,en,"['Adventure', 'Animation', 'Family']",1
77016,End of Watch,7000000,55078146,109,8.2371,7.36,3800,2012-09-20,en,"['Crime', 'Drama', 'Thriller']",7
1636,Bedazzled,48000000,90383208,93,8.2368,6.1,2195,2000-10-19,en,"['Fantasy', 'Comedy', 'Romance']",4
271718,Trainwreck,35000000,140795793,125,8.2403,5.8,2775,2015-07-17,en,"['Comedy', 'Romance']",2
39939,Super Troopers,3000000,23182223,100,8.2338,6.548,1285,2001-02-15,en,"['Comedy', 'Crime', 'Mystery']",4
85446,Step Up Revolution,33000000,140470746,99,8.2362,6.9,2159,2012-07-26,en,"['Music', 'Drama', 'Romance']",3
1016848,The Front Room,3500000,3165361,95,8.2332,5.1,152,2024-09-05,en,['Horror'],3
799876,The Outfit,5000000,4032313,105,8.2266,7.094,1445,2022-02-25,en,"['Crime', 'Drama', 'Thriller', 'Mystery']",4
835113,Woman of the Hour,836057,0,95,8.2264,6.386,1112,2024-10-03,en,"['Crime', 'Drama', 'Thriller']",4
6964,Something's Gotta Give,80000000,270000000,128,8.2262,6.628,1836,2003-12-12,en,"['Drama', 'Comedy', 'Romance']",3
49797,I Saw the Devil,6000000,12966357,144,8.2226,7.808,3178,2010-08-12,ko,"['Thriller', 'Horror']",7
500682,The Highwaymen,49000000,0,133,8.2221,6.775,2312,2019-03-15,en,"['Crime', 'Drama', 'Thriller']",1
22787,Whiteout,40000000,17976667,101,8.2174,5.61,881,2009-09-09,en,"['Action', 'Crime', 'Mystery', 'Thriller']",2
11011,Ri¢hie Ri¢h,40000000,38087756,94,8.2182,5.954,2492,1994-12-19,en,"['Comedy', 'Family']",3
10025,Just My Luck,28000000,38159905,103,8.2162,6.192,2058,2006-05-12,en,"['Comedy', 'Fantasy', 'Romance']",4
9869,Patriot Games,45000000,178051587,117,8.216,6.68,1897,1992-06-04,en,"['Drama', 'Action', 'Thriller', 'Crime']",2
417870,Girls Trip,19000000,140376621,122,8.215,6.811,1599,2017-07-21,en,"['Comedy', 'Romance', 'Adventure']",3
1730,Inland Empire,15000000,4304157,180,8.2126,6.981,1319,2006-12-06,en,"['Horror', 'Thriller', 'Mystery', 'Drama', 'Fantasy']",5
1468683,Heartstopper Forever,0,0,110,8.2123,7.237,278,2026-07-14,en,"['Romance', 'Drama']",1
353070,Going in Style,25000000,84618541,96,8.2133,6.693,3110,2017-04-06,en,"['Crime', 'Comedy', 'Drama']",4
11231,The Next Karate Kid,12000000,15876353,107,8.2112,5.39,1213,1994-07-18,en,"['Action', 'Drama', 'Family', 'Adventure']",1
758330,"Good Luck to You, Leo Grande",0,7589829,97,8.2087,6.994,725,2022-06-16,en,"['Romance', 'Drama']",3
1371,Rocky III,17000000,125052898,100,8.2042,6.908,4663,1982-05-28,en,"['Drama', 'Action']",3
10535,Spy Hard,18000000,26960191,81,8.205,5.416,800,1996-05-24,en,"['Comedy', 'Action']",1
523139,In the Tall Grass,0,0,101,8.204,5.6,2478,2019-09-20,en,['Horror'],2
225574,Non-Stop,50000000,222809600,107,8.1993,6.812,5892,2014-02-26,en,"['Action', 'Thriller', 'Mystery']",4
591538,The Tragedy of Macbeth,0,176248,105,8.1986,6.917,905,2021-12-05,en,['Drama'],2
12184,The Other Boleyn Girl,35000000,78269970,116,8.1952,6.71,2292,2008-02-28,en,"['Drama', 'Romance', 'History']",8
923,Dawn of the Dead,640000,55000000,127,8.1946,7.5,2388,1978-09-02,en,"['Horror', 'Science Fiction']",2
339397,Café Society,30000000,43763247,97,8.1927,6.438,2865,2016-05-11,en,"['Comedy', 'Drama', 'Romance']",2
86331,Desire,1344000,0,103,8.1923,6.318,1393,2011-10-06,fr,"['Drama', 'Romance']",3
13363,The Man from Earth,200000,0,87,8.1908,7.622,3060,2007-06-10,en,"['Science Fiction', 'Drama']",1
14424,Sex and Death 101,0,0,117,8.1906,6.2,320,2007-06-15,en,"['Comedy', 'Romance', 'Drama']",2
870360,The Day the Earth Blew Up: A Looney Tunes Movie,15000000,15076954,91,8.1905,7.545,245,2024-08-01,en,"['Family', 'Comedy', 'Adventure', 'Animation', 'Science Fiction']",1
646683,The Exorcism,22000000,12610418,96,8.189,5.0,463,2024-05-30,en,"['Horror', 'Thriller']",2
18405,The Last House on the Left,15000000,32721635,113,8.1884,6.51,2023,2009-03-13,en,"['Crime', 'Thriller', 'Horror', 'Drama']",7
1097870,Dear Santa,0,0,108,8.1882,6.2,536,2024-11-24,en,"['Comedy', 'Fantasy']",3
1934,Shakespeare in Love,25000000,289317794,124,8.1834,6.823,3287,1998-12-11,en,"['Romance', 'History', 'Comedy', 'Drama']",3
11529,Sweet Home Alabama,30000000,180622424,108,8.1795,6.4,1796,2002-09-26,en,"['Comedy', 'Romance']",4
504608,Rocketman,40000000,167300000,121,8.1796,7.311,5094,2019-05-17,en,"['Music', 'Drama']",5
9587,Little Women,18000000,94983123,115,8.1793,7.3,1375,1994-12-21,en,"['Drama', 'Romance']",2
682,The Man with the Golden Gun,7000000,97600000,125,8.1786,6.465,2368,1974-12-04,en,"['Adventure', 'Action', 'Thriller']",2
1107166,Psycho Killer,10000000,2376805,91,8.1735,6.63,239,2026-02-20,en,"['Crime', 'Horror', 'Mystery']",4
974036,Ordinary Angels,13000000,20571534,118,8.1745,7.674,438,2024-02-22,en,['Drama'],3
41439,Saw 3D,17000000,136151680,90,8.169,5.976,3404,2010-10-22,en,"['Horror', 'Crime']",3
9778,Serendipity,28000000,77516304,90,8.1686,6.982,2225,2001-10-05,en,"['Comedy', 'Romance']",3
26774,Blood on Satan's Claw,140000,0,96,8.1679,6.227,176,1971-01-28,en,['Horror'],2
517909,The Laundromat,0,0,96,8.1651,6.018,1343,2019-09-27,en,"['Crime', 'Drama', 'Comedy']",4
8834,Conspiracy Theory,75000000,137000000,135,8.1644,6.6,1730,1997-08-08,en,"['Action', 'Drama', 'Mystery', 'Thriller']",3
326359,Frozen Fever,0,0,8,8.1647,6.8,1937,2015-03-09,en,"['Animation', 'Family', 'Comedy', 'Fantasy']",1
522016,The 355,75000000,55700000,122,8.164,6.005,1180,2022-01-05,en,"['Action', 'Adventure', 'Thriller']",5
220289,Coherence,50000,139745,89,8.1634,7.209,3635,2014-04-06,en,"['Thriller', 'Science Fiction']",2
702936,Sniper: Assassin's End,0,68881,95,8.1632,6.231,253,2020-06-15,en,['Action'],1
5902,A Bridge Too Far,22000000,50750000,175,8.161,7.205,983,1977-06-15,en,"['Drama', 'History', 'War']",2
8326,Holes,20000000,71406573,117,8.1595,6.913,1605,2003-04-18,en,"['Adventure', 'Family', 'Drama', 'Comedy']",4
11005,Awakenings,31000000,52096475,120,8.1572,7.785,2976,1990-12-04,en,['Drama'],1
328425,The Gift,5000000,58978653,108,8.1535,6.704,3600,2015-07-31,en,"['Thriller', 'Mystery', 'Drama']",3
12144,The Land Before Time,12500000,84704291,69,8.1534,7.2,2840,1988-11-18,en,"['Family', 'Animation', 'Adventure', 'Drama']",4
8005,Robin Hood: Men in Tights,20000000,35739755,104,8.152,6.61,2385,1993-07-28,en,['Comedy'],2
508763,A Dog's Way Home,18000000,17643857,96,8.1497,7.4,1201,2019-01-10,en,"['Drama', 'Adventure', 'Family']",3
691683,Cheaper by the Dozen,0,0,107,8.1489,6.289,287,2022-03-18,en,"['Family', 'Comedy']",2
371645,Hunt for the Wilderpeople,2500000,23900000,101,8.1446,7.641,2415,2016-01-22,en,"['Adventure', 'Comedy', 'Drama']",3
974250,Greedy People,0,0,113,8.1463,6.303,300,2024-08-23,en,"['Comedy', 'Mystery', 'Crime']",3
10634,Friday,3500000,28215918,91,8.1435,7.158,2112,1995-04-26,en,"['Comedy', 'Drama']",3
879805,I Am: Celine Dion,0,292987,103,8.1435,7.6,173,2024-06-18,en,"['Documentary', 'Music']",3
1195631,William Tell,0,264637,133,8.1432,6.214,269,2025-01-17,en,"['Action', 'Adventure', 'Drama', 'History']",5
25237,Come and See,5000000,20929648,142,8.1422,8.184,1980,1985-10-17,ru,"['Drama', 'War', 'Horror', 'History']",2
787723,13 Minutes,0,67413,109,8.1396,5.8,308,2021-10-29,en,"['Action', 'Drama', 'Thriller']",2
10400,The Hurricane,50000000,73956241,146,8.1382,7.441,1578,1999-09-17,en,['Drama'],3
8974,The War of the Worlds,2000000,2000000,85,8.1378,6.812,738,1953-04-03,en,"['Science Fiction', 'Action']",1
29427,The Crazies,20000000,54956140,101,8.1373,6.306,2370,2010-02-26,en,"['Mystery', 'Horror', 'Action']",5
47002,Love Letter,0,0,117,8.132,7.82,278,1995-03-25,ja,"['Drama', 'Romance']",2
6283,MouseHunt,38000000,122417389,98,8.1308,6.6,1422,1997-12-19,en,"['Comedy', 'Family']",2
81796,Lockout,20000000,32948113,95,8.1265,5.935,2061,2012-04-12,en,"['Action', 'Thriller', 'Science Fiction']",1
10925,The Return of the Living Dead,4000000,14241310,91,8.1271,7.2,2372,1985-04-25,en,"['Comedy', 'Horror', 'Science Fiction']",3
80,Before Sunset,2700000,15992615,80,8.1224,7.809,3939,2004-06-16,en,"['Drama', 'Romance']",3
15906,Barbie and the Magic of Pegasus,0,0,85,8.1218,7.2,784,2005-10-04,en,"['Animation', 'Family', 'Romance']",2
9762,Step Up,12000000,114197742,104,8.1192,6.9,3975,2006-08-11,en,"['Music', 'Drama', 'Romance', 'Crime']",4
826,The Bridge on the River Kwai,2800000,44908000,162,8.1187,7.8,2461,1957-10-11,en,"['Drama', 'History', 'War']",1
69,Walk the Line,28000000,186800000,136,8.1217,7.499,3225,2005-09-13,en,"['Drama', 'Music', 'Romance']",4
704239,The Union,0,0,109,8.1173,6.045,1234,2024-08-15,en,"['Action', 'Comedy']",3
243,High Fidelity,30000000,47100000,113,8.1169,7.129,2275,2000-03-17,en,"['Drama', 'Comedy', 'Romance', 'Music']",4
9348,Species,35000000,113400000,108,8.1149,6.0,1940,1995-07-07,en,"['Science Fiction', 'Horror', 'Action']",2
2642,Two Weeks Notice,60000000,199043242,101,8.1125,6.365,2289,2002-12-19,en,"['Romance', 'Comedy']",4
216156,Still Life,0,0,92,8.1103,7.5,416,2013-11-28,en,['Drama'],6
9008,The Insider,90000000,60300000,158,8.1087,7.467,2162,1999-10-28,en,"['Drama', 'Thriller']",3
329996,Dumbo,170000000,353284621,112,8.1083,6.6,4581,2019-03-27,en,"['Family', 'Fantasy', 'Adventure']",4
13836,Race to Witch Mountain,50000000,106387141,98,8.1048,5.796,1873,2009-03-13,en,"['Adventure', 'Family', 'Fantasy', 'Science Fiction', 'Thriller', 'Action']",2
9766,Gridiron Gang,30000000,41500000,125,8.1075,7.095,1143,2006-09-15,en,"['Crime', 'Drama']",5
470044,The Hate U Give,23000000,34934009,133,8.1013,8.069,2256,2018-10-19,en,"['Crime', 'Drama']",1
1109255,Parthenope,32000000,10361110,137,8.1091,6.663,793,2024-10-24,it,['Drama'],7
457232,Lamborghini: The Man Behind the Legend,1709686,0,97,8.0989,6.4,765,2022-11-17,en,"['Drama', 'History']",4
9870,Forgetting Sarah Marshall,30000000,105173115,111,8.0956,6.511,3805,2008-04-17,en,"['Comedy', 'Romance', 'Drama']",2
7326,Juno,7500000,232372681,96,8.0898,7.063,7838,2007-12-05,en,"['Comedy', 'Drama', 'Romance']",3
51170,Open Season 3,0,7487555,75,8.0913,5.7,704,2010-10-21,en,"['Adventure', 'Animation', 'Family', 'Comedy', 'TV Movie']",3
968,Dog Day Afternoon,1800000,56665856,124,8.0888,7.856,3521,1975-09-21,en,"['Crime', 'Drama', 'Thriller']",1
1325678,Sarah's Oil,18000000,11675627,103,8.0864,7.936,149,2025-11-06,en,['Drama'],3
961484,Last Seen Alive,0,5950199,95,8.0853,6.365,1118,2022-05-12,en,"['Action', 'Thriller']",4
9563,Any Given Sunday,55000000,100230832,163,8.0832,6.826,1889,1999-12-22,en,['Drama'],3
13355,Scooby-Doo! Pirates Ahoy!,0,0,71,8.0807,7.4,312,2006-09-10,en,"['Fantasy', 'Animation', 'Comedy', 'Family', 'Mystery', 'Adventure']",2
1365884,Call My Agent! The Movie,0,0,117,8.0805,6.142,109,2026-08-29,fr,"['Comedy', 'Drama']",3
18329,Happy Together,125000,5000000,96,8.0789,7.594,830,1997-05-30,cn,"['Drama', 'Romance']",4
6537,The Orphanage,3400000,78638987,105,8.0805,7.231,3222,2007-05-20,es,"['Horror', 'Drama', 'Thriller']",2
12208,Casino Royale,12000000,41744718,131,8.078,5.247,863,1967-04-18,en,"['Adventure', 'Action', 'Comedy']",2
1134463,Dreams,0,0,98,8.0774,6.144,101,2025-07-10,es,"['Romance', 'Thriller', 'Drama']",5
878361,Big George Foreman,32000000,3800000,129,8.0752,7.628,387,2023-04-27,en,"['History', 'Drama']",2
41283,Faster,24000000,23081726,98,8.0757,6.4,2173,2010-11-23,en,"['Crime', 'Drama', 'Action', 'Thriller']",4
14362,Out for Justice,14000000,39673161,91,8.0731,6.176,538,1991-04-12,en,"['Action', 'Crime', 'Drama', 'Thriller']",3
9904,The Wild,80000000,102338515,82,8.0714,5.5,1172,2006-04-06,en,"['Action', 'Adventure', 'Animation', 'Comedy', 'Family']",6
41515,Yogi Bear,80000000,203509374,80,8.0647,5.6,968,2010-12-17,en,"['Comedy', 'Family', 'Animation', 'Adventure']",5
556694,Three Thousand Years of Longing,60000000,20300000,108,8.0623,6.874,1749,2022-08-24,en,"['Drama', 'Fantasy', 'Romance']",4
970948,What Happens Later,3000000,3370345,104,8.0587,4.8,100,2023-11-02,en,"['Romance', 'Comedy']",4
475430,Artemis Fowl,125000000,0,94,8.0587,5.516,1765,2020-05-29,en,"['Adventure', 'Fantasy', 'Science Fiction', 'Family']",3
70435,Haywire,23000000,33372606,93,8.0607,5.708,1532,2011-11-01,en,"['Action', 'Thriller', 'Drama']",2
1091181,Family Pack,0,0,95,8.0585,5.606,572,2024-10-22,fr,"['Adventure', 'Comedy', 'Fantasy', 'Action', 'Family']",3
83899,You're Next,1000000,14347000,94,8.0561,6.6,2776,2013-08-22,en,"['Horror', 'Thriller', 'Mystery']",2
4176,Murder on the Orient Express,1400000,35700000,128,8.0584,7.142,1634,1974-11-22,en,"['Drama', 'Thriller', 'Mystery']",2
10906,Pet Sematary II,8000000,17092453,100,8.0527,5.48,628,1992-08-28,en,['Horror'],2
1214314,One More Shot,0,87850934,102,8.0511,6.563,308,2024-01-09,en,"['Action', 'Thriller']",5
401469,Widows,42000000,75984700,129,8.0506,6.5,2542,2018-11-06,en,"['Drama', 'Crime', 'Thriller']",7
16113,The Delta Force,9000000,17768900,129,8.0489,5.977,547,1986-02-14,en,"['Action', 'Thriller', 'War']",2
10393,The Replacements,50000000,50054511,118,8.0477,6.7,1118,2000-08-11,en,['Comedy'],3
760774,One Life,0,51437352,109,8.0428,7.776,999,2023-12-21,en,"['History', 'Drama']",5
250480,The Many Adventures of Winnie the Pooh,0,3992,74,8.043,7.2,1201,1977-03-11,en,"['Animation', 'Family', 'Adventure']",1
1456349,It Was Just an Accident,6000000,9602793,103,8.0406,7.162,694,2025-10-01,fr,"['Drama', 'Thriller', 'Crime', 'Mystery']",5
5236,Kiss Kiss Bang Bang,15000000,15785148,103,8.0392,7.152,3131,2005-09-14,en,"['Comedy', 'Crime', 'Mystery', 'Thriller']",1
1571470,The Rats: A Witcher Tale,0,0,83,8.0372,5.386,175,2025-10-29,en,"['Fantasy', 'Drama', 'Adventure']",4
337844,In Dubious Battle,10000000,213982,110,8.0365,5.8,160,2016-10-08,en,['Drama'],3
46705,Blue Valentine,1000000,15440333,112,8.0356,6.97,3633,2010-12-26,en,"['Drama', 'Romance']",7
9907,Barnyard,51000000,116755080,90,8.0348,5.972,1231,2006-08-04,en,"['Animation', 'Comedy', 'Family']",4
4141,Shoot 'Em Up,39000000,26800000,86,8.0321,6.507,2201,2007-07-26,en,"['Action', 'Thriller', 'Comedy', 'Crime']",2
975511,The Return,20000000,3300444,116,8.0311,6.6,541,2024-11-28,en,"['History', 'Drama', 'Adventure']",12
302401,Snowden,40000000,37357216,135,8.0269,7.115,4798,2016-09-15,en,"['Drama', 'History', 'Crime', 'Thriller']",6
23048,Hot Tub Time Machine,36000000,64780213,101,8.0251,6.0,2839,2010-03-26,en,"['Science Fiction', 'Comedy', 'Adventure']",3
605116,Project Power,0,0,113,8.0253,6.4,3158,2020-08-14,en,"['Action', 'Crime', 'Science Fiction', 'Thriller']",2
109491,Beautiful Creatures,60000000,60052138,124,8.0249,6.1,2983,2013-02-13,en,"['Fantasy', 'Drama', 'Romance']",3
1209290,Justice League: Crisis on Infinite Earths Part Three,0,0,99,8.0231,7.1,350,2024-07-15,en,"['Animation', 'Science Fiction', 'Action']",2
17927,Fired Up!,20000000,18599102,90,8.0214,6.127,723,2009-02-20,en,['Comedy'],6
1180831,Troll 2,11200000,0,102,8.0219,6.312,537,2025-11-30,no,"['Action', 'Fantasy', 'Thriller']",1
1290432,A Private Life,0,10040197,108,8.02,5.493,279,2025-09-27,fr,"['Mystery', 'Crime', 'Drama']",4
464889,Sniper: Ultimate Kill,0,0,93,8.017,6.4,387,2017-10-03,en,['Action'],2
845111,The Three Musketeers: Milady,39000000,21730766,115,8.0117,6.374,867,2023-12-13,fr,"['Adventure', 'Action', 'Drama']",7
1492608,John Candy: I Like Me,0,0,113,8.0128,7.817,120,2025-09-04,en,['Documentary'],3
522478,Peter Rabbit 2: The Runaway,45000000,153000000,93,8.0106,7.045,921,2021-03-25,en,"['Comedy', 'Family', 'Adventure']",5
829051,About My Father,29100000,18167819,90,8.01,6.044,441,2023-05-25,en,['Comedy'],3
8452,The 6th Day,82000000,96085477,123,8.0085,6.009,2367,2000-11-17,en,"['Action', 'Science Fiction', 'Thriller']",3
284536,The Gambler,25000000,39171130,111,8.0055,6.049,1614,2014-12-25,en,"['Thriller', 'Crime', 'Drama']",4
74308,Detachment,3000000,3742697,98,8.0042,7.621,2100,2011-04-24,en,['Drama'],3
9331,Clear and Present Danger,62000000,215887717,141,8.0033,6.647,1757,1994-08-03,en,"['Action', 'Drama', 'Thriller']",3
262841,Monster Trucks,125000000,64493915,104,7.9996,6.088,953,2016-12-21,en,"['Action', 'Comedy', 'Science Fiction']",3
366672,Paws of Fury: The Legend of Hank,45000000,42500000,94,7.9975,6.595,342,2022-07-14,en,"['Animation', 'Adventure', 'Comedy', 'Family', 'Action']",9
16866,Planet 51,70000000,104945765,91,7.9951,5.923,2229,2009-11-19,en,"['Animation', 'Family', 'Comedy', 'Science Fiction', 'Adventure']",3
47964,A Good Day to Die Hard,92000000,304654182,98,7.9953,5.327,6890,2013-02-06,en,"['Action', 'Thriller']",9
2662,House of 1000 Corpses,7000000,17949758,89,7.9938,6.2,1839,2003-04-11,en,['Horror'],2
406,La Haine,2600000,15300000,98,7.9931,8.086,4731,1995-05-31,fr,['Drama'],5
11596,Wes Craven's New Nightmare,8000000,19721741,112,7.9914,6.5,1660,1994-10-13,en,"['Horror', 'Mystery', 'Fantasy']",1
516329,Antlers,17000000,18867659,99,7.9913,6.216,1277,2021-10-28,en,"['Drama', 'Horror', 'Mystery']",5
11639,The Dark Crystal,15000000,44626631,93,7.9898,7.165,1317,1982-12-17,en,"['Adventure', 'Family', 'Fantasy']",2
1251,Letters from Iwo Jima,19000000,68673228,141,7.9881,7.503,2406,2006-12-09,en,"['Action', 'Drama', 'War']",4
2636,The Specialist,45000000,170362582,110,7.9844,5.952,1512,1994-10-07,en,"['Action', 'Thriller']",3
11355,Never Been Kissed,25000000,84565230,107,7.9843,6.165,1629,1999-04-09,en,"['Romance', 'Comedy', 'Drama']",5
12783,The Duchess,17759769,43306325,110,7.9832,6.977,1845,2008-09-05,en,"['Drama', 'History', 'Romance']",5
15213,Everyone's Hero,35000000,16627188,87,7.983,6.1,357,2006-08-04,en,"['Animation', 'Comedy', 'Family']",3
126963,Dragon Ball Z: Battle of Gods,0,50461371,85,7.9828,6.851,1694,2013-03-30,ja,"['Animation', 'Action', 'Science Fiction']",7
1727,Bird on a Wire,20000000,138697012,110,7.9815,6.2,1079,1990-05-18,en,"['Comedy', 'Romance', 'Adventure']",3
535,Flashdance,7000000,201521203,95,7.9814,6.496,1671,1983-04-14,en,"['Drama', 'Romance']",4
838240,Robot Dreams,5300000,4656348,102,7.9806,7.959,858,2023-12-06,es,"['Animation', 'Drama', 'Comedy', 'Science Fiction']",4
1850,Man on the Moon,82000000,47434430,118,7.9788,7.217,2059,1999-12-22,en,"['Comedy', 'Drama', 'History']",5
830,Forbidden Planet,1900000,3250000,98,7.9783,7.3,1104,1956-03-23,en,"['Science Fiction', 'Adventure']",1
422,8½,0,0,139,7.978,8.1,2604,1963-02-14,it,['Drama'],2
11886,Robin Hood,5000000,33000000,83,7.9771,7.31,4755,1973-11-08,en,"['Animation', 'Family', 'Adventure']",1
614409,To All the Boys: Always and Forever,0,0,114,7.9769,7.5,2095,2021-02-12,en,"['Romance', 'Comedy', 'Drama']",2
751741,Night at the Museum: Kahmunrah Rises Again,0,0,77,7.9761,6.3,293,2022-12-08,en,"['Adventure', 'Animation', 'Comedy', 'Family', 'Fantasy']",3
8965,Atlantis: Milo's Return,0,0,80,7.9753,6.327,3926,2003-02-25,en,"['Fantasy', 'Animation', 'Science Fiction', 'Family', 'Action']",1
158011,The Call,13000000,68572378,96,7.9751,6.787,3144,2013-03-14,en,"['Crime', 'Thriller']",5
3512,Under Siege 2: Dark Territory,60000000,104324083,99,7.9732,5.9,1073,1995-07-13,en,"['Action', 'Thriller']",4
503,Poseidon,160000000,181700000,98,7.9725,5.908,2414,2006-05-03,en,"['Adventure', 'Action', 'Drama', 'Thriller']",6
15999,Vampire Hunter D: Bloodlust,0,151086,103,7.9672,7.7,857,2001-04-21,ja,"['Animation', 'Fantasy', 'Horror']",6
10866,Joy Ride,23000000,36642838,98,7.9687,6.6,1432,2001-10-05,en,"['Mystery', 'Thriller', 'Drama']",2
624,Easy Rider,400000,60000000,96,7.959,7.048,2237,1969-06-26,en,"['Adventure', 'Drama']",3
199,Star Trek: First Contact,46000000,146027888,111,7.9598,7.3,2041,1996-11-22,en,"['Science Fiction', 'Action', 'Adventure', 'Thriller']",1
313922,Green Room,5000000,3800000,95,7.9561,6.718,3052,2016-04-15,en,"['Horror', 'Crime', 'Thriller']",2
921636,The Out-Laws,0,0,95,7.9546,5.982,852,2023-07-07,en,"['Romance', 'Action', 'Comedy']",1
6069,The Witches of Eastwick,22000000,63766510,118,7.9526,6.549,1630,1987-06-12,en,"['Comedy', 'Fantasy', 'Horror']",2
10488,Nim's Island,37000000,100104565,96,7.9525,5.9,1219,2008-04-03,en,"['Adventure', 'Comedy', 'Family', 'Fantasy']",1
11868,Dracula,104880,3500000,82,7.9524,7.3,734,1958-04-21,en,['Horror'],1
2124,Color of Night,40000000,19700000,121,7.9509,5.766,654,1994-08-19,en,"['Romance', 'Mystery', 'Thriller']",2
567811,10 Lives,0,16219846,87,7.9468,7.7,230,2024-04-18,en,"['Animation', 'Comedy', 'Family', 'Fantasy']",5
548473,Color Out of Space,6000000,1023510,111,7.9477,6.087,1794,2020-01-24,en,"['Horror', 'Science Fiction', 'Mystery', 'Thriller']",4
245842,The King's Daughter,40500000,2200000,94,7.9437,6.968,739,2022-01-21,en,"['Fantasy', 'Adventure', 'Family']",10
1087822,Hellboy: The Crooked Man,20000000,2014050,100,7.9409,5.124,605,2024-08-29,en,"['Fantasy', 'Horror', 'Action']",5
866463,Reptile,0,0,136,7.9347,6.671,1296,2023-09-29,en,"['Crime', 'Mystery', 'Thriller', 'Drama']",1
1194963,Noise,0,12199988,95,7.9292,6.6,106,2025-06-25,ko,"['Horror', 'Thriller']",2
448095,I Still See You,0,0,98,7.9352,6.432,681,2018-09-27,en,"['Thriller', 'Fantasy', 'Mystery']",1
228205,The Longest Ride,34000000,63013281,128,7.9276,7.637,3377,2015-04-09,en,"['Drama', 'Romance']",3
591275,Fear Street: 1666,0,0,115,7.9274,7.061,2081,2021-07-14,en,"['Mystery', 'Horror']",1
2671,Ring,1200000,19400000,96,7.9253,7.1,1749,1998-01-31,ja,"['Horror', 'Thriller']",4
1412598,Killer Whale,0,0,89,7.9226,5.219,224,2026-01-16,en,"['Thriller', 'Horror', 'Action']",6
698948,Thirteen Lives,55000000,0,147,7.9212,7.831,1587,2022-07-18,en,"['Drama', 'Thriller', 'History']",5
12242,Mulan II,0,0,79,7.9205,6.5,2570,2004-11-03,en,"['Animation', 'Comedy', 'Family', 'Adventure']",1
903,Cool Hand Luke,3200000,16217773,127,7.9204,7.733,1680,1967-11-01,en,"['Drama', 'Crime']",2
668489,Havoc,90000000,0,107,7.9196,6.402,1348,2025-04-25,en,"['Action', 'Crime', 'Thriller', 'Drama']",3
1094274,Y2K,15000000,4481473,91,7.9195,5.2,314,2024-12-06,en,"['Science Fiction', 'Horror', 'Comedy']",3
23082,The Invention of Lying,18500000,32400000,100,7.9153,6.215,2422,2009-10-02,en,"['Comedy', 'Fantasy', 'Romance']",4
1404791,Dollhouse,0,11547839,110,7.9101,7.554,147,2025-06-13,ja,"['Horror', 'Mystery']",2
555974,Brahms: The Boy II,10000000,20311536,87,7.9079,5.865,1331,2020-02-20,en,"['Horror', 'Mystery', 'Thriller']",3
168,Star Trek IV: The Voyage Home,21000000,133000000,118,7.9071,7.185,1728,1986-11-26,en,"['Science Fiction', 'Adventure']",1
14560,Paul Blart: Mall Cop,26000000,183293131,91,7.9063,5.45,2798,2009-01-15,en,"['Action', 'Adventure', 'Comedy', 'Family']",4
86838,Seven Psychopaths,15000000,33035736,110,7.9047,6.817,4435,2012-10-12,en,"['Comedy', 'Crime']",5
504949,The King,0,0,140,7.9027,7.156,3688,2019-10-11,en,"['Drama', 'History', 'War']",4
1398,Stalker,120000,0,162,7.9019,8.086,2624,1979-05-25,ru,"['Science Fiction', 'Drama']",1
287424,Maggie,4000000,187112,95,7.9002,5.413,1721,2015-05-08,en,"['Horror', 'Drama', 'Science Fiction']",8
976584,The Book of Clarence,40000000,6205230,129,7.8992,5.8,146,2024-01-11,en,"['Adventure', 'Comedy', 'Drama']",2
1160018,KILL,4800000,5600000,105,7.8977,7.165,544,2024-07-03,hi,"['Action', 'Crime', 'Thriller']",2
274479,Joy,60000000,101134059,124,7.8962,6.551,4358,2015-12-24,en,['Drama'],5
351460,Death Note,40000000,0,101,7.8957,4.278,4196,2017-08-25,en,"['Crime', 'Fantasy', 'Horror', 'Thriller']",2
1738,Next,70000000,76066841,96,7.8944,6.148,3404,2007-04-25,en,"['Action', 'Science Fiction', 'Thriller']",5
16,Dancer in the Dark,12500000,40061153,140,7.8939,7.833,2084,2000-09-01,en,"['Drama', 'Crime']",15
9453,Caligula,17500000,23400000,156,7.8924,5.974,1020,1979-08-14,it,"['Drama', 'History']",2
9289,The Longest Day,10000000,50100000,178,7.8903,7.6,1058,1962-09-25,en,"['War', 'Drama', 'History']",2
72331,Abraham Lincoln: Vampire Hunter,69000000,116500000,105,7.8893,5.774,3654,2012-06-20,en,"['Action', 'Fantasy', 'Horror']",6
73454,X,0,0,90,7.8865,6.4,327,2011-11-23,en,"['Action', 'Thriller', 'Romance']",2
1206008,Ella McCay,35000000,4546837,115,7.8806,5.5,145,2025-12-11,en,"['Comedy', 'Drama']",3
11649,Masters of the Universe,22000000,17336370,106,7.8778,5.913,1182,1987-08-07,en,"['Action', 'Family', 'Fantasy', 'Adventure']",3
1167271,Weekend in Taipei,30000000,2826064,101,7.8859,6.494,316,2024-09-19,en,"['Action', 'Adventure', 'Thriller']",3
19959,Surrogates,80000000,122444772,89,7.877,6.165,3556,2009-09-24,en,"['Science Fiction', 'Action', 'Thriller']",4
548,Rashomon,250000,117668,88,7.8765,8.027,2625,1950-08-26,ja,"['Crime', 'Drama', 'Mystery']",1
766798,Parallel Mothers,11000000,23099858,123,7.8739,6.785,1065,2021-10-08,es,['Drama'],2
8007,Behind Enemy Lines,40000000,91753202,106,7.8755,6.5,1724,2001-11-30,en,"['Action', 'Drama', 'Thriller', 'War']",2
6615,Lars and the Real Girl,12000000,11293663,107,7.8716,7.209,2182,2007-10-12,en,"['Drama', 'Romance']",2
413337,Girl in the Box,20,0,87,7.8711,6.7,165,2016-09-10,en,"['Drama', 'TV Movie']",1
457799,"Extremely Wicked, Shockingly Evil and Vile",0,0,111,7.8697,7.0,3623,2019-05-02,en,"['Drama', 'Crime']",3
65086,The Woman in Black,32000000,129000000,95,7.8696,6.1,3778,2012-02-03,en,"['Drama', 'Horror', 'Thriller']",4
1817,Phone Booth,13000000,97837138,81,7.8684,6.879,4359,2003-01-06,en,"['Thriller', 'Crime']",2
6950,Outbreak,50000000,189900000,129,7.8689,6.59,2599,1995-03-10,en,"['Action', 'Drama', 'Science Fiction', 'Thriller']",4
10987,Halloween: The Curse of Michael Myers,5000000,15116634,88,7.8681,5.152,1281,1995-09-29,en,"['Horror', 'Thriller']",4
11358,Walking Tall,46000000,57223888,86,7.8654,6.316,1728,2004-04-02,en,"['Adventure', 'Drama', 'Action', 'Thriller']",5
8870,Red Planet,80000000,33463969,106,7.8644,5.736,1225,2000-11-10,en,"['Thriller', 'Action', 'Science Fiction']",5
10402,Deuce Bigalow: Male Gigolo,17000000,92938755,88,7.8649,5.977,1602,1999-12-10,en,"['Comedy', 'Romance']",3
2320,Executive Decision,55000000,121969216,132,7.864,6.351,1073,1996-03-15,en,"['Action', 'Adventure', 'Drama', 'Thriller']",2
820,JFK,40000000,205405498,189,7.8634,7.595,2507,1991-12-20,en,"['Drama', 'Thriller', 'History']",6
342737,20th Century Women,7000000,5664764,119,7.8618,7.303,1266,2016-12-28,en,['Drama'],3
986280,Fallen Leaves,1480000,12400000,81,7.8558,7.112,775,2023-09-14,fi,"['Romance', 'Drama', 'Comedy']",3
10204,Around the World in 80 Days,110000000,72178895,120,7.8517,5.957,2791,2004-06-16,en,"['Action', 'Adventure', 'Comedy']",8
1535,Spy Game,115000000,143049560,126,7.8516,6.92,2456,2001-11-18,en,"['Action', 'Crime', 'Thriller']",4
466081,The Informer,60000000,2927708,109,7.8506,6.534,989,2019-08-30,en,"['Drama', 'Crime', 'Thriller']",3
13683,Tarzan & Jane,0,0,75,7.8476,6.0,708,2002-06-24,en,"['Animation', 'Family', 'Adventure']",1
376660,The Edge of Seventeen,9000000,18803648,105,7.8469,7.147,4337,2016-11-18,en,"['Comedy', 'Drama']",4
11286,The Cannonball Run,18000000,72179579,95,7.8501,6.153,731,1981-06-19,en,"['Action', 'Comedy', 'Family']",2
348678,A Man Called Ove,0,30692889,116,7.8467,7.607,1374,2015-12-25,sv,"['Comedy', 'Drama']",6
619778,Malignant,40000000,34891791,111,7.8434,6.743,2757,2021-09-01,en,"['Horror', 'Mystery']",4
10057,The Three Musketeers,30000000,111898845,105,7.8446,6.389,1109,1993-11-11,en,"['Action', 'Adventure', 'Comedy']",2
531876,The Outpost,18000000,2133452,123,7.8394,6.897,1268,2020-06-24,en,"['War', 'Drama', 'History', 'Action']",3
298250,Jigsaw,10000000,104223315,91,7.8399,6.208,4068,2017-10-25,en,"['Horror', 'Mystery']",3
290764,Tracers,11000000,593683,94,7.8451,6.015,1140,2015-01-15,en,['Action'],2
1654,The Dirty Dozen,5400000,45300000,149,7.8352,7.602,1376,1967-06-15,en,"['Action', 'Adventure', 'War']",3
912916,The Other Zoey,0,168000,91,7.8341,7.0,507,2023-10-19,en,"['Romance', 'Drama', 'Comedy']",2
33689,It Takes Two,14500000,19474589,101,7.8351,6.5,1005,1995-11-17,en,"['Comedy', 'Family', 'Romance']",3
532671,The Prodigy,6000000,21200000,92,7.834,6.158,1106,2019-02-06,en,"['Horror', 'Thriller']",3
446807,The Girl in the Spider's Web,43000000,35164920,115,7.8337,6.2,1572,2018-10-25,en,"['Action', 'Crime', 'Thriller']",8
11881,Miracle on 34th Street,630000,2700000,96,7.8321,7.369,875,1947-06-04,en,"['Comedy', 'Drama', 'Family']",1
15196,Clue,15000000,14647963,94,7.8315,7.216,2077,1985-12-13,en,"['Comedy', 'Crime', 'Mystery']",4
22164,Blood and Bone,3700000,3492,93,7.8308,7.373,935,2009-02-07,en,"['Action', 'Crime', 'Thriller', 'Drama']",2
34813,The Losers,25000000,23580000,97,7.8287,6.3,2059,2010-04-23,en,"['Action', 'Adventure', 'Crime', 'Mystery', 'Thriller']",4
10377,My Cousin Vinny,11000000,64088552,119,7.8297,7.5,1989,1992-03-13,en,"['Comedy', 'Drama']",4
10228,Pokémon: The First Movie,30000000,163644940,96,7.8266,7.0,1636,1998-07-18,ja,"['Animation', 'Family', 'Adventure', 'Fantasy', 'Action']",11
374205,One Piece Film: GOLD,0,66207073,120,7.8188,7.231,549,2016-07-23,ja,"['Action', 'Animation', 'Adventure', 'Comedy']",7
1947,An Unfinished Life,30000000,18618284,108,7.8148,6.821,726,2005-09-09,en,['Drama'],7
353069,Mother's Day,25000000,48782670,118,7.8182,5.976,1329,2016-04-28,en,"['Comedy', 'Drama', 'Romance']",9
262543,Automata,7000000,6237990,110,7.8144,5.904,1869,2014-10-09,en,"['Thriller', 'Science Fiction']",2
258480,Carol,11800000,40272135,118,7.8144,7.488,4048,2015-11-20,en,"['Romance', 'Drama']",4
894169,Vendetta,0,0,96,7.8119,6.1,354,2022-05-17,en,"['Action', 'Crime']",3
520023,Bodies Bodies Bodies,3000000,13929670,94,7.8113,6.141,1551,2022-08-05,en,"['Comedy', 'Mystery', 'Horror']",2
188222,Entourage,30000000,49263404,104,7.81,6.237,1141,2015-06-03,en,"['Comedy', 'Drama']",4
8676,Fool's Gold,70000000,111231041,112,7.8078,5.812,1657,2008-02-07,en,"['Adventure', 'Romance', 'Comedy']",3
123,The Lord of the Rings,4000000,30477175,132,7.8065,6.6,1093,1978-11-15,en,"['Adventure', 'Animation', 'Fantasy']",3
11045,Taxi,25000000,71255003,97,7.8057,5.568,1219,2004-10-06,en,"['Action', 'Comedy', 'Thriller', 'Crime']",3
10610,The Medallion,38000000,34300000,88,7.8055,5.651,1260,2003-08-15,en,"['Thriller', 'Fantasy', 'Action', 'Comedy']",3
446021,Bad Times at the El Royale,32000000,31882724,141,7.8056,6.843,3988,2018-10-04,en,"['Thriller', 'Mystery', 'Crime', 'Drama']",3
754609,Mrs. Harris Goes to Paris,0,31179316,116,7.8046,7.284,533,2022-07-15,en,"['Drama', 'Comedy', 'History']",7
524251,I See You,3000000,0,98,7.8006,6.972,1724,2019-09-11,en,"['Horror', 'Thriller', 'Mystery']",6
382322,Batman: The Killing Joke,3500000,3775000,77,7.7986,6.6,1983,2016-07-24,en,"['Animation', 'Crime', 'Drama', 'Action', 'Thriller']",2
988078,Through My Window: Across the Sea,0,0,110,7.7983,6.6,983,2023-06-23,es,"['Romance', 'Drama', 'Comedy']",1
393457,Fences,24000000,64400000,139,7.7983,6.9,2864,2016-12-16,en,['Drama'],3
937249,57 Seconds,0,0,99,7.7964,6.151,722,2023-09-29,en,"['Thriller', 'Science Fiction', 'Action']",5
68722,The Master,32000000,28258060,137,7.7958,7.096,3431,2012-09-14,en,['Drama'],3
1151334,Eenie Meanie,50000000,0,106,7.7937,6.287,368,2025-08-21,en,"['Action', 'Comedy', 'Crime', 'Drama', 'Thriller']",2
891,All the President's Men,8500000,70600000,138,7.7944,7.658,2166,1976-04-09,en,"['Drama', 'Mystery', 'Thriller']",1
355547,The Star,10000000,63581694,86,7.7938,6.5,625,2017-11-15,en,"['Animation', 'Comedy', 'Adventure', 'Family', 'Fantasy']",6
70074,Bullet to the Head,55000000,9489829,92,7.7931,5.604,1423,2012-11-14,en,"['Action', 'Crime', 'Thriller']",9
3112,The Night of the Hunter,795000,0,93,7.7926,7.854,1912,1955-07-26,en,"['Crime', 'Drama', 'Thriller']",2
16619,Ordinary People,6000000,54766923,124,7.7906,7.4,726,1980-09-19,en,['Drama'],2
1063877,Don't Move,0,88489,92,7.7899,6.32,1072,2024-10-24,en,"['Horror', 'Thriller']",3
10061,Escape from L.A.,50000000,42277365,101,7.7826,5.864,1680,1996-08-09,en,"['Action', 'Thriller', 'Science Fiction']",2
45408,The Protector,5000000,11000000,94,7.7885,5.9,214,1985-06-15,en,"['Action', 'Crime']",3
456740,Hellboy,50000000,55065289,121,7.7823,5.578,3820,2019-04-10,en,"['Fantasy', 'Horror', 'Action', 'Adventure']",8
11528,The Sandlot,7000000,34348444,101,7.7814,7.562,1387,1993-04-07,en,"['Family', 'Comedy', 'Drama']",2
8065,21,35000000,159808370,123,7.7789,6.693,5167,2008-03-27,en,"['Drama', 'Crime']",4
9394,They Call Me Trinity,0,0,115,7.7783,7.5,1507,1970-12-22,it,"['Action', 'Comedy', 'Western']",1
9947,Elektra,43000000,56681566,97,7.7777,5.048,2761,2005-01-13,en,"['Action', 'Fantasy', 'Adventure']",5
10357,Volcano,90000000,122823468,104,7.7765,5.986,1770,1997-04-25,en,"['Science Fiction', 'Action', 'Drama', 'Thriller']",4
22586,The Swan Princess,20000000,9771658,89,7.776,6.6,1054,1994-11-18,en,"['Family', 'Animation', 'Fantasy', 'Adventure', 'Comedy']",1
609,Poltergeist,10700000,121733131,114,7.7734,7.166,3474,1982-06-04,en,['Horror'],2
7516,Smokin' Aces,17000000,57103895,109,7.782,6.477,1903,2006-12-09,en,"['Action', 'Comedy', 'Crime', 'Thriller']",5
1405338,Demon City,0,0,106,7.7727,6.8,360,2025-02-26,ja,"['Action', 'Crime', 'Fantasy', 'Thriller']",3
118406,Road to Ninja: Naruto the Movie,0,17876559,109,7.7709,7.37,1262,2012-07-28,ja,"['Animation', 'Fantasy', 'Action']",7
419704,Ad Astra,87500000,127461872,123,7.7699,6.14,7460,2019-09-17,en,"['Science Fiction', 'Drama']",9
34480,The Descent: Part 2,6000200,7048886,94,7.7702,5.978,1394,2009-10-14,en,"['Adventure', 'Horror', 'Thriller']",2
9053,DOA: Dead or Alive,21000000,7600000,87,7.7698,5.3,952,2006-09-07,en,"['Adventure', 'Action', 'Thriller']",3
9493,Twins,15000000,216614388,107,7.7682,6.058,2626,1988-12-09,en,['Comedy'],1
597922,The Greatest Beer Run Ever,2800000,0,127,7.7679,7.478,949,2022-09-23,en,"['Drama', 'Comedy', 'War']",1
979660,Freaky Tales,0,400000,107,7.7649,6.3,271,2025-04-04,en,"['Action', 'Crime', 'Comedy']",3
484718,Coming 2 America,60000000,0,108,7.7631,6.315,2452,2021-03-04,en,['Comedy'],4
664416,Beastie Boys Story,0,0,120,7.7628,7.5,201,2020-04-24,en,"['Music', 'Documentary']",4
882059,Boy Kills World,18000000,3139717,111,7.7627,6.663,891,2024-04-24,en,"['Crime', 'Thriller', 'Action']",4
22954,Invictus,60000000,122400000,134,7.7605,7.179,4446,2009-12-11,en,"['Drama', 'History']",5
10676,Halloween III: Season of the Witch,2500000,14402425,98,7.7601,5.253,1598,1982-10-22,en,"['Horror', 'Science Fiction', 'Mystery', 'Thriller']",1
1712,Giant,5400000,32855818,201,7.76,7.6,781,1956-11-08,en,"['Drama', 'Western']",2
10843,After Hours,4500000,10609321,97,7.7598,7.489,1845,1985-09-13,en,"['Comedy', 'Thriller', 'Drama']",2
20856,Aliens in the Attic,45000000,57881056,86,7.7595,5.711,1084,2009-07-30,en,"['Adventure', 'Comedy', 'Family', 'Fantasy', 'Science Fiction']",3
9879,Striptease,50000000,113309743,115,7.758,5.562,1223,1996-06-28,en,"['Comedy', 'Crime', 'Drama']",2
758336,Love Again,9000000,10000000,104,7.7583,6.7,499,2023-05-04,en,"['Romance', 'Drama', 'Comedy']",3
8978,Assault on Precinct 13,30000000,35294470,109,7.7568,6.183,1254,2005-01-19,en,"['Thriller', 'Action', 'Adventure', 'Crime']",5
805320,Bird Box Barcelona,19800000,0,112,7.7565,5.906,882,2023-07-14,es,"['Horror', 'Science Fiction', 'Thriller']",3
261392,American Ultra,28000000,27100000,96,7.7549,6.105,3034,2015-08-19,en,"['Action', 'Comedy']",7
109443,Anchorman 2: The Legend Continues,50000000,173700000,119,7.7546,6.145,2917,2013-12-18,en,['Comedy'],3
4379,Monster-in-Law,43000000,154749918,101,7.7535,6.229,1800,2005-05-13,en,"['Romance', 'Comedy']",4
146198,Triple 9,20000000,12600000,115,7.7545,5.976,2349,2016-02-19,en,"['Action', 'Crime', 'Adventure', 'Thriller']",5
11077,Problem Child,10000000,72000000,81,7.7525,6.205,959,1990-07-27,en,['Comedy'],2
2309,Inkheart,60000000,62803180,106,7.7507,6.3,2333,2008-12-11,en,"['Adventure', 'Family', 'Fantasy']",2
363992,The Wizard of Lies,0,0,133,7.7444,6.6,679,2017-05-11,en,"['Crime', 'Drama', 'TV Movie']",2
1902,Open Your Eyes,2900000,370720,117,7.7417,7.5,1257,1997-12-19,es,"['Drama', 'Thriller', 'Science Fiction']",4
38357,Morning Glory,40000000,60040976,107,7.7404,6.4,1676,2010-11-10,en,"['Drama', 'Comedy', 'Romance']",3
11096,Hide and Seek,30000000,127369981,101,7.7414,6.347,1792,2005-01-27,en,"['Horror', 'Mystery']",4
11411,Superman IV: The Quest for Peace,17000000,36700000,90,7.7362,4.593,1464,1987-07-24,en,"['Action', 'Adventure', 'Science Fiction']",4
1245347,Twinless,2000000,1400477,100,7.7361,7.219,196,2025-09-04,en,"['Comedy', 'Drama']",3
20235,Belle's Magical World,0,0,69,7.7355,6.2,508,1998-02-16,en,"['Animation', 'Fantasy', 'Family', 'Romance']",1
9725,Friday the 13th Part 2,1250000,21724205,86,7.7346,6.193,1987,1981-05-01,en,['Horror'],2
1173558,Burning Betrayal,0,0,99,7.7343,6.2,258,2023-10-25,pt,"['Drama', 'Mystery', 'Romance']",1
501979,Bill & Ted Face the Music,25000000,6274027,92,7.7337,5.891,1132,2020-08-27,en,"['Comedy', 'Science Fiction', 'Adventure', 'Music']",7
10950,I Am Sam,22000000,92542418,132,7.7327,7.56,2592,2001-12-28,en,['Drama'],4
802219,Bob Marley: One Love,70000000,180828556,104,7.7316,6.6,1022,2024-02-14,en,"['Music', 'History', 'Drama']",3
298312,The Visit,5000000,98450062,94,7.726,6.318,5315,2015-09-10,en,"['Horror', 'Thriller']",2
2334,Taxi 3,14500000,64497208,87,7.7298,5.763,1713,2003-01-29,fr,"['Action', 'Comedy', 'Crime']",4
521,Dial M for Murder,1400000,3000000,105,7.7254,8.002,2961,1954-05-29,en,"['Thriller', 'Crime', 'Drama']",1
9615,The Fast and the Furious: Tokyo Drift,85000000,158964610,104,7.7237,6.562,7900,2006-06-03,en,"['Action', 'Crime', 'Thriller']",4
284427,Who Am I,0,7700259,105,7.7206,7.556,1778,2014-09-25,de,['Thriller'],3
39691,Cats & Dogs: The Revenge of Kitty Galore,85000000,112483764,82,7.7212,5.206,703,2010-07-29,en,"['Family', 'Adventure', 'Comedy', 'Fantasy']",5
972614,Knox Goes Away,0,963703,115,7.72,6.944,536,2024-03-15,en,"['Action', 'Crime', 'Drama', 'Thriller']",4
22972,Green Zone,100000000,94882889,115,7.7192,6.484,2466,2010-03-11,en,"['War', 'Action', 'Adventure', 'Drama', 'Thriller']",6
244267,I Origins,1000000,481234,106,7.7144,7.563,3574,2014-07-18,en,"['Science Fiction', 'Drama']",4
1378,Shortbus,2000000,5557564,101,7.718,6.266,608,2006-10-04,en,"['Romance', 'Comedy', 'Drama']",3
10860,Steel Magnolias,15000000,95904091,117,7.714,7.2,772,1989-11-15,en,"['Drama', 'Comedy']",2
87818,Movie 43,6000000,32443111,98,7.7132,4.664,2585,2013-01-24,en,['Comedy'],5
9462,The Way of the Dragon,130000,27000000,100,7.7132,7.39,1344,1972-12-30,cn,"['Action', 'Crime']",2
1043905,Dirty Angels,35954590,0,104,7.713,6.098,418,2024-12-11,en,"['Drama', 'Thriller', 'War']",3
1362315,The Hand That Rocks the Cradle,0,0,105,7.7116,5.714,238,2025-10-16,en,"['Thriller', 'Drama']",3
14919,Batman: Mask of the Phantasm,6000000,5617391,76,7.7097,7.514,1306,1993-12-25,en,"['Animation', 'Crime', 'Mystery']",1
15301,Twilight Zone: The Movie,10000000,29450920,101,7.7093,6.49,851,1983-06-24,en,"['Horror', 'Fantasy', 'Science Fiction']",2
471506,Greta,0,0,98,7.7075,6.552,1498,2019-02-28,en,"['Mystery', 'Thriller', 'Drama']",6
11601,Stir of Echoes,12000000,21142914,99,7.7075,6.708,1415,1999-09-10,en,"['Horror', 'Mystery', 'Thriller']",2
798021,Family Switch,0,0,106,7.7064,6.362,828,2023-11-30,en,"['Comedy', 'Fantasy', 'Family']",3
833339,Speak No Evil,3200000,631249,98,7.7063,6.626,1182,2022-03-17,da,"['Horror', 'Thriller', 'Drama']",2
667216,Infinity Pool,4500000,5078400,118,7.7037,6.029,1124,2023-01-27,en,"['Horror', 'Science Fiction', 'Thriller']",8
618344,Justice League Dark: Apokolips War,0,0,90,7.7037,8.2,1637,2020-05-05,en,"['Animation', 'Action', 'Adventure', 'Fantasy']",2
109431,Identity Thief,35000000,173965010,111,7.7023,5.852,3578,2013-02-07,en,"['Comedy', 'Crime']",5
1255,The Host,11000000,88489643,120,7.7004,6.981,3253,2006-07-27,ko,"['Horror', 'Drama', 'Science Fiction']",2
11814,Weird Science,7500000,38934048,93,7.7001,6.5,1610,1985-08-01,en,"['Comedy', 'Fantasy', 'Science Fiction', 'Romance']",2
10003,The Saint,68000000,118100000,116,7.6986,6.109,1306,1997-04-03,en,"['Thriller', 'Action', 'Romance', 'Science Fiction', 'Adventure']",4
382614,The Book of Henry,10000000,4596705,105,7.6997,7.47,1381,2017-06-16,en,"['Drama', 'Thriller', 'Mystery']",2
72358,A Thousand Words,40000000,22044277,91,7.6958,6.136,1452,2012-03-07,en,"['Drama', 'Comedy', 'Fantasy']",4
10344,The Fly II,16500000,38900000,105,7.6956,5.8,757,1989-02-10,en,"['Horror', 'Science Fiction']",1
336,"Duck, You Sucker",0,0,157,7.6951,7.668,1226,1971-10-29,it,['Western'],2
10715,Looney Tunes: Back in Action,80000000,68500000,92,7.6891,6.387,1668,2003-11-14,en,"['Animation', 'Comedy', 'Family']",6
264644,Room,13000000,35401758,118,7.6981,7.986,9874,2015-10-16,en,"['Drama', 'Thriller']",6
1249289,Alarum,20000000,0,95,7.688,5.574,419,2025-01-16,en,"['Action', 'Crime', 'Thriller']",9
76494,What to Expect When You're Expecting,40000000,79700000,110,7.6879,6.014,1885,2012-05-17,en,"['Romance', 'Comedy', 'Drama']",4
11527,Excalibur,11000000,35000000,141,7.6869,7.0,1203,1981-04-10,en,"['Adventure', 'Fantasy']",2
1659155,The Truthers,0,0,106,7.6826,5.7,104,2026-07-24,es,"['Thriller', 'Drama', 'Mystery']",1
502033,Sound of Metal,0,516520,121,7.6791,7.707,2969,2020-11-20,en,"['Drama', 'Music']",3
82881,Tangled Ever After,0,0,6,7.6817,7.1,1136,2012-01-13,en,"['Animation', 'Comedy', 'Action', 'Family']",1
343674,Gerald's Game,0,0,104,7.6928,6.398,4036,2017-09-29,en,"['Horror', 'Thriller', 'Drama']",1
294963,Bone Tomahawk,1800000,475846,133,7.6776,6.892,2648,2015-10-23,en,"['Drama', 'Horror', 'Western']",7
32985,Solomon Kane,45000000,19700000,104,7.6725,6.047,1594,2009-12-23,en,"['Adventure', 'Fantasy', 'Action']",4
187596,Walk of Shame,6000000,8100000,95,7.6711,5.974,1566,2014-05-02,en,['Comedy'],3
2294,Jay and Silent Bob Strike Back,22000000,33788161,104,7.6705,6.444,1809,2001-08-22,en,"['Comedy', 'Adventure', 'Action']",2
277834,Moana,150000000,690860472,107,7.6703,7.566,14059,2016-10-13,en,"['Adventure', 'Comedy', 'Family', 'Animation']",1
48138,Unknown,30000000,130786397,113,7.6675,6.698,4305,2011-02-16,en,"['Action', 'Mystery', 'Thriller']",7
381,To Catch a Thief,2500000,8750000,106,7.6672,7.26,1725,1955-08-03,en,"['Mystery', 'Romance', 'Thriller']",1
295964,Burnt,20000000,36606743,100,7.6669,6.527,3646,2015-10-02,en,['Drama'],3
14164,Dragonball Evolution,30000000,58228460,85,7.6628,2.928,2292,2009-03-12,en,"['Action', 'Adventure', 'Fantasy', 'Science Fiction', 'Thriller']",5
35552,The Extraordinary Adventures of Adèle Blanc-Sec,25000000,34604339,107,7.6611,6.276,1517,2010-04-09,fr,"['Fantasy', 'Adventure', 'Action', 'Mystery']",3
717728,Jeepers Creepers: Reborn,5000000,6175213,88,7.6587,5.261,1115,2022-09-15,en,['Horror'],5
1155281,Creation of the Gods II: Demon Force,120000000,172619925,145,7.6627,6.4,144,2025-01-29,zh,"['Action', 'Fantasy', 'War']",6
454293,Night School,29000000,33157615,111,7.6571,6.109,1801,2018-09-27,en,['Comedy'],4
136400,2 Guns,61000000,131940411,109,7.6547,6.538,4638,2013-08-02,en,"['Action', 'Comedy', 'Crime']",9
7461,Vantage Point,40000000,152039882,90,7.6549,6.417,2263,2008-02-01,en,"['Drama', 'Action', 'Thriller', 'Crime']",5
421658,Final Score,20000000,1472770,105,7.6537,6.1,589,2018-09-07,en,"['Action', 'Thriller', 'Adventure', 'Drama']",6
1062807,SPY x FAMILY CODE: White,5000000,59629242,110,7.6525,7.22,685,2023-12-22,ja,"['Animation', 'Comedy', 'Adventure', 'Action']",6
2616,Uncle Buck,15000000,79300000,100,7.6522,6.82,1417,1989-08-16,en,"['Comedy', 'Drama', 'Family']",1
1371185,Song Sung Blue,30000000,57889762,133,7.6497,7.367,327,2025-12-15,en,"['Music', 'Romance', 'Drama']",2
645757,That Christmas,0,0,91,7.6478,7.143,455,2024-11-27,en,"['Animation', 'Comedy', 'Family', 'Fantasy', 'Adventure']",2
6404,Nosferatu the Vampyre,1400000,3451,107,7.6475,7.277,1130,1979-01-17,de,"['Drama', 'Horror']",3
7303,Maid in Manhattan,55000000,154906693,105,7.6476,6.1,2095,2002-12-13,en,"['Comedy', 'Drama', 'Romance']",2
25059,Homeward Bound II: Lost in San Francisco,0,32709423,89,7.6467,6.627,552,1996-03-08,en,"['Adventure', 'Comedy', 'Drama', 'Family']",1
11452,National Lampoon's Van Wilder,6000000,39241323,92,7.6415,6.038,2010,2002-03-29,en,"['Comedy', 'Romance']",3
451,Leaving Las Vegas,3600000,49800000,111,7.6434,7.249,1727,1995-10-27,en,"['Drama', 'Romance']",2
1643,Last Tango in Paris,1250000,36182181,129,7.6413,6.893,1378,1972-12-15,it,"['Drama', 'Romance']",2
9825,Lake Placid,27000000,56870414,82,7.6367,6.0,1311,1999-07-15,en,"['Horror', 'Comedy', 'Action', 'Science Fiction', 'Thriller']",4
926670,Henry Danger: The Movie,0,0,86,7.6359,7.6,272,2025-01-17,en,"['Action', 'Comedy', 'Family', 'Science Fiction']",2
610150,Dragon Ball Super: Super Hero,0,86600000,100,7.6357,7.9,3088,2022-06-11,ja,"['Animation', 'Science Fiction', 'Action']",7
82505,House at the End of the Street,6900000,44287131,101,7.6318,5.793,1953,2012-09-21,en,"['Horror', 'Thriller']",3
10153,Sphere,80000000,37020277,134,7.6302,6.139,1922,1998-02-13,en,"['Science Fiction', 'Mystery', 'Thriller']",4
266396,The Gunman,40000000,13644292,115,7.6301,5.752,1063,2015-02-16,en,"['Action', 'Drama', 'Crime']",9
88005,Seeking a Friend for the End of the World,10000000,9636289,101,7.6298,6.6,2317,2012-06-22,en,"['Comedy', 'Drama', 'Romance']",3
718838,Mothering Sunday,0,2260859,104,7.6286,5.4,138,2021-11-12,en,"['Romance', 'Drama']",5
454227,Outlaw King,0,0,122,7.6273,6.837,1762,2018-09-06,en,"['Action', 'History', 'War']",3
11812,The Sweetest Thing,43000000,68696770,84,7.6256,5.616,1221,2002-04-12,en,"['Romance', 'Comedy']",1
1497,Teenage Mutant Ninja Turtles II: The Secret of the Ooze,25000000,78656813,88,7.6252,6.232,1294,1991-03-22,en,"['Science Fiction', 'Adventure', 'Action', 'Comedy', 'Family']",2
1639,Speed 2: Cruise Control,160000000,164508066,125,7.6245,4.597,1877,1997-06-13,en,"['Action', 'Thriller']",2
310593,Youth,13360000,2000000,125,7.6206,6.901,2276,2015-05-20,it,"['Comedy', 'Drama', 'Romance']",8
336000,The Glass Castle,9000000,22088533,127,7.6192,7.099,920,2017-08-11,en,['Drama'],4
10281,Friday the 13th Part VII - The New Blood,2800000,19170001,88,7.6188,5.481,1263,1988-05-13,en,"['Horror', 'Thriller']",2
293767,Billy Lynn's Long Halftime Walk,40000000,30930984,113,7.6166,6.024,651,2016-11-10,en,"['Drama', 'War']",8
698,Moonraker,34000000,210308099,126,7.616,6.186,2302,1979-06-26,en,"['Action', 'Adventure', 'Thriller', 'Science Fiction']",2
42188,Never Let Me Go,15000000,9918093,104,7.6125,6.847,2545,2010-03-18,en,"['Drama', 'Romance', 'Science Fiction']",3
487616,Curiosa,0,0,107,7.6147,5.8,255,2019-04-03,fr,"['Drama', 'History']",3
433627,7 Days in Entebbe,0,9196740,107,7.6074,5.827,464,2018-03-15,en,"['Thriller', 'Drama', 'Crime']",3
65291,Green Lantern: Emerald Knights,3500000,0,84,7.6046,6.7,570,2011-06-07,en,"['Action', 'Adventure', 'Animation', 'Science Fiction', 'Drama', 'Fantasy']",3
297222,PK,13000000,118920000,153,7.6043,7.705,1217,2014-12-18,hi,"['Comedy', 'Drama', 'Science Fiction']",3
9641,Cheaper by the Dozen 2,60000000,129181830,94,7.604,6.159,2131,2005-12-21,en,"['Comedy', 'Family', 'Adventure']",2
375366,The Girl with All the Gifts,5005600,0,111,7.6031,6.599,2239,2016-09-23,en,"['Action', 'Horror', 'Science Fiction']",4
1001811,My Big Fat Greek Wedding 3,0,34900000,92,7.6028,5.899,242,2023-09-07,en,"['Comedy', 'Romance']",4
1088548,Bitter Christmas,11700000,4755643,111,7.6025,6.2,149,2026-03-20,es,"['Drama', 'Comedy']",1
77617,Detective Conan: Quarter of Silence,0,42808575,109,7.6027,7.1,158,2011-04-16,ja,"['Animation', 'Action', 'Crime', 'Mystery']",6
268920,Hot Pursuit,35000000,51680201,87,7.6015,5.741,1769,2015-05-08,en,"['Action', 'Comedy']",3
11866,Flight of the Phoenix,45000000,21009180,113,7.6014,6.008,975,2004-12-17,en,"['Action', 'Adventure', 'Drama']",4
467938,Revenge,2900000,938055,108,7.6005,6.507,2180,2017-11-18,fr,"['Action', 'Horror', 'Thriller', 'Drama']",6
507244,Afterburn,60000000,1319121,106,7.6013,6.215,349,2025-08-20,en,"['Action', 'Science Fiction', 'Comedy']",4
499546,We,0,0,100,7.5952,5.3,125,2018-07-12,nl,"['Crime', 'Drama', 'History']",1
11846,Father of the Bride,20000000,129000000,105,7.5949,6.48,1563,1991-12-20,en,"['Comedy', 'Romance']",3
146238,Runner Runner,30000000,62600000,91,7.5924,5.637,1349,2013-09-24,en,"['Crime', 'Thriller', 'Drama']",6
2310,Beowulf,160000000,195735876,115,7.592,5.926,3170,2007-11-05,en,"['Adventure', 'Action', 'Animation']",2
1523,The Last King of Scotland,6000000,48600000,123,7.5908,7.407,2466,2006-09-27,en,['Drama'],7
429300,Adrift,35000000,59945012,96,7.5901,6.834,2743,2018-05-31,en,"['Thriller', 'Romance', 'Adventure']",4
874,A Man for All Seasons,3900000,28350000,120,7.59,7.32,517,1966-12-13,en,"['Drama', 'History']",1
71859,We Need to Talk About Kevin,7000000,10800000,113,7.589,7.529,3215,2011-09-28,en,"['Drama', 'Thriller']",12
438674,Dragged Across Concrete,15000000,660132,159,7.5884,6.609,1179,2019-02-21,en,"['Crime', 'Action', 'Thriller']",7
11336,The Dead Zone,10000000,20766616,103,7.5887,7.011,1913,1983-10-21,en,"['Thriller', 'Horror', 'Science Fiction']",2
274,The Silence of the Lambs,19000000,272742922,119,7.586,8.345,18587,1991-02-14,en,"['Crime', 'Thriller', 'Drama']",3
137093,Last Vegas,28000000,134400000,105,7.5843,6.398,2329,2013-10-31,en,['Comedy'],6
1040,The Leopard,0,0,186,7.5836,7.72,983,1963-03-27,it,['Drama'],3
1319965,All of You,0,0,98,7.5831,6.397,189,2025-09-26,en,"['Romance', 'Drama']",3
151960,Planes,50000000,219788712,91,7.5826,5.9,1881,2013-08-09,en,"['Animation', 'Family', 'Adventure', 'Comedy']",1
6723,The Rookie,10000000,21600000,121,7.5803,5.9,644,1990-12-07,en,"['Action', 'Crime', 'Drama', 'Thriller']",2
1032892,In the Blink of an Eye,0,0,94,7.5801,5.855,176,2026-01-26,en,"['Science Fiction', 'Drama']",2
522039,The Last Black Man in San Francisco,0,2975184,121,7.5801,6.968,378,2019-06-07,en,['Drama'],3
121856,Assassin's Creed,125000000,240700000,116,7.58,5.447,8273,2016-12-21,en,"['Action', 'Adventure', 'Science Fiction']",4
10947,High School Musical,4200000,3746,98,7.5799,6.545,4858,2006-01-20,en,"['Comedy', 'Family', 'TV Movie', 'Music', 'Romance']",2
13910,Death Defying Acts,20000000,8380329,97,7.5776,5.9,288,2007-09-13,en,"['Drama', 'Romance']",5
1371727,Sing: Thriller,0,0,11,7.5786,7.1,227,2024-10-15,en,"['Animation', 'Comedy', 'Fantasy', 'Music', 'Family']",3
12599,Pokémon the Movie 2000,30000000,133949270,84,7.5774,6.748,972,1999-07-17,ja,"['Adventure', 'Fantasy', 'Animation', 'Science Fiction', 'Family']",10
549294,Synchronic,0,1019041,102,7.5762,6.334,1164,2020-10-23,en,"['Horror', 'Science Fiction', 'Thriller']",5
21734,Shadow of a Doubt,0,0,108,7.5752,7.5,1193,1943-01-15,en,"['Thriller', 'Mystery', 'Crime']",2
1280672,One of Them Days,14000000,51896264,97,7.5753,6.667,314,2025-01-16,en,['Comedy'],5
605722,Long Distance,0,0,87,7.5749,6.6,302,2024-07-12,en,"['Science Fiction', 'Comedy', 'Action']",3
15373,Role Models,28000000,92380927,99,7.5744,6.484,2224,2008-11-07,en,['Comedy'],3
375846,Bad Sister,0,0,85,7.5739,6.6,259,2015-08-24,en,"['Thriller', 'TV Movie']",3
529216,Mirage,0,17325485,129,7.5689,7.456,2067,2018-11-30,es,"['Thriller', 'Drama', 'Mystery', 'Fantasy']",4
580175,Another Round,5150000,21700000,117,7.5681,7.627,3952,2020-09-24,da,"['Comedy', 'Drama']",5
11400,The New World,30000000,30500000,151,7.567,6.508,1325,2005-12-25,en,"['Drama', 'History', 'Romance']",2
951,Kindergarten Cop,15000000,201957688,111,7.5655,6.141,2916,1990-12-21,en,['Comedy'],2
243684,"Men, Women & Children",16000000,1700000,116,7.564,6.512,1002,2014-10-17,en,"['Drama', 'Comedy']",2
809107,Z-O-M-B-I-E-S 3,36000000,0,88,7.5638,7.3,450,2022-07-09,en,"['Fantasy', 'Comedy', 'Family', 'TV Movie']",3
663260,Black Box,10722240,9738741,130,7.5632,7.32,1494,2021-09-08,fr,"['Mystery', 'Thriller', 'Drama']",3
567604,Once Upon a Deadpool,110000000,51349833,118,7.5628,7.1,873,2018-12-11,en,"['Action', 'Comedy', 'Adventure']",4
7840,"10,000 BC",105000000,269784201,109,7.5609,5.517,3261,2008-03-04,en,"['Adventure', 'Action', 'Drama', 'Fantasy']",5
487558,BlacKkKlansman,15000000,93411426,136,7.5604,7.486,8294,2018-08-09,en,"['Crime', 'Comedy', 'Drama', 'History']",6
9703,The Last Legion,67000000,25303038,102,7.5591,5.609,875,2007-04-19,en,"['Action', 'Adventure', 'Fantasy', 'War']",9
1209288,Justice League: Crisis on Infinite Earths Part Two,0,0,94,7.5576,6.7,306,2024-04-22,en,"['Animation', 'Science Fiction', 'Action']",2
10199,The Tale of Despereaux,60000000,87000000,93,7.5576,6.151,1049,2008-12-18,en,"['Adventure', 'Animation', 'Family']",1
814757,Empire of Light,13500000,11395604,115,7.5563,6.613,650,2022-12-09,en,"['Drama', 'Romance']",3
1120911,Saturday Night,25000000,10055029,109,7.5551,6.66,409,2024-09-27,en,"['Comedy', 'Drama']",3
541134,The Good Nurse,0,0,121,7.5548,6.869,1512,2022-10-19,en,"['Drama', 'Crime', 'Mystery']",2
1364,Sex and Lucía,0,7640680,128,7.5542,6.701,664,2001-08-24,es,"['Drama', 'Romance']",2
632617,C'mon C'mon,8300000,4300000,110,7.5533,7.143,799,2021-11-19,en,['Drama'],2
109,Three Colors: White,0,1273525,92,7.5494,7.431,1379,1994-01-26,fr,"['Comedy', 'Drama', 'Mystery']",4
11873,The Color of Money,13800000,52293982,119,7.5451,6.85,1592,1986-10-17,en,['Drama'],2
897192,Diary of a Wimpy Kid: Rodrick Rules,0,0,74,7.5482,6.823,200,2022-12-01,en,"['Animation', 'Comedy', 'Family']",2
1027073,In the Land of Saints and Sinners,0,0,106,7.543,6.435,649,2023-10-06,en,"['Action', 'Thriller', 'Crime']",7
26123,American Pie Presents: The Book of Love,8000000,5021219,93,7.5422,5.257,1867,2009-12-02,en,['Comedy'],1
845,Strangers on a Train,1200000,7000000,101,7.5418,7.7,1944,1951-06-27,en,"['Crime', 'Thriller', 'Drama']",2
926008,The Beanie Bubble,0,0,110,7.5413,6.4,164,2023-07-21,en,"['Comedy', 'Drama']",2
270774,Skiptrace,32000000,136579287,107,7.538,5.8,791,2016-07-21,en,"['Action', 'Adventure', 'Crime', 'Comedy']",13
49948,Fantasia 2000,80000000,60655420,74,7.5378,6.971,1398,2000-01-01,en,"['Animation', 'Family', 'Music']",2
925,Do the Right Thing,6500000,37300000,120,7.5369,7.771,2091,1989-06-14,en,['Drama'],2
527729,Asterix: The Secret of the Magic Potion,36000000,74488686,85,7.5363,6.849,1346,2018-05-12,fr,"['Family', 'Animation', 'Comedy', 'Adventure']",2
8923,Green Street Hooligans,4737249,4333271,109,7.5353,7.28,2652,2005-09-09,en,"['Crime', 'Drama']",3
847,Willow,35000000,57300000,126,7.5356,7.0,2268,1988-05-20,en,"['Fantasy', 'Adventure', 'Action']",2
393624,Official Secrets,0,10100000,112,7.5301,7.221,1161,2019-08-30,en,"['Thriller', 'History', 'Drama']",4
855435,Faces of Death,7400000,2610000,97,7.5278,5.683,145,2026-04-10,en,"['Horror', 'Crime']",3
930600,The Deliverance,0,0,111,7.5276,6.0,594,2024-08-16,en,"['Horror', 'Thriller']",3
1014590,Upgraded,0,0,104,7.5272,7.181,1058,2024-02-07,en,"['Romance', 'Comedy']",5
431,Cube,257899,8969065,90,7.5269,6.8,5410,1998-07-11,en,"['Thriller', 'Science Fiction', 'Mystery']",2
10336,Spawn,40000000,87840042,96,7.5267,5.473,1547,1997-07-31,en,"['Action', 'Adventure', 'Fantasy', 'Horror', 'Science Fiction', 'Thriller']",4
592695,Pleasure,1800000,393824,108,7.5258,6.263,828,2021-10-08,sv,['Drama'],8
85350,Boyhood,4000000,48137666,165,7.5252,7.491,5655,2014-06-05,en,['Drama'],2
11371,The Score,68000000,113579918,124,7.5245,6.7,1959,2001-07-13,en,"['Action', 'Crime', 'Thriller', 'Mystery', 'Drama']",6
778855,Chickenhare and the Hamster of Darkness,20000000,10885116,91,7.524,7.2,293,2022-02-16,en,"['Animation', 'Adventure', 'Comedy', 'Family', 'Fantasy']",5
8373,Transformers: Revenge of the Fallen,200000000,836304167,150,7.5245,6.2,9439,2009-06-19,en,"['Science Fiction', 'Action', 'Adventure']",5
470114,24 Hours to Live,0,5800000,94,6.9062,5.976,735,2017-10-26,en,"['Action', 'Science Fiction', 'Thriller', 'Mystery']",3
325348,Hardcore Henry,2000000,16810562,97,7.1679,6.43,2785,2015-09-12,en,"['Action', 'Adventure', 'Science Fiction']",4
317557,Queen of Katwe,15000000,10367161,124,7.1016,7.226,482,2016-09-23,en,['Drama'],2
10650,Sudden Impact,22000000,150000000,117,7.2946,6.55,1046,1983-12-08,en,"['Thriller', 'Crime', 'Action', 'Drama']",2
704673,Trigger Warning,0,0,106,7.2677,5.656,601,2024-06-20,en,['Action'],2
9726,A Good Year,35000000,42064105,117,7.2539,6.694,1694,2006-09-09,en,"['Comedy', 'Drama', 'Romance']",4
805327,Look Both Ways,0,0,110,7.169,6.8,735,2022-08-16,en,"['Romance', 'Drama', 'Comedy']",2
20829,Funny People,75000000,71600000,146,7.0023,5.9,1479,2009-07-30,en,"['Comedy', 'Drama']",5
11442,Halloween: Resurrection,13000000,37664958,89,6.9036,4.599,1456,2002-07-01,en,"['Horror', 'Thriller']",4
426426,Roma,15000000,1140769,135,6.8838,7.614,4194,2018-11-21,es,['Drama'],2
9357,One Hour Photo,12000000,52223306,96,7.0203,6.669,2001,2002-08-21,en,"['Drama', 'Thriller']",5
1140535,Presence,2000000,11069405,84,6.9769,6.104,824,2025-01-17,en,"['Horror', 'Thriller', 'Drama']",2
532639,Pinocchio,150000000,0,105,7.4948,6.248,1787,2022-09-07,en,"['Fantasy', 'Adventure', 'Family']",3
623491,The Babysitter: Killer Queen,0,0,101,7.488,6.303,1914,2020-09-10,en,"['Comedy', 'Horror']",2
9823,Mortal Kombat: Annihilation,30000000,51376861,95,7.4862,4.565,1411,1997-11-11,en,"['Action', 'Fantasy', 'Science Fiction']",2
457335,Guns Akimbo,15000000,835102,98,7.4858,6.4,2662,2020-02-27,en,"['Action', 'Comedy', 'Thriller']",10
1968,Fools Rush In,20000000,42000000,109,7.4855,6.495,626,1997-02-14,en,"['Comedy', 'Drama', 'Romance']",1
201,Star Trek: Nemesis,60000000,67336470,116,7.4851,6.309,1657,2002-12-13,en,"['Science Fiction', 'Action', 'Adventure', 'Thriller']",2
31867,Repo Men,32000000,18409891,111,7.4833,6.34,2197,2010-03-18,en,"['Action', 'Science Fiction', 'Thriller', 'Crime']",3
999243,Hell of a Summer,3000000,3182680,88,7.4846,5.546,194,2025-04-03,en,"['Horror', 'Comedy', 'Mystery']",3
99,All About My Mother,5000000,67958231,101,7.483,7.602,2121,1999-04-16,es,"['Comedy', 'Drama']",3
12589,Jimmy Neutron: Boy Genius,25000000,80936232,83,7.4816,6.1,1044,2001-12-14,en,"['Family', 'Comedy', 'Adventure', 'Animation', 'Science Fiction']",4
585378,After Yang,0,131465,96,7.481,6.426,552,2022-03-04,en,"['Science Fiction', 'Drama']",3
1096197,No Way Up,0,0,90,7.4799,6.219,1149,2024-01-18,en,"['Thriller', 'Horror', 'Action']",5
24128,Stop Making Sense,1200000,12471520,88,7.4798,8.3,395,1984-10-19,en,"['Documentary', 'Music']",2
196867,Annie,65000000,136853506,118,7.4792,6.238,1385,2014-12-18,en,"['Comedy', 'Drama', 'Family']",4
26688,Sorority Row,12500000,27206120,101,7.4765,5.557,627,2009-09-09,en,"['Horror', 'Mystery']",3
10027,Unleashed,45000000,50871113,103,7.4757,6.961,2286,2005-02-02,en,"['Action', 'Crime']",5
10285,Jason Goes to Hell: The Final Friday,3000000,15935068,88,7.4762,4.586,1145,1993-08-13,en,"['Horror', 'Thriller']",1
4192,Death on the Nile,7920000,14560084,140,7.4747,7.157,957,1978-09-29,en,['Mystery'],2
636706,Spaceman,40000000,0,108,7.4694,6.69,1127,2024-02-23,en,"['Science Fiction', 'Adventure', 'Drama']",3
955916,Lift,0,0,107,7.4714,6.437,1513,2024-01-10,en,"['Action', 'Comedy', 'Crime']",3
14863,Anaconda 3: Offspring,0,0,91,7.4678,4.6,390,2008-10-23,en,"['Horror', 'Adventure', 'Thriller', 'TV Movie']",3
856289,Creation of the Gods I: Kingdom of Storms,85000000,369081777,148,7.4673,7.07,507,2023-07-15,zh,"['Action', 'Fantasy', 'War']",5
51608,The Man from Nowhere,1255000,43059790,119,7.4662,7.701,1571,2010-08-04,ko,"['Action', 'Thriller', 'Crime']",4
9013,Midnight Run,30000000,38413606,126,7.4643,7.181,1350,1988-07-20,en,"['Comedy', 'Crime', 'Thriller']",2
672322,Rurouni Kenshin: The Beginning,0,0,138,7.4618,7.7,566,2021-06-04,ja,"['Action', 'Adventure', 'Drama', 'Romance']",6
1059128,Queer,53400000,5450715,138,7.4608,6.515,578,2024-11-27,en,"['Drama', 'Romance']",3
526007,The Night Clerk,0,302127,90,7.461,6.177,939,2020-02-19,en,"['Thriller', 'Crime', 'Drama']",4
333348,Love the Coopers,17000000,42426912,107,7.4607,6.006,879,2015-11-12,en,"['Comedy', 'Family', 'Drama']",4
10911,The Guns of Navarone,6000000,28900000,160,7.4581,7.293,913,1961-04-27,en,"['Adventure', 'Drama', 'War']",2
11033,Dressed to Kill,6500000,31899000,105,7.4573,6.948,1172,1980-07-25,en,"['Thriller', 'Mystery', 'Horror']",2
38319,Your Highness,49900000,28013733,102,7.4572,5.313,1498,2011-04-08,en,"['Comedy', 'Fantasy', 'Adventure', 'Action', 'Romance']",3
23566,Barbie and the Three Musketeers,0,0,81,7.4568,7.3,739,2009-09-15,en,"['Animation', 'Family']",2
1412,"sex, lies, and videotape",1200000,24741667,101,7.4529,6.96,1090,1989-08-04,en,['Drama'],1
110,Three Colors: Red,0,4127033,100,7.4519,7.883,1607,1994-05-12,fr,"['Drama', 'Mystery', 'Romance']",5
5721,Vixen!,73000,8000000,72,7.4516,5.5,115,1968-10-15,en,['Drama'],3
9564,Asterix and Obelix Take On Caesar,48500000,101644060,109,7.4496,6.011,2093,1999-02-03,fr,"['Family', 'Adventure', 'Comedy', 'Fantasy']",6
9457,Deep Rising,45000000,11203026,106,7.449,6.2,859,1998-01-30,en,"['Adventure', 'Action', 'Horror', 'Science Fiction']",3
1662317,The Crash,0,0,95,7.4479,6.856,188,2026-05-14,en,"['Documentary', 'Crime']",1
9333,Last Man Standing,67000000,47267001,101,7.4468,6.384,1047,1996-09-20,en,"['Action', 'Crime', 'Drama', 'Western']",3
71469,The Darkest Hour,30000000,64626786,89,7.4466,5.3,1633,2011-12-22,en,"['Horror', 'Action', 'Thriller', 'Science Fiction']",5
12289,Red Cliff,80341000,250100000,145,7.4432,7.113,920,2008-07-10,zh,"['Adventure', 'Drama', 'History', 'Action', 'War']",8
27573,The Bounty Hunter,40000000,136300000,110,7.4425,5.856,3131,2010-03-16,en,"['Action', 'Comedy', 'Romance']",3
94365,The Human Centipede 3 (Final Sequence),0,16184,103,7.4406,3.727,886,2015-05-22,en,"['Horror', 'Comedy']",3
755812,"Miraculous World: New York, United HeroeZ",0,0,61,7.4394,8.077,1136,2020-09-25,fr,"['Animation', 'Family', 'Action', 'Adventure', 'TV Movie']",2
38322,"Big Mommas: Like Father, Like Son",32000000,82686066,107,7.4388,5.5,1328,2011-02-16,en,"['Crime', 'Comedy', 'Action']",7
11887,High School Musical 3: Senior Year,11000000,252909177,112,7.4364,6.539,3650,2008-10-11,en,"['Comedy', 'Drama', 'Family']",2
9697,Lady in the Water,70000000,72785169,110,7.4362,5.6,1549,2006-07-19,en,"['Drama', 'Fantasy', 'Mystery']",3
1128655,The Surfer,0,0,100,7.4345,5.706,386,2025-04-11,en,"['Drama', 'Thriller']",6
579583,The King of Staten Island,35000000,2200000,137,7.4334,6.98,1178,2020-07-22,en,"['Comedy', 'Drama']",2
9691,Assassins,50000000,30303072,132,7.4353,6.497,1787,1995-10-06,en,"['Action', 'Adventure', 'Crime', 'Thriller']",3
820446,Downton Abbey: A New Era,40000000,92651384,124,7.4299,7.224,638,2022-04-27,en,"['Drama', 'Romance']",2
36095,Cure,20000,234821,111,7.4291,7.6,890,1997-12-27,ja,"['Horror', 'Mystery', 'Crime', 'Thriller']",2
9463,Vampire Hunter D,0,0,80,7.4269,6.6,558,1985-12-21,ja,"['Animation', 'Fantasy', 'Horror']",8
549053,Last Christmas,30000000,121600000,103,7.4248,7.185,2691,2019-11-07,en,"['Comedy', 'Drama', 'Romance']",3
489925,Eighth Grade,2000000,13539709,94,7.4221,7.1,1722,2018-01-19,en,"['Comedy', 'Drama']",3
14069,The Girl Who Leapt Through Time,0,3478290,98,7.4178,7.772,2320,2006-07-15,ja,"['Fantasy', 'Animation', 'Drama', 'Science Fiction']",7
653349,Vacation Friends,0,0,103,7.4176,7.006,926,2021-08-27,en,['Comedy'],2
38745,Gulliver's Travels,112000000,237382724,85,7.4144,5.227,2621,2010-12-23,en,"['Family', 'Comedy', 'Adventure', 'Fantasy']",4
26171,Everybody's Fine,21000000,16443609,99,7.4132,6.835,1134,2009-12-04,en,['Drama'],3
59965,Abduction,35000000,82087155,106,7.4161,5.84,3088,2011-09-22,en,"['Thriller', 'Action', 'Mystery']",4
1086260,The Astronaut,0,0,90,7.4114,6.125,457,2025-09-26,en,"['Horror', 'Science Fiction', 'Thriller']",3
1155089,Justice League: Crisis on Infinite Earths Part One,0,0,93,7.4065,7.222,433,2024-01-08,en,"['Animation', 'Science Fiction', 'Action']",2
35056,Date Night,55000000,152300000,88,7.4068,6.118,3153,2010-04-08,en,"['Comedy', 'Action', 'Adventure']",3
39108,Dragon Ball Z: Wrath of the Dragon,0,11694663,51,7.4064,7.3,818,1995-07-15,ja,"['Animation', 'Action', 'Science Fiction']",3
80035,The Watch,68000000,68267862,102,7.4057,5.6,2547,2012-07-26,en,"['Comedy', 'Action', 'Science Fiction']",1
643215,Asterix & Obelix: The Middle Kingdom,72000000,46497678,111,7.4032,4.8,1208,2023-02-01,fr,"['Family', 'Comedy', 'Adventure', 'Fantasy']",7
2925,The First Wives Club,26000000,116400000,102,7.4028,6.7,850,1996-09-20,en,['Comedy'],1
581600,Spenser Confidential,0,0,110,7.4017,6.5,2584,2020-03-06,en,"['Comedy', 'Action', 'Thriller']",4
347751,13 Cameras,0,0,87,7.4009,5.0,170,2016-04-15,en,"['Horror', 'Crime', 'Thriller']",2
10653,The Seven Year Itch,1800000,12000000,105,7.401,7.0,1023,1955-06-03,en,"['Comedy', 'Romance']",2
370755,Paterson,5000000,2152738,118,7.3985,7.119,2129,2016-11-17,en,"['Drama', 'Comedy', 'Romance']",4
11637,Are We There Yet?,32000000,97918663,95,7.3961,5.725,1092,2005-01-20,en,"['Family', 'Adventure', 'Comedy', 'Romance']",2
109421,Side Effects,30000000,63414135,106,7.3958,6.617,3408,2013-02-07,en,"['Thriller', 'Crime', 'Drama']",2
517814,Capernaum,4000000,64978931,126,7.3945,8.147,2046,2018-09-20,ar,['Drama'],8
524369,The Many Saints of Newark,50000000,13037403,120,7.3938,6.292,789,2021-09-22,en,"['Crime', 'Drama']",3
916192,"The Tunnel to Summer, the Exit of Goodbyes",0,872000,83,7.3918,7.735,306,2022-09-09,ja,"['Animation', 'Drama', 'Romance', 'Fantasy', 'Science Fiction']",6
466622,The Rhythm Section,50000000,5989583,109,7.3914,5.513,677,2020-01-31,en,"['Action', 'Thriller']",7
1069905,Jay Kelly,0,0,132,7.3901,6.127,474,2025-11-14,en,"['Drama', 'Comedy']",3
246127,Every Thing Will Be Fine,12000000,554953,118,7.3856,5.435,237,2015-04-02,en,['Drama'],5
993784,Lisa Frankenstein,13400000,9927714,102,7.3901,6.4,625,2024-02-07,en,"['Horror', 'Comedy', 'Romance']",3
4105,Black Rain,30000000,134212055,125,7.3854,6.573,1300,1989-09-22,en,"['Drama', 'Action', 'Thriller']",4
807196,Boiling Point,0,0,92,7.3827,7.25,815,2021-07-05,en,"['Drama', 'Thriller']",11
460885,Mandy,6000000,1653784,122,7.3848,6.213,2254,2018-09-13,en,"['Fantasy', 'Action', 'Horror']",6
10376,The Legend of 1900,9000000,21057208,170,7.3766,8.23,2502,1998-10-28,it,"['Drama', 'Music']",2
59678,Attack the Block,13000000,6333688,88,7.3764,6.465,2360,2011-05-11,en,"['Action', 'Comedy', 'Science Fiction']",7
650783,The Comeback Trail,25000000,0,104,7.3711,5.8,382,2020-11-12,en,"['Comedy', 'Crime']",11
860,WarGames,12000000,124600000,114,7.3705,7.07,2266,1983-06-03,en,"['Drama', 'Science Fiction', 'Thriller']",2
36419,After.Life,4500000,3606395,103,7.3688,6.335,1278,2009-11-07,en,"['Drama', 'Horror', 'Mystery', 'Thriller']",3
6520,First Knight,55000000,127600435,134,7.3688,6.092,1380,1995-07-07,en,"['Action', 'Adventure', 'Drama', 'Romance']",3
11509,Silverado,23000000,32192570,133,7.3676,6.9,854,1985-07-10,en,"['Western', 'Action', 'Drama']",1
826510,Harold and the Purple Crayon,40000000,32227855,90,7.3733,6.547,392,2024-07-31,en,"['Family', 'Comedy', 'Adventure', 'Fantasy']",3
546121,Run,1000000,5491510,90,7.3606,7.2,2995,2020-11-20,en,"['Thriller', 'Horror', 'Drama']",1
505262,My Hero Academia: Two Heroes,12000000,27507549,96,7.3603,7.9,1148,2018-08-03,ja,"['Animation', 'Action', 'Adventure', 'Fantasy']",8
59861,Larry Crowne,30000000,75055070,98,7.3595,5.994,1454,2011-06-30,en,"['Comedy', 'Romance', 'Drama']",2
22620,Scooby-Doo! The Mystery Begins,0,13000000,82,7.3587,6.394,744,2009-09-13,en,"['Mystery', 'Comedy', 'Fantasy']",1
366924,Batman: Bad Blood,3500000,0,74,7.3568,7.0,1019,2016-01-19,en,"['Science Fiction', 'Action', 'Animation', 'Adventure', 'Crime']",2
11439,The Ghost Writer,45000000,60300000,128,7.3565,6.815,2540,2010-02-12,en,"['Thriller', 'Mystery']",5
147773,The Way Way Back,4600000,23198652,103,7.3553,7.129,2013,2013-06-06,en,"['Comedy', 'Drama']",3
98567,Chinese Zodiac,26000000,171339013,123,7.365,6.2,926,2012-12-20,cn,"['Action', 'Adventure']",7
1537,Changing Lanes,45000000,94935764,98,7.3542,6.3,1264,2002-04-07,en,"['Thriller', 'Drama']",3
36239,Slaughtered Vomit Dolls,100000,0,71,7.3532,3.9,121,2006-02-14,en,['Horror'],1
513691,The Debt Collector,3000000,28645,96,7.3675,5.837,263,2018-06-05,en,"['Action', 'Comedy']",3
1186532,The Forge,5000000,40392664,123,7.3499,8.201,359,2024-08-22,en,"['Drama', 'Family']",3
38303,You Again,20000000,32054369,105,7.3498,6.279,1330,2010-09-23,en,"['Comedy', 'Romance']",3
823452,The Boys in the Boat,40000000,54401583,123,7.3496,7.241,384,2023-12-25,en,"['Drama', 'History']",3
11092,Presumed Innocent,22000000,221303188,127,7.3465,6.814,853,1990-07-27,en,"['Mystery', 'Crime', 'Thriller']",2
65496,Student Services,0,0,101,7.3462,5.3,147,2010-01-18,fr,['Drama'],1
13156,Secondhand Lions,0,48260279,111,7.3412,7.235,863,2003-09-19,en,"['Family', 'Comedy', 'Drama']",2
300673,The Finest Hours,80000000,52099090,117,7.3402,6.598,1804,2016-01-27,en,"['Action', 'Drama', 'History', 'Thriller']",4
347201,Boruto: Naruto the Movie,0,38362448,95,7.336,7.5,1675,2015-08-07,ja,"['Adventure', 'Action', 'Animation', 'Comedy', 'Fantasy']",8
948713,The Last Kingdom: Seven Kings Must Die,0,0,111,7.3356,7.222,898,2023-04-14,en,"['Action', 'Adventure', 'War']",2
100241,"I, Frankenstein",65000000,76801179,92,7.3353,5.385,2116,2014-01-22,en,"['Horror', 'Thriller']",4
1317088,The Assessment,8000000,279328,114,7.3343,6.849,492,2025-03-21,en,"['Science Fiction', 'Drama', 'Thriller']",6
3489,88 Minutes,30000000,32593385,108,7.3289,5.777,1224,2007-02-14,en,"['Thriller', 'Mystery']",5
15849,The Mummy,196000,1408,73,7.3309,6.7,729,1932-12-22,en,['Horror'],1
519010,Pain and Glory,10769016,37359689,114,7.3287,7.369,1958,2019-03-22,es,['Drama'],2
812037,Last Summer,0,1022551,104,7.3283,6.06,258,2023-09-13,fr,['Drama'],1
169881,The Physician,36000000,57284237,155,7.3265,7.342,1222,2013-12-25,en,"['Adventure', 'Drama', 'History']",6
1396,Mirror,825000,124367,107,7.3264,7.935,1134,1975-03-07,ru,"['Drama', 'History']",1
272693,The DUFF,8500000,43528634,100,7.3262,6.8,4515,2015-02-20,en,"['Romance', 'Comedy']",3
663,Saw IV,10000000,139352653,93,7.3262,6.17,4243,2007-10-25,en,"['Horror', 'Thriller', 'Crime']",1
9890,The Stepford Wives,90000000,102000000,93,7.3221,5.681,1470,2004-06-10,en,"['Comedy', 'Science Fiction', 'Horror']",4
24122,The Rebound,0,21791288,95,7.3199,6.506,988,2009-09-16,en,"['Romance', 'Comedy']",2
6439,Racing Stripes,30000000,90754475,102,7.3195,5.951,700,2005-01-06,en,"['Comedy', 'Family']",1
1717,All the King's Men,55000000,9450897,128,7.3164,5.8,346,2006-09-10,en,"['Drama', 'Thriller']",5
4380,Shall We Dance?,50000000,170128460,106,7.3135,6.4,1324,2004-10-15,en,"['Drama', 'Romance', 'Comedy']",2
10510,Miracle on 34th Street,0,46264384,114,7.3132,6.8,1199,1994-11-18,en,"['Fantasy', 'Drama', 'Family']",2
172226,In Secret,0,0,101,7.3132,6.095,262,2014-02-21,en,"['Drama', 'Thriller', 'Crime', 'Romance']",5
10040,Miss Congeniality 2: Armed and Fabulous,0,101393569,115,7.3123,5.7,2024,2005-03-11,en,"['Action', 'Comedy']",3
2976,Hairspray,75000000,90450008,116,7.3111,6.668,2684,2007-07-19,en,"['Comedy', 'Romance', 'Drama']",3
619803,The Roundup,7600000,101166707,106,7.3106,7.332,469,2022-05-18,ko,"['Action', 'Crime', 'Thriller']",3
9353,Nacho Libre,35000000,99255460,92,7.3105,6.537,1930,2006-06-16,en,"['Comedy', 'Action', 'Family']",4
236751,Heaven Is for Real,12000000,101300000,99,7.3077,6.81,909,2014-04-16,en,['Drama'],3
10985,The New Guy,13000000,31200000,88,7.3065,5.986,684,2002-05-10,en,['Comedy'],3
484468,The Wolf's Call,22400000,12652790,116,7.3063,7.515,2205,2019-02-20,fr,"['Thriller', 'Action', 'Adventure']",4
470,21 Grams,20000000,60427839,124,7.3057,7.315,3505,2003-11-18,en,"['Drama', 'Crime', 'Thriller']",3
303991,Demolition,10000000,4366460,101,7.305,6.862,2633,2016-04-06,en,"['Comedy', 'Drama']",4
2623,An Officer and a Gentleman,7500000,129795554,124,7.3039,7.026,1239,1982-07-28,en,"['Drama', 'Romance']",2
12516,Dreams,12000000,2970161,119,7.3033,7.739,602,1990-05-11,ja,"['Fantasy', 'Drama']",4
304357,Woman in Gold,11000000,61619773,109,6.8676,7.266,1486,2015-03-20,en,['Drama'],2
52629,El Infierno,0,6703873,148,7.2489,7.962,820,2010-09-03,es,"['Action', 'Crime', 'Western', 'Comedy', 'Drama']",3
11375,Hollywood Homicide,75000000,51142659,116,7.2567,5.2,723,2003-06-09,en,"['Action', 'Adventure', 'Comedy', 'Thriller']",1
1007826,The Underdoggs,30000000,0,96,6.3417,7.0,220,2024-01-25,en,['Comedy'],5
20533,Jonah Hex,47000000,10539000,81,7.2196,4.98,1592,2010-06-18,en,"['Western', 'Fantasy', 'Thriller']",5
398173,The House That Jack Built,9800000,5566776,152,7.0669,7.11,3166,2018-10-04,en,"['Drama', 'Horror', 'Crime', 'Thriller']",8
8202,Æon Flux,62000000,53321673,93,7.0573,5.6,2555,2005-11-30,en,"['Science Fiction', 'Action', 'Thriller']",5
396461,Under the Silver Lake,8500000,2053469,139,7.2676,6.3,1686,2018-08-08,en,"['Crime', 'Drama', 'Mystery']",7
175168,Rape Zombie: Lust of the Dead,0,0,73,7.2183,6.4,262,2012-07-13,ja,"['Comedy', 'Horror']",4
739547,Thelma the Unicorn,0,0,93,7.0769,6.9,201,2024-05-17,en,"['Animation', 'Fantasy', 'Family']",1
1145725,Tyler Perry's Duplicity,0,0,109,7.0979,6.574,182,2025-03-19,en,"['Thriller', 'Drama']",1
867,Sliver,40000000,116300000,107,7.2114,5.576,845,1993-05-21,en,"['Drama', 'Thriller']",2
579,Jaws 2,20000000,187884000,117,7.2724,6.042,2194,1978-06-16,en,"['Horror', 'Thriller']",2
9610,Conan the Destroyer,18000000,31042035,103,7.2715,6.137,1745,1984-06-29,en,"['Adventure', 'Fantasy', 'Action']",2
1694,Re-Animator,900000,2027771,86,7.269,7.055,1738,1985-10-18,en,"['Science Fiction', 'Comedy', 'Horror']",1
71689,Phineas and Ferb the Movie: Across the 2nd Dimension,0,0,78,7.2682,7.113,624,2011-08-05,en,"['Action', 'Adventure', 'Animation', 'Comedy', 'Family', 'Science Fiction', 'TV Movie']",2
5123,August Rush,25000000,66122026,114,7.2668,7.43,2914,2007-11-21,en,"['Family', 'Drama', 'Music']",4
326,Snakes on a Plane,33000000,62022014,105,7.263,5.5,2061,2006-08-17,en,"['Action', 'Adventure', 'Crime', 'Thriller']",5
7984,In the Name of the Father,13000000,65796862,133,7.2608,7.887,2057,1993-12-27,en,['Drama'],1
26505,Arthur and the Revenge of Maltazard,87000000,52377611,93,7.2585,5.8,1817,2009-11-26,fr,"['Adventure', 'Fantasy', 'Animation', 'Family']",5
416477,The Big Sick,5000000,56303596,120,7.2545,7.322,2711,2017-03-30,en,"['Comedy', 'Drama', 'Romance']",3
18269,Lady and the Tramp II: Scamp's Adventure,0,0,69,7.2537,6.3,1341,2001-02-18,en,"['Animation', 'Family', 'Romance', 'Adventure']",2
11470,Jason X,11000000,17077882,91,7.2514,4.866,1571,2001-11-09,en,"['Horror', 'Science Fiction']",2
1632,Mississippi Burning,15000000,34604000,128,7.251,7.674,2034,1988-12-08,en,"['Drama', 'Crime', 'Mystery', 'Thriller']",2
83389,From Up on Poppy Hill,22000000,61037844,91,7.2501,7.513,2005,2011-07-16,ja,"['Animation', 'Drama']",7
401478,Death Race: Beyond Anarchy,0,0,111,7.2479,6.208,401,2018-10-02,en,"['Action', 'Thriller', 'Science Fiction']",4
9268,Eraser,100000000,242295562,115,7.2437,6.106,2126,1996-06-21,en,"['Action', 'Mystery', 'Thriller']",2
273271,Time Lapse,0,19572,104,7.2425,6.534,1458,2014-05-18,en,"['Thriller', 'Science Fiction', 'Mystery', 'Horror']",3
43549,The Experiment,21800000,0,96,7.2418,6.366,1363,2010-07-15,en,"['Thriller', 'Drama']",9
71864,The Odd Life of Timothy Green,25000000,56012642,105,7.2388,7.009,1280,2012-08-15,en,"['Fantasy', 'Drama', 'Comedy', 'Family']",1
1288072,Keeper,6000000,6223404,99,7.2397,5.678,359,2025-11-12,en,"['Horror', 'Mystery']",3
6312,Brotherhood of the Wolf,29000000,70800000,151,7.2382,6.737,1805,2001-01-31,fr,"['Adventure', 'Horror', 'Action', 'History']",4
157849,A Most Wanted Man,15000000,31554855,121,7.2338,6.47,1533,2014-07-25,en,['Thriller'],6
11931,In Her Shoes,0,83073883,130,7.2364,6.219,1337,2005-10-07,en,"['Comedy', 'Drama', 'Romance']",3
10651,The Dead Pool,20000000,37900000,91,7.2324,6.275,988,1988-07-13,en,"['Action', 'Crime', 'Drama', 'Thriller']",2
10648,Magnum Force,0,39768000,124,7.2321,7.123,1262,1973-12-13,en,"['Drama', 'Crime', 'Action']",2
2355,Reign Over Me,20000000,22222308,124,7.2307,7.215,1260,2007-03-22,en,['Drama'],4
820067,The Quintessential Quintuplets Movie,0,3670507,136,7.2302,8.29,457,2022-05-20,ja,"['Animation', 'Comedy', 'Romance']",10
428045,Iron Mask,49000000,8685794,121,7.2283,6.1,571,2019-08-16,ru,"['Action', 'Adventure', 'Family', 'Fantasy']",9
458344,"Juliet, Naked",0,0,97,7.2281,6.289,552,2018-08-16,en,"['Comedy', 'Drama', 'Romance']",3
74018,A Cinderella Story: Once Upon a Song,0,0,88,7.228,6.4,1060,2011-09-05,en,"['Comedy', 'Family', 'Romance', 'Drama']",1
1333141,Lesbian Space Princess,600000,133520,87,7.2278,3.7,232,2025-09-11,en,"['Animation', 'Comedy', 'Science Fiction', 'Adventure']",4
592984,Hillbilly Elegy,0,0,117,7.2265,6.667,1057,2020-11-09,en,['Drama'],1
10538,Passenger 57,15000000,44065653,84,7.2269,6.026,1176,1992-11-06,en,"['Action', 'Adventure', 'Thriller']",1
50321,Mars Needs Moms,150000000,39000000,88,7.2277,5.994,822,2011-03-09,en,"['Adventure', 'Animation', 'Family', 'Science Fiction']",2
680058,The Rescue,0,946634,107,7.2256,7.965,282,2021-10-08,en,"['Documentary', 'Drama']",8
16366,Joseph: King of Dreams,0,0,74,7.2249,6.93,1104,2000-11-07,en,"['Family', 'Animation', 'Drama']",2
25793,Precious: Based on the Novel 'Push' by Sapphire,10000000,47536959,110,7.2246,7.302,1829,2009-11-06,en,['Drama'],2
11829,Trinity Is Still My Name,0,2100000,118,7.2248,7.4,1034,1971-10-21,it,"['Comedy', 'Western']",1
10413,Nowhere to Run,15000000,64000000,94,7.2232,6.561,865,1993-01-15,en,"['Action', 'Drama', 'Thriller']",2
9101,Down Periscope,0,37553585,92,7.2244,6.409,554,1996-03-01,en,['Comedy'],1
73456,Barbie: Princess Charm School,0,0,79,7.2231,7.5,889,2011-08-11,en,"['Family', 'Animation', 'Fantasy']",2
9441,Stepmom,50000000,159710793,125,7.2223,7.2,1584,1998-12-25,en,"['Drama', 'Romance', 'Comedy']",3
492611,The Turning,14000000,19428166,94,7.2219,5.706,1052,2020-01-23,en,"['Horror', 'Thriller']",4
17445,Green Lantern: First Flight,3500000,0,75,7.221,6.9,522,2009-07-28,en,"['Action', 'Adventure', 'Science Fiction', 'Animation']",2
16577,Astro Boy,10000000,19551067,94,7.2207,6.3,1706,2009-10-15,en,"['Animation', 'Action', 'Family', 'Science Fiction']",3
235271,Addicted,0,17534314,105,7.2203,5.9,461,2014-10-10,en,"['Drama', 'Thriller']",2
2028,Say Anything...,16000000,20036737,100,7.2192,7.0,1172,1989-04-14,en,"['Romance', 'Comedy', 'Drama']",2
1281826,One Fast Move,0,0,107,7.2214,6.6,229,2024-08-07,en,"['Action', 'Drama', 'Romance']",2
1051896,Arcadian,0,1235594,92,7.2184,6.051,971,2024-04-12,en,"['Action', 'Horror', 'Science Fiction']",5
8066,Stay,50000000,8342132,99,7.2189,6.644,1601,2005-09-24,en,"['Mystery', 'Thriller', 'Drama']",3
1140498,Is This Thing On?,15000000,10134166,121,7.2175,6.535,213,2025-12-19,en,"['Comedy', 'Drama', 'Romance']",4
12193,Four Christmases,80000000,164112721,88,7.2146,5.817,1284,2008-11-26,en,"['Comedy', 'Romance', 'Drama']",4
72976,Lincoln,65000000,275300000,150,7.2161,6.84,4158,2012-11-09,en,"['History', 'Drama']",7
10083,No Way Out,15000000,35509515,114,7.214,6.856,856,1987-08-14,en,"['Thriller', 'Drama']",1
832,M,0,35274,110,7.2132,8.056,2554,1931-05-11,de,"['Drama', 'Thriller', 'Crime']",1
22971,Dear John,25000000,114977104,108,7.2121,6.83,4354,2010-02-04,en,"['Drama', 'Romance', 'War']",3
1014505,OVERLORD: The Sacred Kingdom,0,7614966,134,7.2122,7.841,214,2024-09-20,ja,"['Action', 'Adventure', 'Animation', 'Fantasy']",6
80280,[REC]³ Genesis,6400000,11019975,80,7.2108,5.346,1677,2012-03-30,es,['Horror'],1
109689,I Want You,0,24016152,123,7.2095,7.465,1990,2012-06-22,es,"['Drama', 'Romance']",5
19542,The Red Shoes,500000,10000000,133,7.2088,8.0,774,1948-09-06,en,"['Drama', 'Romance']",1
10766,Damien - Omen II,6800000,26518355,107,7.2083,6.407,862,1978-06-09,en,"['Horror', 'Thriller']",3
38684,Jane Eyre,13000000,34710627,120,7.2079,7.19,1605,2011-03-11,en,"['Drama', 'Romance']",4
9415,Murder at 1600,40000000,25804707,107,7.2064,6.098,620,1997-04-18,en,"['Action', 'Drama', 'Mystery', 'Thriller', 'Crime']",4
48231,A Dangerous Method,15000000,27462041,99,7.2062,6.35,2277,2011-09-30,en,['Drama'],6
1232827,The Girl with the Needle,0,470300,123,7.2055,7.58,402,2024-09-06,da,"['Drama', 'History']",6
1083968,Locked,20000000,4647059,95,7.2052,6.208,624,2025-03-20,en,"['Horror', 'Thriller']",13
1236419,Piece by Piece,16000000,10722792,94,7.2042,7.1,169,2024-10-10,en,"['Animation', 'Music', 'Documentary']",5
121824,Stand Up Guys,15000000,5100000,95,7.2031,6.038,1040,2012-12-14,en,"['Thriller', 'Comedy', 'Action', 'Crime']",3
103332,Ruby Sparks,8000000,9368803,104,7.2014,7.109,1842,2012-07-25,en,"['Comedy', 'Romance', 'Fantasy', 'Drama']",3
10431,War,25000000,40452643,103,7.1979,6.416,2126,2007-08-24,en,"['Action', 'Crime', 'Thriller']",5
10172,Are We Done Yet?,0,58400000,92,7.1979,5.8,702,2007-04-04,en,"['Family', 'Comedy']",4
8469,Animal House,2700000,141000000,109,7.196,6.947,1736,1978-07-28,en,['Comedy'],3
931,Don't Look Now,1500000,0,110,7.1942,6.921,1229,1973-10-11,en,"['Thriller', 'Drama', 'Horror']",2
46838,Tucker and Dale vs. Evil,5000000,5224938,89,7.1935,7.4,3320,2010-01-22,en,"['Comedy', 'Horror']",3
13939,Death Wish,3000000,76600000,93,7.1932,6.927,993,1974-07-24,en,"['Crime', 'Drama', 'Action']",2
11523,View from the Top,30000000,19526014,87,7.1908,5.6,621,2003-03-21,en,"['Comedy', 'Romance', 'Drama']",2
933131,Badland Hunters,0,0,107,7.1902,6.7,832,2024-01-26,ko,"['Action', 'Adventure', 'Thriller']",3
7442,Sleeping with the Enemy,19000000,175000000,99,7.19,6.52,1280,1991-01-13,en,"['Drama', 'Thriller']",2
399057,The Killing of a Sacred Deer,3000000,10700000,121,7.1842,7.005,4597,2017-10-20,en,"['Drama', 'Thriller', 'Mystery']",7
468,My Own Private Idaho,2500000,6400000,104,7.1827,7.0,1279,1991-02-01,en,['Drama'],2
13459,Barbie in 'A Christmas Carol',0,4496912,76,7.1823,7.2,594,2008-11-03,en,"['Animation', 'Family']",2
581644,The Misfits,0,0,94,7.1786,5.4,535,2021-06-03,en,"['Action', 'Thriller']",4
9760,Epic Movie,20000000,87238158,85,7.178,3.866,1746,2007-01-25,en,"['Comedy', 'Adventure', 'Fantasy']",4
97430,The Man with the Iron Fists,15000000,20546518,96,7.1765,5.518,1257,2012-11-02,en,['Action'],5
37768,Talcum Powder,0,0,97,7.1755,6.808,493,1982-01-22,it,['Comedy'],2
606234,Archive,0,243279,109,7.173,6.389,875,2020-08-13,en,"['Science Fiction', 'Drama', 'Thriller']",8
1064307,Spermageddon,3000000,1333332,80,7.1693,6.514,144,2024-12-28,no,"['Animation', 'Adventure', 'Fantasy', 'Comedy']",2
1373445,V/H/S/Halloween,0,0,115,7.1713,6.2,247,2025-09-19,en,"['Horror', 'Thriller']",7
332210,Storks,70000000,182379278,87,7.1674,6.7,2585,2016-09-22,en,"['Adventure', 'Animation', 'Comedy', 'Family']",4
638449,The Last Letter from Your Lover,0,1451974,110,7.167,7.329,683,2021-07-23,en,"['Drama', 'Romance']",2
340945,USS Indianapolis: Men of Courage,40000000,2158568,128,7.1656,5.865,680,2016-09-22,en,"['Action', 'War']",6
595743,SAS: Red Notice,0,0,120,7.1647,5.826,616,2021-08-11,en,"['Drama', 'Action', 'Thriller']",11
10974,Armour of God,0,16300000,97,7.1642,7.048,683,1986-08-16,cn,"['Adventure', 'Action', 'Comedy']",4
2665,Airplane II: The Sequel,15000000,27150534,84,7.1626,6.1,1317,1982-12-10,en,['Comedy'],1
10587,Police Academy 4: Citizens on Patrol,17000000,76800000,88,7.1616,5.518,1323,1987-04-02,en,"['Comedy', 'Crime']",1
616446,Brothers,0,0,89,7.1609,5.899,356,2024-10-10,en,"['Action', 'Comedy', 'Crime']",4
290512,The Mountain Between Us,35000000,62832209,109,7.1584,6.644,2591,2017-10-05,en,"['Drama', 'Adventure', 'Romance']",3
11644,Blow Out,18000000,12000000,108,7.1562,7.352,1760,1981-07-24,en,"['Crime', 'Mystery', 'Thriller']",4
859,Dangerous Liaisons,14000000,34670720,119,7.1562,7.209,1314,1988-12-21,en,"['Drama', 'Romance']",3
10303,The Jewel of the Nile,25000000,96800000,106,7.1542,6.215,1333,1985-08-01,en,"['Adventure', 'Action', 'Comedy', 'Romance']",3
1102493,Small Things Like These,3000000,12534032,99,7.1539,6.66,611,2024-11-01,en,['Drama'],4
11202,Patton,12000000,89800000,172,7.1527,7.444,1260,1970-01-25,en,"['War', 'Drama', 'History']",1
10718,Torque,40000000,46546197,84,7.1532,5.292,661,2004-01-16,en,"['Action', 'Comedy', 'Crime']",3
378,Raising Arizona,6000000,29180280,94,7.1525,7.055,2425,1987-03-13,en,"['Comedy', 'Crime']",1
205,Hotel Rwanda,17500000,38000000,122,7.1524,7.719,3292,2004-12-22,en,"['Drama', 'History', 'War']",8
520758,Chicken Run: Dawn of the Nugget,0,0,101,7.1513,6.939,949,2023-12-08,en,"['Family', 'Animation', 'Adventure', 'Comedy']",1
10436,The Age of Innocence,34000000,32255440,138,7.1513,7.0,1254,1993-09-10,en,"['Drama', 'Romance']",2
7735,The Wave,7500000,32350637,107,7.1507,7.5,3709,2008-03-13,de,"['Drama', 'Thriller']",4
70006,Never Back Down 2: The Beatdown,3000000,0,99,7.1467,6.5,712,2011-09-13,en,"['Drama', 'Action']",1
823766,The Wonder,0,0,108,7.1463,6.6,1019,2022-11-02,en,"['Drama', 'Mystery']",3
760741,Beast,36000000,56000000,93,7.1444,6.53,1820,2022-08-11,en,"['Action', 'Adventure', 'Horror', 'Thriller', 'Drama']",3
910571,Fair Play,0,0,113,7.144,6.359,667,2023-09-28,en,"['Drama', 'Thriller', 'Romance']",3
38199,Unthinkable,15000000,0,97,7.1408,6.822,1527,2010-05-26,en,"['Drama', 'Thriller']",5
8346,My Big Fat Greek Wedding,5000000,368744044,95,7.1404,6.495,2356,2002-04-19,en,"['Comedy', 'Drama', 'Romance']",4
22683,Gifted Hands: The Ben Carson Story,0,0,86,7.1375,7.8,809,2009-02-07,en,['Drama'],5
10877,Exit Wounds,33000000,79958599,101,7.136,5.9,606,2001-03-16,en,"['Action', 'Crime', 'Thriller']",4
9604,Red Heat,29000000,34994648,104,7.1347,6.238,1686,1988-06-17,en,"['Action', 'Crime']",3
7972,Before the Devil Knows You're Dead,18000000,25005257,117,7.1309,7.107,1815,2007-09-26,en,"['Crime', 'Drama', 'Thriller']",6
44040,Devil,10000000,33583175,80,7.134,6.102,3207,2010-09-16,en,"['Horror', 'Mystery', 'Thriller']",4
552688,The Mother,0,0,115,7.1291,6.607,1478,2023-05-04,en,"['Action', 'Thriller']",3
617762,The Electrical Life of Louis Wain,0,0,111,7.1288,6.902,558,2021-10-21,en,"['Drama', 'History', 'Comedy']",4
359412,Marauders,15000000,1616004,107,7.1285,5.82,733,2016-07-01,en,"['Action', 'Adventure', 'Crime', 'Thriller']",5
567690,Dear Evan Hansen,27500000,19133454,137,7.1282,6.22,386,2021-09-24,en,['Drama'],3
9874,Cobra,25000000,49042224,87,7.1275,6.166,2050,1986-05-22,en,"['Action', 'Crime', 'Thriller']",3
727745,The Kissing Booth 3,0,0,112,7.1252,6.858,2051,2021-08-11,en,"['Romance', 'Comedy']",3
504253,I Want to Eat Your Pancreas,0,33748006,108,7.1247,8.245,1860,2018-09-01,ja,"['Animation', 'Drama', 'Romance']",7
13477,When in Rome,55000000,43042835,91,7.1244,5.9,1304,2010-01-29,en,"['Comedy', 'Fantasy', 'Romance']",2
1713,Jungle Fever,14000000,32482682,132,7.1236,6.4,330,1991-06-07,en,"['Drama', 'Romance']",2
1245,The Remains of the Day,11500000,23240144,134,7.1221,7.357,1555,1993-11-05,en,"['Drama', 'Romance']",4
13389,Righteous Kill,60000000,79498846,101,7.1219,5.869,1406,2008-09-11,en,"['Crime', 'Thriller', 'Mystery', 'Drama']",6
11879,Near Dark,5000000,3400000,94,7.1189,6.841,919,1987-10-02,en,['Horror'],3
638507,How to Train Your Dragon: Homecoming,0,0,22,7.1182,8.0,1144,2019-12-03,en,"['Animation', 'Fantasy', 'Adventure', 'Family']",1
10589,After the Sunset,60000000,61300000,97,7.1177,6.185,905,2004-11-12,en,"['Action', 'Comedy', 'Crime', 'Drama']",4
17609,Antichrist,11000000,7413863,104,7.1164,6.609,2928,2009-05-20,en,"['Drama', 'Horror', 'Thriller']",14
10934,Under the Tuscan Sun,18000000,58878723,113,7.1152,6.896,1010,2003-09-20,en,"['Romance', 'Comedy']",3
2207,16 Blocks,55000000,65664721,105,7.1152,6.5,2182,2006-03-01,en,"['Action', 'Adventure', 'Crime', 'Thriller']",10
1227877,I Love Boosters,20000000,9204473,113,7.1137,6.183,115,2026-05-21,en,"['Comedy', 'Science Fiction', 'Crime']",7
873,The Color Purple,15000000,146300000,154,7.1128,7.723,2042,1985-12-18,en,"['Drama', 'History']",4
1375,Rocky V,42000000,119946358,104,7.1217,5.773,3588,1990-11-16,en,"['Drama', 'Action']",4
50022,Super Troopers 2,13500000,31626386,99,7.1127,5.9,550,2018-04-19,en,"['Comedy', 'Crime', 'Mystery']",4
6973,In the Valley of Elah,23000000,29541790,124,7.1097,6.781,1139,2007-09-14,en,"['History', 'Drama', 'Thriller', 'Crime', 'Mystery']",5
13161,Big Stan,7500000,8742330,109,7.1101,6.652,1111,2007-11-03,en,"['Comedy', 'Crime']",4
1397832,A Widow's Game,0,0,122,7.1092,6.3,301,2025-05-30,es,"['Thriller', 'Mystery']",1
21845,Rookie of the Year,31000000,56500758,103,7.1091,6.197,407,1993-07-07,en,"['Family', 'Comedy']",1
325789,The Infiltrator,28000000,21011110,127,7.1048,6.683,1876,2016-07-13,en,"['Crime', 'Drama', 'Thriller']",1
16270,Career Opportunities,6000000,11336986,83,7.1038,6.859,781,1991-03-29,en,"['Romance', 'Comedy']",1
16320,Serenity,39000000,38869464,119,7.1013,7.361,4013,2005-09-25,en,"['Science Fiction', 'Action', 'Adventure', 'Thriller']",2
619592,Force of Nature,15000000,638221,91,7.101,5.13,578,2020-07-02,en,"['Action', 'Crime', 'Thriller']",10
11453,Deuce Bigalow: European Gigolo,22000000,45109561,83,7.1,5.306,1060,2005-08-12,en,['Comedy'],3
1907,The Beach,40000000,144056873,119,7.0978,6.486,4834,2000-02-03,en,"['Drama', 'Adventure', 'Romance', 'Thriller']",1
11114,Pete's Dragon,10000000,0,128,7.0959,6.3,740,1977-11-03,en,"['Fantasy', 'Animation', 'Comedy', 'Family']",1
2517,Nobody Knows,0,0,141,7.0956,8.011,688,2004-08-07,ja,['Drama'],5
1687,Escape from the Planet of the Apes,2500000,12348905,98,7.0956,6.398,1283,1971-05-20,en,"['Action', 'Science Fiction']",2
845783,Baghead,0,6691851,95,7.0943,6.488,576,2023-12-28,en,['Horror'],4
9730,Friday the 13th: The Final Chapter,2600000,32984636,91,7.095,6.131,1570,1984-04-13,en,['Horror'],4
25188,The Last Picture Show,1300000,29133000,119,7.0874,7.617,806,1971-10-03,en,"['Drama', 'Romance']",2
479718,The Outlaws,5900000,52946454,121,7.0917,7.649,574,2017-10-03,ko,"['Action', 'Crime', 'Thriller']",2
599521,Z-O-M-B-I-E-S 2,0,0,84,7.086,7.4,519,2020-06-13,en,"['Fantasy', 'Romance', 'TV Movie']",2
618416,Penguin Bloom,0,0,95,7.0859,6.902,347,2021-01-21,en,['Drama'],6
242643,Batman: Assault on Arkham,0,4571025,76,7.0836,7.3,1217,2014-08-12,en,"['Thriller', 'Animation', 'Action', 'Crime']",2
182560,Dark Places,20000000,5090852,113,7.0829,5.946,1398,2015-04-08,en,"['Thriller', 'Mystery', 'Drama', 'Crime']",7
41233,Step Up 3D,30000000,159291809,107,7.0824,6.8,2050,2010-08-04,en,"['Drama', 'Romance']",2
9701,North Country,35000000,25224242,126,7.0822,7.3,760,2005-02-12,en,['Drama'],3
12102,Kramer vs. Kramer,8000000,106260000,105,7.0817,7.565,2554,1979-12-07,en,['Drama'],2
417644,CHiPs,25000000,26800152,101,7.0814,6.133,1422,2017-03-23,en,"['Action', 'Comedy', 'Crime']",2
339877,Loving Vincent,5500000,42187665,95,7.078,8.0,2663,2017-06-22,en,"['Animation', 'Drama', 'History']",5
9440,Primary Colors,65000000,52090187,143,7.0791,6.2,359,1998-03-20,en,"['Drama', 'Comedy']",7
1678,Godzilla,60000,2250000,96,7.0778,7.629,1175,1954-11-03,ja,"['Thriller', 'Horror', 'Science Fiction']",2
11950,Cannonball Run II,20000000,56278073,108,7.0772,5.4,362,1984-06-29,en,"['Action', 'Comedy']",3
770156,Lucy Shimmers and the Prince of Peace,0,0,87,7.076,8.4,380,2020-10-19,en,"['Drama', 'Family']",2
10658,Howard the Duck,37000000,38000000,110,7.074,5.5,1182,1986-08-01,en,"['Comedy', 'Adventure', 'Science Fiction']",2
13767,The Santa Clause 3: The Escape Clause,12000000,84500122,92,7.0708,5.576,1201,2006-11-02,en,"['Comedy', 'Family', 'Adventure']",4
768362,Missing,7000000,48767848,111,7.0706,7.373,1359,2023-01-19,en,"['Drama', 'Mystery', 'Thriller']",4
12110,Dracula: Dead and Loving It,30000000,10772144,88,7.0688,6.069,1151,1995-12-22,en,"['Comedy', 'Horror', 'Fantasy']",3
862552,The Ritual Killer,7000000,0,92,7.0699,5.8,381,2023-03-09,en,"['Mystery', 'Thriller', 'Action', 'Drama']",2
246741,What We Do in the Shadows,1600000,6300000,86,7.0684,7.542,4091,2014-06-19,en,"['Comedy', 'Horror']",5
1075794,Leo,0,0,102,7.0669,7.345,1411,2023-11-17,en,"['Animation', 'Comedy', 'Family']",2
1125899,Cleaner,0,1314073,97,7.0645,6.631,677,2025-02-19,en,"['Action', 'Thriller']",2
1230368,Springsteen: Deliver Me from Nowhere,55000000,45240624,120,7.0632,6.594,356,2025-10-22,en,"['Drama', 'Music']",5
411728,The Professor and the Madman,25000000,4957273,124,7.0629,7.115,1321,2019-03-07,en,"['History', 'Drama', 'Mystery', 'Thriller']",8
77949,The Awakening,4798235,6879667,107,7.061,6.4,1555,2011-08-17,en,"['Horror', 'Thriller', 'Mystery']",5
496,Borat: Cultural Learnings of America for Make Benefit Glorious Nation of Kazakhstan,18000000,262552893,84,7.0613,6.789,6197,2006-11-01,en,['Comedy'],7
10539,James and the Giant Peach,38000000,28946127,79,7.0605,6.599,1489,1996-04-12,en,"['Family', 'Animation', 'Adventure', 'Fantasy']",2
9800,Philadelphia,26000000,206678440,126,7.0601,7.7,4773,1993-12-22,en,['Drama'],3
96724,Anna Karenina,40600000,68929150,129,7.0599,6.691,2456,2012-09-06,en,"['Drama', 'Romance', 'History']",2
921655,Rescued by Ruby,0,0,93,7.0558,7.5,378,2022-03-17,en,"['Family', 'Drama']",1
2757,Adaptation.,19000000,32800000,115,7.0578,7.329,2897,2002-12-06,en,"['Comedy', 'Crime', 'Drama']",6
184346,Deliver Us from Evil,30000000,87937815,118,7.0544,6.262,2300,2014-07-01,en,"['Thriller', 'Crime', 'Horror']",3
10714,The Jungle Book,27000000,53508356,111,7.0539,6.0,524,1994-12-23,en,"['Family', 'Adventure', 'Drama']",2
97,Tron,17000000,33002371,96,7.0533,6.625,2882,1982-07-09,en,"['Science Fiction', 'Action', 'Adventure']",2
77883,The Possession,14000000,85446075,92,7.0529,6.029,1752,2012-08-30,en,"['Horror', 'Thriller']",3
455236,Accident Man,0,43500000,105,7.0522,6.327,625,2018-02-06,en,"['Action', 'Crime', 'Thriller', 'Adventure', 'Comedy']",3
338762,Bloodshot,42000000,39861118,110,7.0522,6.667,5369,2020-03-05,en,"['Action', 'Science Fiction', 'Adventure']",4
672741,Till Death,0,495268,89,7.0506,6.673,1004,2021-07-02,en,"['Horror', 'Thriller']",5
8836,The X-Files: I Want to Believe,30000000,69363381,104,7.0503,5.881,1732,2008-07-24,en,"['Mystery', 'Science Fiction', 'Thriller']",4
785663,Old Henry,1500000,77463,99,7.0497,7.318,790,2021-10-01,en,"['Western', 'Drama']",4
1093995,Chief of Station,0,0,93,7.0476,6.291,273,2024-05-02,en,"['Action', 'Thriller']",7
576004,Porno,0,0,98,7.0487,6.0,433,2019-06-28,en,"['Comedy', 'Horror']",4
617505,Hubie Halloween,14000000,0,102,7.0461,5.878,1828,2020-10-07,en,"['Comedy', 'Mystery']",1
9535,Analyze This,80000000,176885658,103,7.0412,6.5,2218,1999-03-05,en,"['Comedy', 'Crime']",7
283227,A Little Chaos,0,10084623,117,7.0386,6.3,702,2015-03-26,en,"['Drama', 'Romance']",5
1128650,The Prosecutor,38500000,128093757,117,7.0374,7.048,242,2024-12-08,cn,"['Action', 'Drama', 'Crime', 'Thriller']",7
119283,Parker,35000000,46216641,118,7.0371,6.102,3369,2013-01-23,en,"['Action', 'Crime']",7
2001,We Own the Night,21000000,55033767,118,7.0363,6.684,1573,2007-10-12,en,"['Drama', 'Crime', 'Thriller']",2
1212855,Fight or Flight,40000000,2482071,102,7.0354,6.278,423,2025-04-03,en,"['Action', 'Comedy', 'Thriller']",5
1145899,Marsupilami,33555600,22174000,99,7.0338,6.373,173,2026-02-04,fr,"['Adventure', 'Comedy', 'Family']",6
302156,Criminal,31500000,14708696,113,7.035,6.229,1949,2016-04-07,en,"['Action', 'Crime', 'Science Fiction']",8
4808,Charade,4000000,13475000,113,7.0323,7.7,1605,1963-12-01,en,"['Comedy', 'Mystery', 'Romance']",2
9562,Timeline,80000000,43935763,115,7.0299,5.732,1217,2003-11-26,en,"['Action', 'Adventure', 'Science Fiction']",5
23023,Tooth Fairy,48000000,112462508,101,7.0298,5.5,2158,2010-01-14,en,"['Comedy', 'Family', 'Fantasy']",6
10796,The One,49000000,72689126,87,7.0287,6.139,1819,2001-11-02,en,"['Action', 'Science Fiction', 'Thriller']",2
253235,And So It Goes,18000000,25312387,94,7.0246,6.035,498,2014-07-10,en,"['Comedy', 'Drama', 'Romance']",4
1272166,Ballad of a Small Player,0,0,101,7.0238,5.768,365,2025-10-15,en,"['Crime', 'Drama']",3
11815,The Fly,700000,3000000,94,7.0211,7.0,629,1958-07-16,en,"['Science Fiction', 'Horror', 'Drama']",2
502416,Ma,5000000,61220856,99,7.0207,5.816,2519,2019-05-29,en,"['Horror', 'Thriller']",2
419478,Midnight Sun,2800000,27365467,92,7.0169,7.8,3577,2018-03-22,en,"['Romance', 'Drama']",3
5375,Fred Claus,100000000,97800000,115,7.0196,5.854,940,2007-11-09,en,"['Action', 'Comedy', 'Drama']",4
11507,Body Double,10000000,8801940,114,7.0167,6.742,963,1984-10-25,en,"['Crime', 'Mystery', 'Thriller']",2
5680,Elvira: Mistress of the Dark,7500000,5596267,96,7.0166,6.7,641,1988-09-30,en,"['Comedy', 'Fantasy', 'Horror']",2
445629,Fighting with My Family,11000000,39055536,108,7.0162,6.838,1936,2019-02-14,en,['Comedy'],6
10775,Infernal Affairs,6400000,8836958,101,7.0161,7.804,1941,2002-12-12,cn,"['Drama', 'Thriller', 'Crime']",2
345922,Fist Fight,22000000,41087017,91,7.0152,6.041,1343,2017-02-16,en,['Comedy'],5
446696,Life Itself,10000000,7997774,118,7.0146,7.182,649,2018-09-21,en,"['Drama', 'Romance']",4
506281,The World to Come,0,0,105,7.0125,6.975,423,2021-02-12,en,"['Romance', 'Drama', 'Western']",8
759175,The Princess,0,0,94,7.0124,6.8,880,2022-06-16,en,"['Action', 'Fantasy']",2
1480382,The Voice of Hind Rajab,0,5058441,89,7.0116,8.068,373,2025-09-10,ar,"['Drama', 'History']",21
3116,Midnight Cowboy,3600000,44785053,113,7.0099,7.528,1691,1969-05-25,en,['Drama'],3
33542,Rumble in the Bronx,7500000,76028558,106,7.0112,6.9,1227,1995-01-21,cn,"['Crime', 'Action', 'Comedy', 'Thriller']",2
384521,The Cloverfield Paradox,45000000,0,102,7.0095,5.6,3700,2018-02-04,en,"['Horror', 'Mystery', 'Science Fiction']",2
10803,Logan's Run,9000000,25000000,118,7.0092,6.6,1089,1976-06-23,en,"['Action', 'Science Fiction']",2
13825,The Lazarus Project,9750000,558000,99,7.0078,6.0,407,2008-10-24,en,"['Drama', 'Thriller']",4
302,Swimming Pool,7800000,22441323,102,7.0084,6.491,820,2003-05-21,en,"['Crime', 'Thriller']",5
467012,Satan's Slaves,120000,9033726,106,7.0066,6.664,324,2017-09-28,id,"['Horror', 'Mystery']",2
945937,Fast Charlie,20000000,0,90,7.0062,6.246,343,2023-12-08,en,"['Action', 'Crime', 'Drama']",7
475,Bonnie and Clyde,2500000,70000000,111,7.0048,7.491,1859,1967-08-13,en,"['Crime', 'Drama']",2
11171,Mysterious Skin,3000000,2148548,105,7.0043,7.7,1379,2005-03-30,en,['Drama'],4
1832,Dogma,10000000,33535478,130,7.0041,6.9,2984,1999-10-04,en,"['Fantasy', 'Comedy', 'Adventure']",2
10152,Dumb and Dumberer: When Harry Met Lloyd,19000000,39267515,85,7.0026,4.161,958,2003-04-14,en,['Comedy'],1
11713,Fist of Fury,100000,100000000,108,7.0022,7.227,1119,1972-03-22,zh,"['Drama', 'Action', 'Thriller']",2
10708,Daddy Day Care,60000000,164433867,92,7.0008,5.923,2300,2003-05-09,en,"['Comedy', 'Family']",2
19185,Night of the Living Dead,4200000,5835247,88,6.9997,6.884,1018,1990-10-19,en,['Horror'],2
13888,Return to the Blue Lagoon,11000000,2807854,98,6.9995,6.162,1272,1991-08-02,en,"['Adventure', 'Drama']",2
575417,On the Rocks,0,992103,96,6.9987,6.081,826,2020-10-02,en,"['Drama', 'Comedy', 'Romance']",1
1196470,Survive,5270000,0,90,6.997,5.9,424,2024-06-19,fr,"['Science Fiction', 'Thriller', 'Adventure', 'Action']",3
44741,Malicious,0,109133,93,7.0017,7.311,375,1973-03-29,it,['Comedy'],2
625568,Unhinged,33000000,39238300,90,6.9968,6.425,2598,2020-07-16,en,"['Action', 'Thriller', 'Horror']",4
1216191,Oddity,0,1850519,98,6.9969,6.689,921,2024-07-19,en,"['Horror', 'Mystery']",3
11260,Meet Dave,60000000,50650079,90,6.9961,5.342,1605,2008-07-08,en,"['Comedy', 'Science Fiction', 'Adventure', 'Family']",6
14976,Rachel Getting Married,12000000,16937968,113,6.9951,6.295,677,2008-10-03,en,"['Drama', 'Romance']",3
4961,Mimic,30000000,25480490,105,6.9945,6.1,1316,1997-08-22,en,"['Horror', 'Science Fiction']",1
763165,The Burial,32500000,0,126,6.9916,7.075,655,2023-10-06,en,"['Drama', 'History']",6
12180,Star Wars: The Clone Wars,8500000,68282844,98,6.9906,6.162,2288,2008-08-05,en,"['Animation', 'Action', 'Science Fiction', 'Adventure']",3
843847,Jerry & Marge Go Large,0,0,96,6.9898,7.348,528,2022-10-20,en,"['Comedy', 'Drama']",6
458220,Palmer,0,0,110,6.9861,8.115,1988,2021-01-28,en,['Drama'],4
9399,Lionheart,6000000,24271196,105,6.9858,6.626,1213,1990-06-07,en,['Action'],2
11870,Big Fat Liar,15000000,52970014,88,6.9861,5.9,911,2002-02-08,en,"['Family', 'Comedy', 'Adventure']",1
10333,The Prince of Tides,30000000,135000000,132,6.9855,6.6,318,1991-12-25,en,"['Drama', 'Romance']",3
455980,Tag,28000000,75100000,101,6.9849,6.708,3567,2018-05-30,en,"['Comedy', 'Action']",2
10564,Where the Heart Is,15000000,33800000,120,6.9886,7.082,766,2000-04-27,en,"['Comedy', 'Drama', 'Romance']",2
245,About a Boy,27000000,129000000,101,6.983,6.697,2478,2002-04-26,en,"['Drama', 'Comedy', 'Romance']",5
20530,Late Spring,0,0,108,6.9825,8.021,497,1949-09-13,ja,['Drama'],1
421,The Life Aquatic with Steve Zissou,50000000,34808403,119,6.9821,7.1,3283,2004-12-10,en,"['Adventure', 'Comedy', 'Drama']",2
721625,Songbird,2500000,1000000,85,6.9812,6.1,801,2020-12-10,en,"['Science Fiction', 'Thriller']",4
975773,Wicked Little Letters,12600000,27219729,100,6.9808,6.921,738,2024-02-23,en,"['Comedy', 'Drama', 'Mystery']",5
3780,Red Beard,650000,1110000,185,6.9779,8.174,430,1965-03-04,ja,['Drama'],2
574,The Man Who Knew Too Much,1200000,11300000,121,6.9776,7.431,1613,1956-05-16,en,"['Thriller', 'Mystery', 'Drama']",1
857702,LEGO Star Wars Terrifying Tales,0,0,49,6.9765,6.8,288,2021-10-01,en,"['Animation', 'Family', 'Science Fiction', 'Comedy']",3
244761,The Captive,0,1075178,112,6.9716,5.846,1198,2014-09-05,en,"['Drama', 'Thriller', 'Crime']",2
12403,A Perfect Getaway,14000000,22852638,98,6.9707,6.343,1487,2009-06-08,en,"['Thriller', 'Mystery', 'Adventure']",4
9388,Thank You for Smoking,6500000,24793509,92,6.9707,7.2,2494,2005-09-09,en,"['Comedy', 'Drama']",4
565426,To All the Boys: P.S. I Still Love You,0,0,102,6.9685,6.823,2741,2020-02-03,en,"['Romance', 'Comedy']",2
157354,Fruitvale Station,900000,17600000,85,6.9673,7.374,1493,2013-07-26,en,['Drama'],2
179826,Odd Thomas,27000000,1149267,97,6.968,6.948,1524,2013-01-29,en,"['Mystery', 'Thriller']",3
779816,White Bird,20000000,8799528,121,6.967,7.839,251,2023-10-25,en,"['Drama', 'War']",6
990140,Sakra,0,159959,130,6.9646,6.5,204,2023-01-16,cn,"['Action', 'Adventure']",2
1259,Notes on a Scandal,15000000,49814392,92,6.963,7.094,1020,2006-12-25,en,"['Drama', 'Romance']",7
15159,The Pink Panther 2,70000000,75871032,92,6.9639,5.7,1307,2009-02-06,en,"['Comedy', 'Mystery']",3
25376,The Secret in Their Eyes,2000000,33965843,130,6.9619,8.0,2974,2009-08-13,es,"['Mystery', 'Thriller', 'Drama']",8
527261,The Silence,0,2325977,91,6.9618,6.029,1741,2019-05-16,en,"['Horror', 'Drama', 'Thriller', 'Fantasy']",3
1290879,The Woman in Cabin 10,0,0,95,6.9591,6.163,1151,2025-10-09,en,"['Mystery', 'Thriller', 'Crime']",1
2637,The Mothman Prophecies,32000000,55305279,119,6.9584,6.227,1322,2002-01-25,en,"['Drama', 'Horror', 'Mystery']",2
16222,Whatever It Takes,15000000,9902115,94,6.957,5.767,309,2000-03-31,en,"['Drama', 'Comedy', 'Romance']",2
8409,A Man Apart,36000000,44350926,109,6.956,6.166,1030,2003-04-04,en,"['Action', 'Drama', 'Crime']",4
999644,You Are So Not Invited to My Bat Mitzvah,0,0,103,6.954,6.471,545,2023-08-18,en,"['Comedy', 'Drama']",2
8095,Cleopatra,36115000,57779280,251,6.9507,7.058,890,1963-06-12,en,"['Drama', 'History', 'Romance']",3
1011082,The Greatest Hits,0,0,94,6.9504,6.5,169,2024-04-05,en,"['Drama', 'Music', 'Romance', 'Fantasy']",3
39101,Dragon Ball Z: The Tree of Might,0,8633074,61,6.9583,6.539,643,1990-06-07,ja,"['Action', 'Animation', 'Science Fiction', 'TV Movie']",1
1435092,Goodbye June,0,0,116,6.9499,6.5,163,2025-12-12,en,['Drama'],2
4133,Blow,53000000,83300000,124,6.9498,7.354,4706,2001-04-04,en,"['Crime', 'Drama']",3
9678,Little Nicky,85000000,58292295,90,6.9582,5.84,2052,2000-11-10,en,"['Comedy', 'Fantasy']",3
514593,You Should Have Left,0,0,93,6.9486,6.07,1023,2020-06-18,en,"['Horror', 'Thriller']",2
202575,The House of Magic,34000000,64197205,85,6.9483,6.3,387,2013-12-24,en,"['Family', 'Fantasy', 'Animation', 'Adventure']",4
417830,Diary of a Wimpy Kid: The Long Haul,22000000,40120144,91,6.9436,5.303,552,2017-05-19,en,"['Adventure', 'Comedy', 'Family']",3
129139,The To Do List,1500000,3566225,104,6.9428,5.8,1120,2013-07-24,en,"['Comedy', 'Romance']",3
145135,Dark Skies,3500000,27858103,97,6.9409,6.378,2038,2013-02-21,en,"['Science Fiction', 'Thriller', 'Horror']",4
1061699,The Six Triple Eight,0,0,130,6.9575,7.57,738,2024-12-06,en,"['Drama', 'War', 'History']",4
11072,Blazing Saddles,2600000,119500000,93,6.9408,7.244,2171,1974-02-07,en,"['Western', 'Comedy']",2
476968,"Paul, Apostle of Christ",5000000,26078500,108,6.9395,7.617,422,2018-03-22,en,"['Drama', 'History']",4
474764,The Lodge,0,2679585,108,6.9386,6.096,1482,2020-01-16,en,"['Horror', 'Mystery']",2
637920,Miracle in Cell No. 7,0,28000000,132,6.9384,8.25,4605,2019-10-10,tr,['Drama'],3
447362,Life in a Year,0,0,107,6.9371,8.2,2010,2020-11-27,en,"['Drama', 'Romance']",2
592,The Conversation,1600000,4794457,115,6.9383,7.496,2126,1974-04-12,en,"['Crime', 'Drama', 'Mystery']",2
505058,Unfriended: Dark Web,1000000,16434588,92,6.9339,6.3,1717,2018-07-19,en,['Horror'],2
9410,Great Expectations,25000000,55494066,111,6.9338,6.652,723,1998-01-30,en,"['Comedy', 'Drama', 'Romance']",2
8843,The Cell,33000000,104155843,107,6.9329,6.287,1797,2000-08-18,en,"['Horror', 'Science Fiction', 'Thriller']",5
1428,Once Upon a Time in Mexico,29000000,98769390,102,6.9328,6.3,2493,2003-09-11,en,"['Action', 'Crime', 'Thriller', 'Western']",3
14254,The Uninvited,0,41624046,87,6.9286,6.5,1685,2009-01-30,en,['Horror'],5
8998,Friends with Money,6500000,13400000,88,6.9296,5.145,619,2006-04-07,en,"['Comedy', 'Drama', 'Romance']",2
25,Jarhead,72000000,97076152,123,6.9279,6.691,3286,2005-11-04,en,"['Drama', 'War']",2
18892,Jawbreaker,3000000,3100000,87,6.9277,6.4,618,1999-01-30,en,"['Comedy', 'Crime', 'Thriller']",4
550231,The Secret: Dare to Dream,21000000,3215636,107,6.9275,7.3,682,2020-04-16,en,"['Drama', 'Romance']",7
14047,The Great Debaters,15000000,30226144,126,6.9268,7.281,752,2007-12-25,en,['Drama'],3
10774,Network,3800000,23700000,122,6.9269,7.787,2129,1976-11-27,en,['Drama'],1
756,Fantasia,2280000,76411819,124,6.9261,7.349,3410,1940-11-13,en,"['Animation', 'Family', 'Fantasy']",1
355338,Riley's First Date?,0,0,5,6.9259,7.2,1127,2015-11-03,en,"['Animation', 'Family']",1
26022,My Name Is Khan,12000000,42345360,165,6.9251,8.044,1508,2010-02-10,hi,"['Drama', 'Romance']",9
266647,Pan,150000000,128388320,111,6.9241,5.957,2891,2015-09-24,en,"['Fantasy', 'Adventure', 'Family', 'Action']",5
295693,The Boss Baby,125000000,527965936,97,6.9232,6.45,7592,2017-03-23,en,"['Animation', 'Comedy', 'Family']",1
2323,Field of Dreams,15000000,84431625,105,6.9226,7.1,1762,1989-04-21,en,"['Drama', 'Fantasy']",3
8457,Drillbit Taylor,40000000,32900000,110,6.9224,5.859,1143,2008-02-04,en,['Comedy'],2
13333,Game of Death,850000,50000000,101,6.9206,6.403,765,1978-03-23,cn,"['Drama', 'Action', 'Thriller']",3
814776,Bottoms,11300000,12976079,91,6.9219,6.757,929,2023-08-25,en,['Comedy'],2
1254624,Night Always Comes,0,0,108,6.9223,6.1,299,2025-08-15,en,"['Drama', 'Crime', 'Thriller']",3
404,The Straight Story,10000000,6418028,112,6.9203,7.736,1894,1999-10-15,en,"['Drama', 'Adventure']",4
429200,Good Time,2000000,3283369,102,6.92,7.203,3260,2017-08-11,en,"['Crime', 'Thriller', 'Drama']",3
776305,Belle,0,63501160,121,6.9188,7.612,919,2021-07-16,ja,"['Animation', 'Science Fiction', 'Drama', 'Music']",12
10045,District B13,12000000,11169386,84,6.9174,6.821,2064,2004-11-09,fr,"['Action', 'Thriller', 'Science Fiction']",2
256924,Danny Collins,10000000,10835752,107,6.918,6.731,597,2015-03-19,en,"['Music', 'Comedy', 'Drama']",3
401561,Mom and Dad,0,169209,86,6.9153,5.408,1107,2018-01-19,en,"['Comedy', 'Horror', 'Thriller']",10
15577,Crossing Over,25000000,1037335,113,6.9142,6.1,421,2009-02-10,en,"['Crime', 'Drama']",4
23488,Dorian Gray,0,4706919,112,6.9095,6.045,2285,2009-09-09,en,"['Fantasy', 'Drama', 'Thriller']",2
339967,Colossal,15000000,3029287,109,6.9093,6.265,2348,2017-04-06,en,"['Drama', 'Fantasy', 'Science Fiction']",7
832502,The Monkey King,0,0,92,6.9078,6.504,369,2023-07-30,en,"['Animation', 'Fantasy', 'Adventure', 'Family', 'Comedy']",1
68,Brazil,15000000,9953708,143,6.9054,7.659,3843,1985-02-20,en,"['Comedy', 'Science Fiction']",1
429197,Vice,60000000,76100000,132,6.9053,7.014,3702,2018-12-25,en,"['Drama', 'Comedy', 'History']",3
15356,The Girl Next Door,0,0,91,6.9049,6.7,816,2007-07-19,en,"['Thriller', 'Crime', 'Drama', 'Horror']",2
537116,"tick, tick... BOOM!",0,0,120,6.904,7.581,2382,2021-11-11,en,"['Drama', 'Music']",2
13455,Push,38000000,49678401,111,6.9037,6.2,2523,2009-02-04,en,"['Science Fiction', 'Action', 'Adventure', 'Thriller']",3
1588,Bring It On,28000000,90449929,99,6.9037,6.296,1924,2000-08-25,en,['Comedy'],2
565310,The Farewell,3000000,23076657,100,6.9033,7.413,1592,2019-07-12,en,"['Comedy', 'Drama']",4
22897,It's Complicated,85000000,219103655,121,6.9033,6.517,1569,2009-12-23,en,"['Comedy', 'Romance']",2
1328803,Prisoner of War,2000000,94700000,113,6.9028,7.162,216,2025-09-19,en,"['Action', 'War', 'Thriller', 'History']",4
11158,"Honey, I Blew Up the Kid",40000000,58662452,89,6.903,5.29,1318,1992-07-16,en,"['Adventure', 'Comedy', 'Family', 'Science Fiction']",3
768744,My Hero Academia: World Heroes' Mission,0,46940541,105,6.9021,7.591,656,2021-08-06,ja,"['Animation', 'Action', 'Adventure', 'Science Fiction']",8
959429,Lonely Planet,0,0,96,6.9017,6.1,217,2024-10-10,en,"['Romance', 'Drama']",1
661231,Operation Mincemeat,0,0,128,6.9013,6.502,846,2022-04-01,en,"['War', 'History', 'Drama']",8
673309,American Underdog,25000000,26514814,112,6.9012,7.105,447,2021-12-25,en,"['Drama', 'Family']",3
340676,Personal Shopper,6000000,1305195,106,6.8986,5.94,1355,2016-12-14,fr,"['Drama', 'Mystery', 'Thriller']",7
472451,Boy Erased,15000000,7900000,115,6.8983,6.977,1525,2018-09-24,en,['Drama'],4
295830,Attack on Titan,0,30810658,98,6.8974,6.144,868,2015-08-01,ja,"['Horror', 'Action', 'Science Fiction']",14
1819,"You, Me and Dupree",54000000,130628903,108,6.8964,5.622,1485,2006-07-13,en,"['Comedy', 'Romance']",3
1202479,Opus,10000000,2183539,104,6.8963,5.634,250,2025-03-13,en,"['Horror', 'Mystery', 'Thriller']",3
2110,Wasabi,15300000,10366360,94,6.8961,6.664,1489,2001-10-31,fr,"['Drama', 'Action', 'Comedy']",3
8408,Day of the Dead,3750000,34000000,101,6.8953,7.01,1454,1985-07-03,en,"['Horror', 'Drama', 'Mystery']",2
1003813,Out of the Blue,0,0,105,6.8948,5.862,141,2022-08-26,en,"['Mystery', 'Thriller', 'Romance']",3
3093,Basic Instinct 2,70000000,38629478,116,6.8938,5.0,869,2006-03-29,en,"['Crime', 'Mystery', 'Thriller']",6
9091,Sudden Death,35000000,64350171,111,6.8936,6.047,849,1995-10-27,en,"['Action', 'Drama', 'Thriller', 'Crime']",4
376570,Hush,1000000,0,82,6.8924,6.725,4962,2016-03-12,en,"['Horror', 'Thriller']",2
961323,Nimona,0,0,99,6.8923,7.852,1510,2023-06-23,en,"['Animation', 'Family', 'Fantasy', 'Adventure', 'Science Fiction', 'Action']",2
1417059,Mountainhead,0,0,109,6.8912,5.3,272,2025-05-22,en,"['Comedy', 'Drama', 'TV Movie']",3
1160956,Panda Plan,25000000,42238170,99,6.891,6.875,312,2024-10-01,zh,"['Action', 'Comedy']",4
13499,"Yours, Mine & Ours",45000000,72028752,90,6.8909,6.2,929,2005-11-23,en,"['Comedy', 'Family', 'Romance']",5
183011,Justice League: The Flashpoint Paradox,3500000,0,81,6.8894,7.883,2043,2013-07-30,en,"['Animation', 'Action', 'Science Fiction']",3
13078,The Babysitters,0,44852,88,6.8885,6.0,556,2008-05-09,en,['Drama'],4
910,The Big Sleep,250000,10682000,114,6.8869,7.595,1205,1946-08-22,en,"['Mystery', 'Crime', 'Thriller']",1
10234,Funny Games,0,2506,109,6.8865,7.31,2184,1997-09-11,de,"['Drama', 'Horror', 'Thriller']",2
1090,The Thirteenth Floor,16000000,18564088,100,6.8856,7.076,1631,1999-04-16,en,"['Thriller', 'Science Fiction', 'Mystery']",2
850920,The Parenting,0,0,94,6.8845,6.1,173,2025-03-12,en,"['Horror', 'Comedy']",2
174751,Jane Got a Gun,25000000,3771345,98,6.8837,5.848,902,2015-12-31,en,"['Western', 'Action', 'Drama']",5
407375,Sniper: Ghost Shooter,3000000,0,100,6.8834,6.3,302,2016-08-02,en,"['Action', 'Drama', 'War']",3
667520,A Whisker Away,0,0,104,6.8823,7.861,1516,2020-06-18,ja,"['Animation', 'Drama', 'Romance', 'Fantasy']",9
230179,Big Game,8500000,7500000,90,6.8816,5.5,1253,2014-09-05,en,"['Action', 'Adventure', 'Thriller', 'Comedy']",10
19,Metropolis,5300000,1350322,148,6.8804,8.083,3213,1927-01-10,de,"['Drama', 'Science Fiction']",1
837,Videodrome,5952000,2120439,88,6.8791,7.2,2580,1983-02-04,en,"['Horror', 'Science Fiction', 'Mystery']",1
664767,Mortal Kombat Legends: Scorpion's Revenge,0,0,80,6.8786,8.091,1532,2020-04-12,en,"['Animation', 'Action', 'Fantasy']",1
152737,August: Osage County,25000000,74188937,121,6.8767,6.862,1623,2013-12-26,en,"['Comedy', 'Drama']",5
1499,Teenage Mutant Ninja Turtles III,21000000,42273609,95,6.8768,5.515,944,1993-03-17,en,"['Action', 'Adventure', 'Comedy', 'Family', 'Fantasy', 'Science Fiction']",2
254473,Brick Mansions,28000000,71416730,90,6.8763,5.915,1651,2014-04-22,en,"['Action', 'Crime', 'Drama']",4
14506,The Adventures of Baron Munchausen,46630000,8083123,126,6.8761,6.981,1047,1988-12-07,en,"['Fantasy', 'Adventure', 'Comedy']",4
887357,Green Lantern: Beware My Power,0,0,88,6.8739,6.789,280,2022-07-26,en,"['Animation', 'Science Fiction', 'Action']",2
227719,Project Almanac,12000000,33200000,106,6.8712,6.816,2986,2015-01-28,en,"['Science Fiction', 'Thriller']",4
15567,Stitch! The Movie,0,0,63,6.8711,6.438,802,2003-09-10,en,"['Animation', 'Family', 'Comedy', 'Science Fiction']",1
556678,Emma.,10000000,25200000,125,6.87,7.006,2014,2020-02-13,en,"['Comedy', 'Romance', 'Drama']",2
301502,Blonde,22000000,0,167,6.87,5.88,1578,2022-09-16,en,['Drama'],1
11586,Exorcist II: The Heretic,14000000,30749142,118,6.8696,4.5,821,1977-06-17,en,['Horror'],1
520172,Happiest Season,0,1401954,102,6.8654,7.073,1350,2020-11-26,en,"['Romance', 'Comedy']",1
145220,Muppets Most Wanted,50000000,80383113,107,6.8646,6.321,916,2014-03-20,en,"['Comedy', 'Adventure', 'Crime', 'Family']",3
44363,Frozen,0,3065860,94,6.8638,6.016,2085,2010-02-05,en,['Thriller'],2
1401281,The Testament of Ann Lee,10000000,4197171,137,6.8617,6.326,187,2025-12-25,en,"['History', 'Drama', 'Music']",13
10536,The Italian Job,3000000,0,100,6.8587,6.932,901,1969-06-02,en,"['Crime', 'Comedy', 'Thriller']",1
1410082,Sniper: The Last Stand,0,0,99,6.8572,6.8,192,2025-01-21,en,"['Action', 'Thriller']",3
49953,A Turtle's Tale: Sammy's Adventures,0,71594792,88,6.8564,6.067,703,2010-08-04,en,"['Animation', 'Family']",5
4193,Evil Under the Sun,10000000,6110804,117,6.8554,6.9,541,1982-03-05,en,"['Thriller', 'Crime', 'Mystery', 'Drama']",4
400106,Bright,90000000,0,117,6.8534,6.164,6103,2017-12-22,en,"['Fantasy', 'Action', 'Thriller']",2
87826,Here Comes the Boom,42000000,73100000,105,6.8529,6.228,1618,2012-10-10,en,"['Comedy', 'Action', 'Drama']",4
42888,How Do You Know,120000000,48668907,121,6.8527,5.3,1080,2010-12-17,en,"['Comedy', 'Drama', 'Romance']",3
71688,The Iron Lady,13000000,115890792,105,6.8504,6.349,1931,2011-12-26,en,"['History', 'Drama']",6
10633,In the Heat of the Night,2000000,27379978,109,6.8496,7.678,1303,1967-08-02,en,"['Crime', 'Drama', 'Mystery', 'Thriller']",2
9922,The Postman,80000000,17626234,178,6.8447,6.273,1241,1997-12-25,en,"['Science Fiction', 'Adventure', 'Action']",2
424781,Sorry to Bother You,3200000,18200000,112,6.8439,6.779,1859,2018-07-06,en,"['Fantasy', 'Science Fiction', 'Comedy']",5
15400,Mickey's Once Upon a Christmas,0,0,66,6.8439,7.1,736,1999-10-31,en,"['Animation', 'Family', 'Comedy']",1
309886,Blood Father,13000000,6903033,88,6.843,6.167,1714,2016-08-11,fr,"['Action', 'Thriller', 'Drama']",2
1630,The People vs. Larry Flynt,36000000,20300385,130,6.8418,6.96,1310,1996-12-25,en,['Drama'],3
799379,Project Wolf Hunting,9000000,20541,122,6.8416,6.5,466,2022-09-21,ko,"['Action', 'Thriller', 'Horror', 'Crime']",4
416144,Hotel Mumbai,25000000,16900000,123,6.8407,7.529,1798,2019-03-14,en,"['Thriller', 'History', 'Drama', 'Action']",10
385103,Scoob!,90000000,28600000,94,6.8412,6.974,1850,2020-07-08,en,"['Animation', 'Comedy', 'Family', 'Mystery']",4
27579,The American,20000000,67900000,104,6.84,6.01,1575,2010-08-31,en,"['Crime', 'Drama', 'Thriller']",5
13051,Max Payne,35000000,85416905,100,6.8366,5.419,2339,2008-10-15,en,"['Crime', 'Action', 'Drama']",7
1594,A Shot in the Dark,0,12368234,102,6.8375,7.188,685,1964-06-23,en,"['Comedy', 'Mystery', 'Crime']",2
8491,Weekend at Bernie's,6500000,30218387,98,6.8361,6.4,1181,1989-07-05,en,"['Comedy', 'Crime']",1
705,All About Eve,1400000,8402553,139,6.8357,8.073,1767,1950-11-09,en,['Drama'],1
15144,Sixteen Candles,6500000,23686027,93,6.8325,6.746,2271,1984-05-04,en,"['Comedy', 'Romance']",2
331313,Keeping Up with the Joneses,40000000,29900000,105,6.8315,6.086,2198,2016-10-20,en,"['Action', 'Comedy']",3
1725,West Side Story,6000000,43700000,153,6.8307,7.219,2104,1961-12-13,en,"['Crime', 'Drama', 'Romance']",3
399366,Marrowbone,9300000,12294931,111,6.8273,7.3,1899,2017-10-27,es,"['Thriller', 'Horror', 'Mystery']",6
737568,The Doorman,0,307873,97,6.8293,5.773,482,2020-10-01,en,"['Action', 'Thriller']",9
10747,The Outlaw Josey Wales,3700000,31800000,135,6.8272,7.5,1349,1976-06-30,en,['Western'],2
736769,They Cloned Tyrone,47000000,0,122,6.8265,6.557,818,2023-06-14,en,"['Comedy', 'Science Fiction', 'Mystery']",2
39105,Dragon Ball Z: Bojack Unbound,0,18435583,51,6.8262,7.185,651,1993-07-10,ja,"['Action', 'Animation', 'Science Fiction']",1
536437,Hypnotic,70000000,16014123,93,6.8255,6.183,1577,2023-05-11,en,"['Mystery', 'Science Fiction', 'Thriller']",4
82633,Lawless,26000000,55404207,115,6.8251,7.071,3434,2012-08-29,en,"['Crime', 'Drama', 'Western']",7
9663,Starman,22000000,28744356,115,6.825,6.927,1057,1984-12-13,en,"['Science Fiction', 'Drama', 'Romance']",3
534490,Avengement,2400000,89900000,88,6.8241,6.844,651,2019-05-24,en,"['Crime', 'Action', 'Thriller']",3
1151272,Sirāt,7000000,10445082,115,6.824,6.8,774,2025-06-06,es,"['Drama', 'Thriller']",6
832964,Lee,0,23508220,117,6.8231,6.957,697,2024-09-12,en,"['History', 'Drama', 'War']",9
173185,It Boy,0,0,92,6.8236,6.5,1633,2013-03-06,fr,['Comedy'],3
606,Out of Africa,31000000,227514205,161,6.823,7.148,1588,1985-12-20,en,"['History', 'Romance', 'Drama']",3
28118,The Gruffalo,0,0,27,6.8205,7.353,356,2009-12-25,en,"['Animation', 'Family', 'TV Movie']",3
10166,The Witches,11000000,15363748,91,6.8202,7.0,1427,1990-05-25,en,"['Fantasy', 'Family', 'Horror']",3
11031,This Is Spinal Tap,2500000,6051884,82,6.8148,7.397,1707,1984-03-02,en,"['Comedy', 'Music']",3
814340,Cha Cha Real Smooth,0,0,108,6.8145,7.062,449,2022-06-17,en,"['Comedy', 'Drama', 'Romance']",3
397837,Before I Fall,5000000,16373843,98,6.8142,6.966,3596,2017-03-02,en,"['Drama', 'Fantasy']",2
573680,The Banishing,0,563672,97,6.8141,5.1,168,2021-04-29,en,['Horror'],2
72570,The Vow,30000000,196114570,104,6.8141,7.226,4341,2012-02-05,en,"['Drama', 'Romance']",3
7090,Ken Park,1300000,447741,97,6.8128,5.999,712,2003-01-30,en,"['Drama', 'Thriller']",3
440161,The Sisters Brothers,38000000,13143056,121,6.8119,6.8,2160,2018-09-19,en,"['Western', 'Drama', 'Comedy']",13
106747,Machete Kills,20000000,17537186,108,6.8105,5.62,2101,2013-09-12,en,"['Action', 'Crime', 'Thriller']",8
1195518,The Unholy Trinity,0,1000526,95,6.8101,6.304,235,2025-06-13,en,"['Western', 'Adventure', 'Crime']",3
157851,Maps to the Stars,15000000,4510000,112,6.8117,6.164,1175,2014-05-21,en,['Drama'],4
3090,The Treasure of the Sierra Madre,3800000,4307000,126,6.81,8.0,1397,1948-01-15,en,"['Adventure', 'Drama', 'Western']",1
9384,Starsky & Hutch,60000000,170300000,101,6.8087,5.821,2598,2004-03-05,en,"['Comedy', 'Crime']",5
9599,The Blob,10000000,8247943,95,6.8083,6.869,1112,1988-08-05,en,"['Horror', 'Science Fiction', 'Thriller']",2
662708,Pokémon the Movie: Secrets of the Jungle,0,21097921,101,6.8064,7.2,206,2020-12-25,ja,"['Animation', 'Adventure', 'Family', 'Fantasy']",9
467909,In the Heights,55000000,45175167,143,6.8049,7.1,820,2021-06-10,en,"['Drama', 'Romance']",5
11782,Hard Boiled,4500000,2592782,126,6.8035,7.515,993,1992-04-16,cn,"['Action', 'Thriller', 'Crime']",2
730840,Trollhunters: Rise of the Titans,0,0,106,6.8029,7.548,375,2021-07-21,en,"['Animation', 'Fantasy', 'Family', 'Action', 'Adventure']",2
596161,Let Him Go,21000000,7997460,114,6.7993,6.828,860,2020-11-05,en,"['Thriller', 'Crime', 'Western']",2
11979,Queen of the Damned,35000000,45479110,101,6.7998,6.1,1220,2002-02-10,en,"['Fantasy', 'Horror', 'Romance']",5
2046,The Gift,10000000,12008642,112,6.7988,6.5,1453,2000-12-22,en,"['Horror', 'Drama', 'Thriller', 'Mystery']",3
10835,The Killer,0,2350174,110,6.7976,7.59,946,1989-03-24,cn,"['Action', 'Crime', 'Drama', 'Thriller']",2
248574,Barely Lethal,15000000,933847,98,6.7974,5.71,1132,2015-04-23,en,"['Action', 'Comedy', 'Adventure', 'Romance']",3
422803,A Shaun the Sheep Movie: Farmageddon,0,43133089,87,6.7973,6.894,617,2019-09-26,en,"['Family', 'Comedy', 'Adventure', 'Animation', 'Science Fiction']",3
11282,Harold & Kumar Go to White Castle,9000000,23936908,88,6.7945,6.58,2390,2004-07-02,en,"['Comedy', 'Adventure']",4
77930,Magic Mike,7000000,167200000,110,6.7948,6.162,3149,2012-06-28,en,"['Drama', 'Comedy']",3
6003,Romeo and Juliet,0,38901218,138,6.794,7.4,756,1968-04-02,en,"['Drama', 'Romance']",4
526702,Black Beauty,0,0,110,6.7909,8.0,362,2020-11-27,en,['Drama'],3
430231,The Endless,1000000,956425,112,6.7895,6.3,1366,2017-11-05,en,"['Science Fiction', 'Horror', 'Thriller']",5
615665,Holidate,0,0,104,6.7889,6.958,2411,2020-10-27,en,"['Comedy', 'Romance']",2
692,Pink Flamingos,12000,6000000,93,6.7889,6.125,590,1972-03-17,en,"['Comedy', 'Crime']",1
9591,That Thing You Do!,26000000,34585416,108,6.7883,6.9,952,1996-10-04,en,"['Comedy', 'Drama', 'Music']",3
10547,The Arrival,25000000,14063331,115,6.7882,6.048,884,1996-05-31,en,"['Science Fiction', 'Thriller', 'Mystery']",3
12573,A Serious Man,7000000,31400000,106,6.788,6.688,2470,2009-10-02,en,"['Comedy', 'Drama']",5
365620,Ferrari,95000000,39220516,131,6.7878,6.365,1323,2023-12-14,en,"['History', 'Drama']",9
9531,Superman III,39000000,80250623,125,6.7875,5.503,1956,1983-06-17,en,"['Comedy', 'Science Fiction', 'Action', 'Adventure']",2
11517,Money Train,68000000,77224232,110,6.7877,5.875,903,1995-11-21,en,"['Action', 'Comedy', 'Crime']",2
643586,Willy's Wonderland,5000000,431020,89,6.7861,6.0,1200,2021-02-12,en,"['Horror', 'Thriller', 'Action']",5
2652,Hard Candy,950000,7000000,104,6.7835,6.805,2877,2006-04-14,en,"['Drama', 'Thriller']",1
4349,The Kingdom,70000000,86658558,110,6.7806,6.751,1899,2007-08-22,en,"['Thriller', 'Action', 'Drama']",5
11471,A Better Tomorrow,1402445,4459629,95,6.7805,7.4,645,1986-08-02,cn,"['Action', 'Crime', 'Drama']",2
8987,The River Wild,45000000,94216343,111,6.7798,6.462,999,1994-09-30,en,"['Adventure', 'Thriller', 'Drama']",2
16672,Woman in the Dunes,0,0,147,6.7781,8.218,549,1964-02-15,ja,"['Drama', 'Thriller']",2
16780,The Return of the Texas Chainsaw Massacre,600000,185898,95,6.7788,4.6,779,1995-09-22,en,"['Horror', 'Comedy', 'Thriller']",2
9667,The Jacket,29000000,21733230,103,6.7767,6.869,1781,2005-03-04,en,"['Drama', 'Mystery', 'Science Fiction', 'Thriller', 'Fantasy']",10
137321,Winter's Tale,60000000,30800231,118,6.7764,6.282,1436,2014-02-13,en,"['Drama', 'Fantasy', 'Mystery', 'Romance']",4
8665,K-19: The Widowmaker,100000000,65700000,138,6.7748,6.581,1242,2002-07-19,en,"['History', 'Thriller', 'War']",8
515195,Yesterday,26000000,154608856,116,6.7734,6.7,4380,2019-06-26,en,"['Comedy', 'Fantasy', 'Music', 'Romance']",2
609972,Paranormal Activity: Next of Kin,0,0,98,6.7723,6.127,806,2021-10-29,en,"['Horror', 'Mystery']",4
44729,One Piece: Baron Omatsuri and the Secret Island,0,10494545,91,6.7723,7.2,261,2005-03-05,ja,"['Action', 'Animation', 'Comedy', 'Adventure', 'Fantasy']",5
1574,Chicago,45000000,306776732,113,6.7721,7.1,2992,2002-12-10,en,"['Comedy', 'Crime', 'Drama']",3
587496,The Rental,3500000,4311042,88,6.7718,5.551,1027,2020-07-23,en,"['Horror', 'Thriller']",2
635,Angel Heart,17000000,17185954,113,6.7717,7.119,1812,1987-03-06,en,"['Horror', 'Mystery']",3
322240,Nine Lives,30000000,57814445,87,6.7713,5.84,1166,2016-08-03,en,"['Fantasy', 'Comedy', 'Family']",2
11948,"Merry Christmas, Mr. Lawrence",0,2306560,124,6.7636,7.285,550,1983-05-28,ja,"['Drama', 'History', 'War']",6
83201,Puss in Boots: The Three Diablos,0,0,13,6.7606,6.534,539,2012-02-07,en,"['Adventure', 'Animation', 'Comedy', 'Family']",1
249,The War of the Roses,26000000,160188546,116,6.7605,6.919,1296,1989-12-08,en,"['Comedy', 'Drama']",2
5516,The Ladykillers,35000000,76700000,104,6.7589,6.1,1808,2004-03-25,en,"['Comedy', 'Crime', 'Thriller']",3
808396,God Is a Bullet,0,0,155,6.758,6.258,302,2023-06-22,en,"['Thriller', 'Action', 'Crime', 'Horror']",4
9316,Ong-Bak,1100000,20112926,105,6.7712,7.161,1973,2003-01-31,th,"['Action', 'Crime', 'Thriller']",3
228194,The Hundred-Foot Journey,22000000,89500000,122,6.7557,7.268,1584,2014-08-06,en,"['Drama', 'Comedy']",6
869641,Vacation Friends 2,0,0,106,6.7664,6.284,315,2023-08-24,en,['Comedy'],2
10249,The Rocketeer,42000000,46704056,108,6.7697,6.494,1093,1991-06-21,en,"['Adventure', 'Science Fiction']",4
172391,Khumba,20000000,27187385,85,6.7538,6.0,278,2013-07-18,en,"['Animation', 'Adventure', 'Family']",1
846956,Rogue Agent,0,0,115,6.7537,6.3,284,2022-08-12,en,"['Thriller', 'Drama']",5
14813,Mickey's Christmas Carol,3000000,21000000,25,6.7527,7.667,1009,1983-10-19,en,"['Family', 'Animation']",2
5549,RoboCop 2,35000000,45681173,117,6.7516,6.041,2219,1990-06-22,en,"['Action', 'Science Fiction', 'Thriller']",1
241254,The Prince,18000000,1289595,93,6.7507,4.9,517,2014-08-22,en,"['Thriller', 'Action']",3
11199,Wild Hogs,60000000,253625427,100,6.7479,6.0,2520,2007-03-02,en,"['Action', 'Adventure', 'Comedy']",2
551,The Poseidon Adventure,5000000,84563118,117,6.7471,7.164,1062,1972-12-01,en,"['Adventure', 'Drama', 'Thriller']",2
5544,Hiroshima Mon Amour,0,3193,92,6.7637,7.67,961,1959-06-10,fr,"['Drama', 'History', 'Romance']",4
1389,Out of Sight,48000000,77745966,123,6.7469,6.681,1458,1998-06-26,en,"['Romance', 'Comedy', 'Crime']",2
9530,RV,50000000,87528173,99,6.745,5.904,1847,2006-04-28,en,"['Family', 'Comedy', 'Adventure']",5
649,Belle de Jour,0,0,101,6.745,7.309,1047,1967-05-24,fr,"['Drama', 'Romance']",3
1217584,Torrente for President,0,0,103,6.7457,6.141,153,2026-03-13,es,['Comedy'],3
1181540,Guns Up,0,252865,92,6.7449,6.482,248,2025-05-15,en,"['Action', 'Comedy', 'Crime']",7
13855,The Chaser,2600000,35800000,125,6.7431,7.786,1645,2008-02-14,ko,"['Crime', 'Thriller', 'Action']",1
10015,Heartbreak Ridge,15000000,42700000,130,6.7388,6.91,1169,1986-12-05,en,"['War', 'Drama']",2
1103621,How to Make Millions Before Grandma Dies,1000000,73800000,126,6.7421,8.1,445,2024-04-04,th,['Drama'],2
876792,That Time I Got Reincarnated as a Slime the Movie: Scarlet Bond,0,11628645,108,6.7428,7.4,465,2022-11-25,ja,"['Animation', 'Fantasy', 'Adventure']",11
38778,Dinner for Schmucks,69000000,86387857,114,6.7387,5.7,1991,2010-07-30,en,['Comedy'],2
102362,Dead Man Down,30000000,19600000,118,6.737,6.172,1610,2013-03-08,en,"['Thriller', 'Action', 'Crime', 'Drama']",4
46169,Twitches Too,0,0,83,6.7341,6.7,372,2007-10-12,en,"['Drama', 'Family', 'Fantasy', 'TV Movie']",2
142061,"Batman: The Dark Knight Returns, Part 2",3500000,0,78,6.734,7.9,1640,2013-01-03,en,"['Science Fiction', 'Action', 'Animation', 'Mystery']",3
881164,Boston Strangler,0,0,113,6.7336,6.628,881,2023-03-16,en,"['Crime', 'Mystery', 'Thriller']",4
9618,Tango & Cash,55000000,63408614,104,6.7328,6.515,2230,1989-12-22,en,"['Action', 'Crime', 'Comedy', 'Thriller']",2
221,Rebel Without a Cause,1500000,4500000,111,6.7314,7.5,1828,1955-10-27,en,['Drama'],1
298382,The Dressmaker,11930000,25003426,118,6.7313,6.995,1794,2015-10-29,en,"['Drama', 'Comedy']",6
14174,Lie with Me,2200000,0,93,6.7312,5.22,327,2005-11-11,en,['Drama'],2
18937,Quest for Camelot,40000000,38210798,86,6.73,6.846,874,1998-05-15,en,"['Fantasy', 'Animation', 'Drama', 'Romance', 'Family']",1
19494,Nine to Five,10000000,103300000,110,6.7312,7.0,600,1980-12-18,en,['Comedy'],2
16340,Rugrats in Paris: The Movie,30000000,103291131,79,6.7275,6.7,499,2000-11-17,en,"['Adventure', 'Animation', 'Comedy', 'Family', 'Romance']",4
5551,Space Cowboys,65000000,128900000,130,6.7272,6.391,1596,2000-08-04,en,"['Action', 'Adventure', 'Thriller']",5
6552,Idle Hands,25000000,4152230,92,6.7271,6.218,788,1999-04-30,en,"['Comedy', 'Horror', 'Fantasy']",4
17692,Jaws 3-D,20500000,87987056,98,6.7236,4.469,1462,1983-07-22,en,"['Thriller', 'Horror']",3
369192,Battle of the Sexes,25000000,12638526,121,6.7234,6.747,1994,2017-09-22,en,"['Drama', 'Comedy', 'History']",4
641662,Pieces of a Woman,0,0,127,6.7223,7.006,1352,2020-12-30,en,['Drama'],4
521034,The Secret Garden,0,8721243,100,6.7221,6.336,625,2020-07-08,en,"['Family', 'Fantasy', 'Drama']",3
571265,Digimon Adventure: Last Evolution Kizuna,0,17361009,95,6.7205,8.1,275,2020-02-21,ja,"['Animation', 'Action', 'Adventure', 'Fantasy']",2
13339,Three O'Clock High,6000000,3685862,99,6.7199,6.798,317,1987-10-09,en,['Comedy'],1
332411,I Am Wrath,18000000,0,92,6.7191,5.78,767,2016-04-14,en,"['Action', 'Crime', 'Drama', 'Thriller']",4
741074,Once Upon a Snowman,0,0,7,6.718,6.9,578,2020-10-23,en,"['Adventure', 'Animation', 'Comedy', 'Family', 'Fantasy']",1
16523,Where the Wild Things Are,100000000,100140916,101,6.7174,6.5,2076,2009-10-16,en,"['Adventure', 'Drama', 'Family', 'Fantasy']",6
157845,The Rover,12250000,2510007,103,6.7151,6.262,1100,2014-06-04,en,"['Crime', 'Drama']",6
1406,City Slickers,27000000,179033791,114,6.7128,6.46,914,1991-06-07,en,"['Comedy', 'Western']",3
36728,Naruto Shippuden the Movie: The Will of Fire,0,8100000,95,6.714,7.374,521,2009-08-01,ja,"['Action', 'Adventure', 'Comedy', 'Drama', 'Fantasy', 'Animation']",6
339404,The Layover,0,0,88,6.7122,5.4,740,2017-09-01,en,"['Comedy', 'Romance']",4
1001311,Under Paris,0,0,102,6.7087,5.9,1459,2024-06-04,fr,"['Action', 'Horror']",1
290751,Secret in Their Eyes,19500000,34854990,111,6.7065,6.362,1477,2015-10-14,en,"['Thriller', 'Mystery', 'Crime']",8
3050,Doctor Dolittle,71000000,294500000,85,6.7102,5.731,3394,1998-06-26,en,"['Comedy', 'Family', 'Fantasy']",3
10861,Maximum Risk,25000000,51702483,100,6.7067,5.8,592,1996-09-13,en,"['Action', 'Thriller', 'Crime']",3
1548113,The Muppet Show,0,0,32,6.7044,7.2,121,2026-02-03,en,"['Comedy', 'Family', 'Music', 'TV Movie']",3
17182,Eye for an Eye,20000000,26877589,101,6.7044,6.3,491,1996-01-12,en,"['Thriller', 'Drama']",1
886396,Batman and Superman: Battle of the Super Sons,0,0,80,6.7038,7.6,369,2022-10-17,en,"['Animation', 'Action', 'Science Fiction']",2
1580,Rope,1500000,2200000,81,6.7011,7.929,3100,1948-02-01,en,"['Thriller', 'Crime', 'Drama']",1
13342,Fast Times at Ridgemont High,4500000,27100000,90,6.7025,6.797,1423,1982-08-13,en,"['Comedy', 'Romance', 'Drama']",2
487242,Suicide Squad: Hell to Pay,0,0,86,6.6987,7.094,736,2018-03-23,en,"['Science Fiction', 'Action', 'Animation', 'Fantasy', 'Adventure']",2
15015,Barbie as Rapunzel,0,0,84,6.6986,7.0,1296,2002-10-01,en,"['Animation', 'Family']",1
216919,Deseo,0,0,97,6.6982,6.5,274,2013-09-13,es,['Drama'],4
1662,State of Grace,7000000,1911542,135,6.6979,6.942,441,1990-09-14,en,"['Drama', 'Crime', 'Thriller']",1
10592,Hart's War,70000000,32287044,125,6.6967,6.374,1111,2002-02-15,en,"['Drama', 'War']",4
717930,Kandahar,30000000,9400000,119,6.6957,6.78,1320,2023-05-25,en,"['Action', 'Thriller', 'War']",4
594328,Phineas and Ferb the Movie: Candace Against the Universe,0,0,86,6.6926,7.238,416,2020-06-14,en,"['Family', 'Animation', 'Science Fiction', 'Comedy']",1
210860,Mortdecai,60000000,47318560,107,6.6893,5.522,2815,2015-01-21,en,"['Comedy', 'Adventure']",6
10644,The Unbearable Lightness of Being,17000000,10000000,171,6.6857,6.846,543,1988-02-05,en,"['Drama', 'Romance']",1
379,Miller's Crossing,14000000,5080409,115,6.6844,7.443,1919,1990-09-21,en,"['Drama', 'Thriller', 'Crime']",1
354287,War Machine,60000000,0,122,6.6856,5.619,1283,2017-05-26,en,"['Comedy', 'Drama', 'War']",2
15655,The Tigger Movie,30000000,45554533,77,6.6841,6.7,666,2000-02-11,en,"['Animation', 'Family', 'Comedy']",3
11165,Tora! Tora! Tora!,25485000,37150000,144,6.6831,7.187,629,1970-01-26,en,"['War', 'History', 'Drama']",3
1208808,Night Shift,0,0,107,6.6904,6.428,200,2024-12-05,es,['Horror'],3
10823,Children of the Corn,800000,14568989,92,6.6819,5.726,1177,1984-03-09,en,"['Horror', 'Thriller']",6
458594,Peppermint,25000000,53918723,102,6.6795,6.737,2303,2018-09-06,en,"['Action', 'Thriller']",4
576,The Wild Bunch,6244087,638641,145,6.6813,7.591,1385,1969-06-19,en,['Western'],1
798362,The Marsh King's Daughter,0,0,109,6.6895,6.432,426,2023-09-28,en,"['Thriller', 'Crime', 'Mystery']",3
10131,A Nightmare on Elm Street 4: The Dream Master,6500000,49369899,93,6.6787,5.884,1691,1988-08-19,en,"['Horror', 'Thriller']",3
347031,Swiss Army Man,3000000,5800000,97,6.6767,6.91,3933,2016-06-24,en,"['Comedy', 'Drama', 'Romance', 'Fantasy', 'Adventure']",5
709631,Cobweb,13000000,10091821,88,6.6761,6.43,1154,2023-07-19,en,['Horror'],4
1455079,"You, Me & Tuscany",18000000,22435563,105,6.678,7.3,112,2026-04-09,en,"['Romance', 'Comedy']",2
5137,Sky Captain and the World of Tomorrow,70000000,57958696,107,6.6764,5.896,1428,2004-09-17,en,"['Science Fiction', 'Adventure']",4
397415,Vengeance: A Love Story,28000000,14940116,99,6.6759,5.57,348,2017-03-16,en,"['Action', 'Drama', 'Thriller', 'TV Movie']",6
11636,New Police Story,20000000,8712057,123,6.6756,7.162,854,2004-09-23,cn,"['Action', 'Thriller', 'Crime', 'Drama']",6
1141182,Die Alone,0,0,91,6.6714,6.371,205,2024-09-27,en,"['Horror', 'Thriller', 'Science Fiction']",1
11137,The Prince & Me,22000000,37600000,111,6.6723,6.218,1067,2004-03-28,en,"['Comedy', 'Romance']",5
611914,The Courier,0,4700862,99,6.6704,6.0,586,2019-11-22,en,"['Action', 'Thriller', 'Adventure', 'Crime']",6
51533,Let the Bullets Fly,0,104731450,132,6.6704,7.8,365,2010-12-20,zh,"['Action', 'Comedy']",4
25527,The Ron Clark Story,0,0,90,6.6693,7.6,194,2006-08-13,en,['Drama'],5
10537,The Doors,38000000,34416893,140,6.6693,7.111,1660,1991-03-01,en,"['Music', 'Drama']",4
132232,Mama,15000000,146428180,100,6.6691,6.294,4524,2013-01-17,en,['Horror'],2
11330,Pusher 3,0,0,108,6.6695,7.181,455,2005-08-22,da,"['Action', 'Thriller', 'Crime']",5
10996,Stuart Little 2,120000000,169956806,78,6.6677,5.775,2593,2002-07-19,en,"['Family', 'Adventure', 'Comedy']",3
2332,Taxi 2,10500000,64433844,82,6.6676,6.28,1961,2000-03-25,fr,"['Action', 'Comedy', 'Adventure', 'Crime']",4
9550,House of Flying Daggers,15000000,92863945,119,6.6665,7.266,1856,2004-07-16,zh,"['Adventure', 'Drama', 'Action']",5
1788,Footloose,8200000,80035402,107,6.6649,6.696,2283,1984-02-17,en,"['Drama', 'Romance']",2
492452,Ben Is Back,13000000,12616995,103,6.6648,6.601,977,2018-12-05,en,['Drama'],7
1883,Malcolm X,34000000,48169908,202,6.6639,7.55,2005,1992-11-18,en,"['Drama', 'History']",4
307663,Vice,10000000,0,96,6.6634,4.4,594,2015-01-16,en,"['Thriller', 'Science Fiction', 'Action', 'Adventure']",4
11482,The Tenant,0,5100000,126,6.6625,7.6,1268,1976-05-26,en,"['Thriller', 'Mystery', 'Drama']",1
2640,Heathers,3000000,1166207,103,6.6625,7.25,1958,1989-03-31,en,"['Comedy', 'Crime']",3
579047,Reminiscence,68000000,18717947,116,6.6602,6.5,2013,2021-08-18,en,"['Mystery', 'Science Fiction', 'Thriller']",4
11962,Joe's Apartment,13000000,4600000,81,6.6594,5.84,391,1996-07-26,en,"['Comedy', 'Fantasy']",2
8867,The Punisher,9000000,0,89,6.6594,5.8,717,1989-10-05,en,"['Action', 'Crime', 'Drama']",2
152599,The Immigrant,16000000,5867686,117,6.6591,6.329,898,2013-11-27,en,"['Drama', 'Romance']",4
10720,Down with Love,35000000,20298207,102,6.6551,6.1,813,2003-05-08,en,"['Comedy', 'Romance']",5
190955,Blood Ties,25500000,2415472,128,6.6541,6.1,521,2013-08-22,en,"['Thriller', 'Crime', 'Drama']",10
18861,Naruto the Movie: Guardians of the Crescent Moon Kingdom,0,3200000,95,6.6541,7.071,498,2006-08-05,ja,"['Adventure', 'Animation', 'Action']",7
12584,The Shootist,0,13400000,100,6.6537,7.1,396,1976-07-21,en,['Western'],3
290637,Pay the Ghost,0,2160298,94,6.6519,5.386,836,2015-09-16,en,"['Horror', 'Mystery']",3
513434,One Cut of the Dead,52406,27590180,96,6.6524,7.619,1042,2017-11-04,ja,"['Comedy', 'Horror', 'Drama']",2
12572,"New York, I Love You",14700000,9961023,103,6.6506,5.961,622,2008-09-06,en,"['Comedy', 'Drama', 'Romance']",11
13252,Cleaner,25000000,5796630,88,6.6505,6.095,976,2007-09-11,en,"['Crime', 'Thriller', 'Mystery']",5
2039,Moonstruck,15000000,122100000,102,6.6499,6.838,1151,1987-12-16,en,"['Comedy', 'Drama', 'Romance']",3
10206,Buffy the Vampire Slayer,7000000,16624456,85,6.6489,5.6,950,1992-07-24,en,"['Action', 'Comedy', 'Horror']",3
249164,If I Stay,11000000,78356170,106,6.6478,7.34,4369,2014-08-21,en,['Drama'],3
9285,Road Trip,16000000,119754278,93,6.6461,6.253,2290,2000-05-19,en,"['Comedy', 'Adventure']",2
79218,Ice Age: A Mammoth Christmas,0,0,26,6.6457,6.5,729,2011-11-24,en,"['Animation', 'Family', 'TV Movie']",3
13494,Red Sonja,0,271461,111,6.6453,5.595,279,2025-07-31,en,"['Adventure', 'Action', 'Fantasy']",4
801,"Good Morning, Vietnam",13000000,123922370,121,6.6443,7.3,3115,1987-12-23,en,"['Comedy', 'Drama', 'War']",2
9280,Femme Fatale,35000000,16800000,114,6.6438,6.154,689,2002-04-30,en,"['Mystery', 'Crime', 'Thriller']",2
9293,John Tucker Must Die,18000000,68844775,87,6.6436,6.09,1520,2006-07-27,en,"['Comedy', 'Romance']",5
560050,Over the Moon,0,0,95,6.6421,7.2,1432,2020-10-16,en,"['Animation', 'Adventure', 'Family', 'Fantasy']",3
1880,Red Dawn,17000000,38400000,114,6.6402,6.283,926,1984-08-10,en,"['Thriller', 'War', 'Drama']",3
11023,Thirteen,2000000,10128960,100,6.6398,6.7,1840,2003-08-20,en,['Drama'],4
9294,Phenomenon,32000000,152000000,123,6.6372,6.529,1423,1996-07-05,en,"['Drama', 'Romance', 'Fantasy']",1
54054,One for the Money,40000000,36893721,91,6.6362,5.552,1019,2012-01-26,en,"['Action', 'Comedy', 'Crime']",3
1210732,How to Make a Killing,0,11511605,113,6.6358,6.444,408,2025-01-01,fr,"['Comedy', 'Thriller', 'Crime']",1
10242,What Ever Happened to Baby Jane?,980000,0,135,6.634,7.895,1196,1962-10-31,en,"['Horror', 'Thriller']",1
1647,The Recruit,46000000,101200000,115,6.6328,6.407,1996,2003-01-31,en,"['Action', 'Thriller']",1
39486,Secretariat,35000000,60300000,123,6.6324,7.4,653,2010-08-20,en,['Drama'],3
37950,Charlie St. Cloud,44000000,48200000,99,6.6311,6.977,2268,2010-07-30,en,"['Drama', 'Romance']",3
1275945,Avicii - I'm Tim,0,0,97,6.63,8.1,128,2024-06-09,sv,"['Documentary', 'Music']",2
556574,Hamilton,12500000,20659643,160,6.6293,7.864,162,2025-09-05,en,"['History', 'Drama']",4
2788,Reality Bites,11500000,33351557,98,6.6277,6.535,823,1994-02-18,en,"['Drama', 'Romance', 'Comedy']",2
11702,The Replacement Killers,30000000,19200000,87,6.626,6.3,606,1998-02-06,en,"['Action', 'Crime', 'Thriller']",3
1215162,Kill 'em All 2,0,0,85,6.6245,6.8,179,2024-09-24,en,"['Action', 'Crime', 'Thriller']",2
3980,Critters,2000000,13167232,86,6.6244,6.493,1153,1986-04-11,en,"['Comedy', 'Horror', 'Science Fiction']",3
687,Dead Man Walking,11000000,39363635,122,6.6242,7.308,1546,1995-12-29,en,['Drama'],5
898,Birdman of Alcatraz,2650000,3100000,147,6.6235,7.474,359,1962-07-04,en,"['Drama', 'Crime', 'History']",2
13465,The Adventures of Ichabod and Mr. Toad,0,3250000,68,6.6234,6.531,717,1949-10-05,en,"['Horror', 'Fantasy', 'Animation', 'Family']",1
284289,Beyond the Reach,0,45895,95,6.6232,5.936,416,2014-09-06,en,['Thriller'],1
146381,Justin and the Knights of Valour,22000000,19799759,90,6.6223,5.9,338,2013-08-09,en,"['Animation', 'Adventure']",8
49022,Something Borrowed,35000000,65090821,112,6.6219,6.236,1117,2011-05-05,en,"['Comedy', 'Drama', 'Romance']",5
335778,Risen,20000000,46100000,107,6.6207,6.3,981,2016-02-18,en,"['Action', 'Adventure', 'Drama', 'History', 'Mystery']",4
17422,Summer Palace,0,0,135,6.6151,7.3,115,2006-05-18,zh,"['Drama', 'Romance']",4
19186,The Parent Trap,0,29650385,129,6.6144,7.039,445,1961-05-13,en,"['Comedy', 'Family', 'Romance']",1
82023,Hotel Desire,230758,0,38,6.6075,6.2,164,2011-12-07,de,"['Drama', 'Romance']",2
12090,Just Married,18000000,101564935,95,6.6075,5.8,1496,2003-01-08,en,"['Romance', 'Comedy']",3
140823,Saving Mr. Banks,35000000,112544580,126,6.6072,7.336,3575,2013-11-29,en,"['Comedy', 'Drama', 'History']",5
13092,How to Lose Friends & Alienate People,28000000,17286299,110,6.6038,6.03,872,2008-10-02,en,"['Comedy', 'Romance', 'Drama']",6
433502,The Aftermath,0,9215591,108,6.6027,6.437,742,2019-03-01,en,"['War', 'Drama', 'Romance']",3
452832,Serenity,25000000,14500000,102,6.6025,5.472,1666,2019-01-24,en,"['Thriller', 'Mystery', 'Drama']",2
963,The Maltese Falcon,375000,1772000,100,6.6022,7.703,1946,1941-10-18,en,"['Mystery', 'Crime', 'Thriller']",1
346709,Line of Duty,0,646389,98,6.6021,5.9,374,2019-12-25,en,"['Thriller', 'Crime', 'Action']",6
1015606,Obi-Wan Kenobi: A Jedi's Return,0,0,60,6.6001,6.8,1023,2022-09-07,en,['Documentary'],2
864370,Incantation,0,5700000,111,6.5999,6.829,874,2022-03-18,zh,['Horror'],3
480042,Escape Plan: The Extractors,3600000,1766092,97,6.598,5.438,979,2019-06-20,en,"['Action', 'Thriller', 'Crime']",9
444539,The Bookshop,5400000,12055868,110,6.5976,6.5,472,2017-11-10,en,['Drama'],3
10684,Courage Under Fire,46000000,100900000,116,6.5974,6.6,1105,1996-07-04,en,"['Drama', 'Thriller', 'Mystery', 'War']",4
155084,13 Sins,5000000,13809,93,6.5973,6.324,1246,2014-04-11,en,"['Horror', 'Thriller']",2
537061,Steven Universe: The Movie,0,0,83,6.5956,8.2,885,2019-10-07,en,"['Animation', 'Family', 'Adventure', 'Fantasy', 'Drama', 'TV Movie']",1
919207,12.12: The Day,0,0,142,6.5948,7.57,157,2023-11-22,ko,"['Drama', 'Thriller', 'Action', 'War', 'History', 'Crime']",1
629176,Samaritan,100000000,75000000,102,6.5939,6.643,2279,2022-08-25,en,"['Science Fiction', 'Crime', 'Action']",2
2067,Mission to Mars,90000000,110983407,114,6.593,6.0,1655,2000-03-10,en,"['Science Fiction', 'Adventure', 'Mystery']",3
850,A Christmas Story,3300000,20700000,93,6.5913,7.235,1473,1983-11-18,en,"['Comedy', 'Family']",1
939335,Muzzle,0,7807,100,6.591,6.5,374,2023-09-29,en,"['Action', 'Thriller']",5
9969,Deck the Halls,51000000,47231070,93,6.5908,5.622,834,2006-11-22,en,"['Comedy', 'Family']",2
1696,The Devil's Rejects,7000000,20901859,111,6.5891,6.7,1609,2005-07-22,en,"['Drama', 'Horror', 'Crime']",4
341006,The Belko Experiment,5000000,11792942,89,6.588,6.175,1736,2017-03-17,en,"['Horror', 'Thriller', 'Action']",4
9303,Bound,4500000,7011317,105,6.5877,7.239,1155,1996-09-13,en,"['Drama', 'Thriller', 'Crime']",3
10477,Driven,94000000,54744738,116,6.587,5.173,857,2001-04-27,en,"['Action', 'Drama']",1
397567,Along with the Gods: The Two Worlds,18300000,125983972,139,6.5858,8.063,1272,2017-12-20,ko,"['Action', 'Adventure', 'Drama', 'Fantasy', 'Thriller']",7
132363,The Butler,25000000,177313795,132,6.5858,7.314,3085,2013-08-16,en,['Drama'],6
12120,My Stepmother Is an Alien,20000000,13854000,108,6.5851,5.837,625,1988-12-09,en,"['Comedy', 'Science Fiction']",2
11901,High Plains Drifter,5500000,15700000,106,6.5841,7.329,1398,1973-04-19,en,"['Western', 'Drama', 'Mystery']",2
1290424,The Great Arch,0,0,104,6.5833,6.936,125,2025-11-05,fr,"['Drama', 'History']",4
9838,King Solomon's Mines,12500000,15057465,100,6.5802,5.426,495,1985-11-22,en,"['Action', 'Adventure', 'Comedy']",2
982271,Book Club: The Next Chapter,20000000,27849137,108,6.5826,6.275,229,2023-05-11,en,"['Comedy', 'Romance']",5
531499,The Tax Collector,30000000,942666,95,6.5801,5.744,574,2020-08-07,en,"['Action', 'Crime', 'Drama']",4
1130276,Succubus,0,0,103,6.5798,8.4,266,2024-10-06,en,"['Horror', 'Thriller']",3
6081,Revenge of the Pink Panther,12000000,49579269,99,6.5802,6.412,508,1978-01-08,en,"['Comedy', 'Crime', 'Mystery']",4
46503,All Good Things,0,1754389,101,6.5798,6.068,1039,2010-12-03,en,"['Mystery', 'Thriller', 'Romance']",1
932430,Prom Pact,0,0,98,6.5782,7.2,195,2023-03-30,en,"['Comedy', 'Romance', 'TV Movie']",5
77953,The Campaign,95000000,104907746,85,6.5781,5.842,1949,2012-08-09,en,['Comedy'],4
1247019,Death Whisperer 2,0,4210676,112,6.5774,6.969,129,2024-10-10,th,"['Horror', 'Thriller', 'Action']",2
9012,Jackass: The Movie,5000000,64282312,85,6.5769,6.341,1831,2002-10-25,en,"['Action', 'Comedy', 'Documentary']",4
9044,Tristan & Isolde,31000000,28000000,125,6.5765,6.7,872,2006-04-07,en,"['Drama', 'Romance']",2
43959,Soul Surfer,18000000,47088990,112,6.5767,7.0,1281,2011-04-08,en,"['Family', 'Drama']",7
9407,Red Corner,48000000,22420000,122,6.5758,6.3,419,1997-10-30,en,"['Crime', 'Drama', 'Thriller']",2
1205229,Night of the Zoopocalypse,12000000,8860435,91,6.5712,6.738,107,2025-01-23,en,"['Animation', 'Comedy', 'Horror', 'Adventure', 'Science Fiction', 'Family']",8
18736,The Lizzie McGuire Movie,17000000,55534455,94,6.5741,6.3,1362,2003-05-02,en,"['Family', 'Comedy']",2
157547,Oculus,5000000,44459951,104,6.5698,6.5,3299,2014-04-03,en,['Horror'],4
1047041,Detective Conan: Black Iron Submarine,0,106771806,110,6.5691,7.033,150,2023-04-14,ja,"['Animation', 'Action', 'Crime', 'Mystery']",6
15854,Kung Fu Panda: Secrets of the Furious Five,0,0,25,6.567,6.8,492,2008-11-08,en,"['Animation', 'Family', 'Action']",2
19114,Endless Love,9700000,32492674,116,6.5644,5.668,259,1981-07-17,en,"['Romance', 'Drama']",1
112949,Safe Haven,28000000,97600000,115,6.5637,7.233,2471,2013-02-07,en,"['Romance', 'Thriller']",2
449563,Isn't It Romantic,31000000,48800000,88,6.5628,6.193,3633,2019-02-13,en,"['Comedy', 'Fantasy', 'Romance']",5
21407,The Collector,3400000,114000000,90,6.5636,6.626,1745,2009-07-09,en,"['Horror', 'Thriller']",3
241251,The Boy Next Door,4000000,52425855,91,6.5628,4.952,2141,2015-01-23,en,['Thriller'],3
10935,Heaven's Gate,44000000,3484331,217,6.5627,6.747,435,1980-11-19,en,"['Drama', 'Western', 'History']",2
11009,Saturday Night Fever,3500000,237113184,118,6.5626,6.738,2158,1977-12-16,en,['Drama'],3
14166,Pretty Persuasion,0,0,109,6.5618,5.8,151,2005-01-22,en,['Comedy'],2
11499,Frost/Nixon,25000000,27426335,122,6.5617,7.274,1353,2008-10-15,en,"['Drama', 'History']",5
399796,Life of the Party,30000000,61700416,105,6.561,6.083,1070,2018-05-10,en,['Comedy'],2
15137,Evangelion: 1.0 You Are (Not) Alone,7000000,20121073,101,6.5606,7.597,1141,2007-09-01,ja,"['Animation', 'Science Fiction', 'Action', 'Drama']",1
711,Finding Forrester,43000000,80100000,136,6.5606,7.121,1269,2000-12-21,en,"['Drama', 'History']",4
556984,The Trial of the Chicago 7,35000000,107423,130,6.5575,7.654,3461,2020-09-25,en,"['Drama', 'History']",2
1186563,The Friend,0,4139459,119,6.558,6.713,126,2025-03-28,en,"['Comedy', 'Drama']",2
62837,Dolphin Tale,37000000,95404397,113,6.556,6.902,698,2011-09-22,en,"['Drama', 'Family']",1
407447,The Extraordinary Journey of the Fakir,0,3267486,96,6.5556,6.9,314,2018-05-09,en,"['Comedy', 'Adventure', 'Drama']",1
27585,Rabbit Hole,5000000,5144717,91,6.5546,6.632,679,2010-12-16,en,['Drama'],3
10641,Autumn in New York,65000000,90726668,103,6.5544,6.1,786,2000-08-11,en,"['Drama', 'Romance']",2
11638,Guess Who,35000000,103100000,105,6.5538,6.008,1031,2005-03-25,en,"['Comedy', 'Romance']",5
8649,Bringing Out the Dead,32000000,16797191,121,6.5537,6.602,1282,1999-10-22,en,['Drama'],4
10145,The Forgotten,42000000,117592831,91,6.5525,5.9,1298,2004-09-24,en,"['Thriller', 'Mystery', 'Science Fiction']",3
9967,Uncommon Valor,11000000,30503151,105,6.5521,6.2,231,1983-12-16,en,"['Drama', 'War', 'Action']",1
80184,The Hidden Face,0,0,92,6.5514,7.3,1169,2011-09-16,es,"['Thriller', 'Mystery']",3
10730,King Kong,23000000,90614445,134,6.5497,6.31,957,1976-12-15,en,"['Adventure', 'Horror']",1
9056,Police Story,0,18724000,99,6.549,7.558,1107,1985-12-14,cn,"['Action', 'Crime', 'Comedy']",3
937746,Io Capitano,13272819,0,121,6.5493,7.778,855,2023-09-07,it,"['Adventure', 'Drama']",5
296100,The Night Before,25000000,52395996,101,6.5489,6.088,1886,2015-11-20,en,"['Comedy', 'Adventure', 'Fantasy']",3
411840,Surf's Up 2: WaveMania,0,0,84,6.5484,5.9,309,2017-01-26,en,"['Animation', 'Family', 'Comedy']",3
846433,The Enforcer,1261569,0,91,6.548,7.0,531,2022-09-22,en,"['Action', 'Crime', 'Drama']",2
26522,A Soldier's Story,6000000,21821347,101,6.5447,6.8,210,1984-09-14,en,"['Mystery', 'Crime', 'Drama']",2
9651,Supergirl,35000000,14296438,124,6.5447,5.395,735,1984-07-01,en,"['Adventure', 'Fantasy', 'Action', 'Science Fiction']",2
552532,Charm City Kings,0,0,125,6.5437,7.839,508,2020-01-27,en,['Drama'],3
180296,They Came Together,0,0,83,6.5433,5.6,462,2014-06-27,en,['Comedy'],2
716594,No Man of God,0,0,100,6.5426,6.6,350,2021-08-19,en,"['Crime', 'Drama', 'Thriller', 'History']",2
970347,The Killer,30000000,318618,126,6.5389,6.267,627,2024-08-22,en,"['Action', 'Thriller', 'Crime']",4
9529,Candyman,6000000,25792310,100,6.5418,6.67,1879,1992-10-16,en,"['Drama', 'Horror', 'Thriller']",3
560052,My Father's Dragon,0,0,99,6.5397,7.0,125,2022-11-04,en,"['Animation', 'Adventure', 'Family', 'Fantasy', 'Comedy']",4
291351,The Sea of Trees,25000000,909000,110,6.5386,6.191,556,2016-04-27,en,['Drama'],3
7553,Waiting...,3000000,18637690,94,6.5386,6.2,1030,2005-10-07,en,['Comedy'],3
11384,The Hard Way,24000000,65595485,111,6.538,6.19,504,1991-03-08,en,"['Action', 'Comedy', 'Crime']",2
1355666,Love Untangled,0,0,121,6.5359,8.23,237,2025-08-28,ko,"['Romance', 'Drama', 'Comedy']",1
10136,The Golden Child,25000000,79817939,94,6.5358,5.936,1228,1986-12-12,en,"['Action', 'Adventure', 'Comedy']",3
923667,Twilight of the Warriors: Walled In,38400000,95399186,126,6.5307,7.024,488,2024-05-01,cn,"['Action', 'Crime', 'Thriller']",7
11676,Nothing to Lose,25000000,44480039,97,6.5325,6.608,758,1997-07-18,en,"['Comedy', 'Crime', 'Action', 'Adventure']",2
787752,Fresh,1500000,0,114,6.5296,6.943,1951,2022-03-03,en,"['Horror', 'Thriller', 'Comedy']",2
430447,Mary and The Witch's Flower,0,42170089,103,6.5293,7.2,939,2017-07-08,ja,"['Animation', 'Adventure', 'Family', 'Fantasy']",1
10142,Casualties of War,22500000,18671317,113,6.5276,7.167,1052,1989-08-18,en,"['Drama', 'History', 'War']",1
1323784,Bad Influence,0,0,106,6.5247,5.761,318,2025-01-24,es,"['Thriller', 'Drama', 'Romance']",4
586,Wag the Dog,15000000,64256513,97,6.5242,6.9,1098,1997-12-25,en,"['Comedy', 'Drama']",4
396194,Ennio,0,4332386,156,6.5233,8.3,392,2022-02-17,it,"['Documentary', 'Music', 'History']",6
11156,Coco Before Chanel,0,0,110,6.5224,6.862,1056,2009-04-22,fr,"['Drama', 'History']",5
19545,Invasion of Astro-Monster,0,3000000,96,6.522,6.8,265,1965-12-19,ja,"['Science Fiction', 'Action']",5
588921,Ainbo: Spirit of the Amazon,10000000,10237061,84,6.5206,7.0,479,2021-02-09,en,"['Adventure', 'Animation', 'Family', 'Fantasy']",1
292280,The Bye Bye Man,7400000,26700000,96,6.5211,5.211,1339,2017-01-12,en,"['Horror', 'Thriller']",3
13633,Bad Boys,0,9190819,123,6.5182,7.0,321,1983-03-25,en,"['Crime', 'Drama', 'Thriller']",4
209247,The Art of the Steal,0,64065,90,6.5177,6.172,633,2013-09-20,en,"['Comedy', 'Crime']",6
1041513,Encanto at the Hollywood Bowl,0,0,45,6.5169,7.0,168,2022-12-27,en,"['Music', 'Documentary']",5
71,Billy Elliot,5000000,109280263,111,6.5159,7.599,4189,2000-09-28,en,"['Drama', 'Comedy', 'Music']",7
682012,Little Amélie or the Character of Rain,11100000,1530750,77,6.5158,7.888,219,2025-06-25,fr,"['Animation', 'Drama', 'Family']",6
476764,The Front Runner,25000000,3300000,113,6.5158,5.9,391,2018-11-06,en,"['Drama', 'History']",3
5550,RoboCop 3,22000000,10696210,105,6.5141,4.903,1505,1993-01-21,en,"['Action', 'Science Fiction', 'Thriller']",1
77234,The Numbers Station,10000000,3107646,90,6.5139,5.5,607,2013-04-18,en,"['Action', 'Thriller']",8
329440,The Forest,10000000,37608299,93,6.5101,5.236,1914,2016-01-07,en,"['Horror', 'Thriller', 'Mystery']",3
1072876,Self Reliance,70000000,0,91,6.5104,5.9,338,2024-01-03,en,"['Comedy', 'Thriller']",4
418879,The Current War,30000000,12217160,108,6.5099,6.688,1179,2018-02-01,en,"['Drama', 'History']",5
10956,Joe Dirt,17700000,30987695,92,6.5094,5.655,844,2001-04-10,en,"['Adventure', 'Comedy']",3
11257,A Room with a View,3000000,20966644,117,6.5093,6.9,863,1986-03-07,en,"['Drama', 'Romance']",2
13649,High School Musical 2,7000000,0,111,6.5085,6.5,3924,2007-08-17,en,"['Comedy', 'Family', 'TV Movie']",3
540901,Hustlers,20000000,157563598,110,6.5069,6.46,3147,2019-09-12,en,"['Drama', 'Comedy', 'Crime']",4
453201,The 15:17 to Paris,30000000,57076286,94,6.5064,5.411,1732,2018-02-07,en,"['Drama', 'Thriller']",5
205588,Our Kind of Traitor,4000000,9930095,108,6.5057,6.0,634,2016-05-05,en,['Thriller'],5
522402,Finch,2500000,0,116,6.5051,7.818,4215,2021-11-04,en,"['Science Fiction', 'Drama', 'Adventure']",6
511322,The Good Liar,10000000,33856058,109,6.5046,6.675,1311,2019-11-08,en,['Crime'],3
75624,Naruto Shippuden the Movie: Blood Prison,0,9065101,108,6.5048,7.246,714,2011-07-30,ja,"['Thriller', 'Animation', 'Action', 'Comedy', 'Horror', 'Mystery']",6
728754,Stand by Me Doraemon 2,0,0,96,6.5038,7.85,264,2020-11-20,ja,"['Animation', 'Adventure', 'Comedy', 'Science Fiction', 'Drama', 'Family', 'Fantasy']",19
11595,Another 48 Hrs.,38000000,153518974,95,6.5038,6.005,1043,1990-06-08,en,"['Action', 'Comedy', 'Crime']",3
1139566,Through My Window 3: Looking at You,0,0,105,6.5033,6.9,690,2024-02-23,es,"['Romance', 'Drama', 'Comedy']",2
1273,TMNT,34000000,95608995,87,6.5027,6.212,1278,2007-03-23,en,"['Adventure', 'Animation', 'Comedy', 'Family']",2
245698,Pawn Sacrifice,19000000,5578519,115,6.5021,6.7,1098,2015-09-16,en,"['Thriller', 'Drama']",2
449503,Kill 'em All,0,0,96,6.5015,5.7,200,2017-06-06,en,"['Action', 'Crime']",4
42297,Burlesque,55000000,89500000,119,6.5014,7.215,2414,2010-11-23,en,"['Drama', 'Romance']",2
669671,Night Teeth,21700000,0,107,6.5009,6.422,901,2021-10-20,en,"['Horror', 'Thriller', 'Action']",2
9822,Mighty Joe Young,90000000,0,114,6.5,6.3,906,1998-12-25,en,"['Adventure', 'Family', 'Action', 'Fantasy']",3
575,The Experiment,0,13782896,120,6.5009,7.426,1276,2001-03-08,de,"['Drama', 'Thriller']",4
10868,The Accused,0,0,111,6.4988,7.073,708,1988-10-14,en,"['Crime', 'Drama']",2
39103,Dragon Ball Z: The Return of Cooler,0,19581369,46,6.498,6.5,1125,1992-03-07,ja,"['Action', 'Animation', 'Science Fiction']",3
68727,Trance,20000000,24300000,101,6.4973,6.616,2427,2013-03-27,en,"['Thriller', 'Crime', 'Mystery']",11
334074,Survivor,20000000,0,96,6.4969,5.704,1112,2015-05-21,en,"['Action', 'Crime', 'Mystery', 'Thriller']",3
42269,We All Loved Each Other So Much,0,0,125,6.4963,8.278,669,1974-12-21,it,"['Drama', 'Comedy']",1
11687,The Visitors,9500000,98800000,107,6.4959,7.122,2107,1993-01-27,fr,"['Fantasy', 'Comedy']",4
523773,Little Italy,0,0,101,6.4943,6.6,720,2018-08-24,en,"['Comedy', 'Romance']",5
19901,Daybreakers,20000000,51417188,98,6.4943,6.284,2271,2010-01-06,en,"['Action', 'Fantasy', 'Science Fiction']",5
10134,Cyborg,500000,10166459,86,6.4932,5.659,864,1989-04-07,en,"['Science Fiction', 'Action', 'Thriller', 'Adventure']",2
529983,The Poison Rose,0,323754,98,6.493,4.734,383,2019-05-23,en,"['Thriller', 'Crime']",3
10016,Ghosts of Mars,28000000,14010832,98,6.4929,5.161,1290,2001-08-14,en,"['Action', 'Horror', 'Science Fiction']",3
9722,Bewitched,85000000,131426169,102,6.4927,5.091,1700,2005-06-21,en,"['Comedy', 'Fantasy', 'Romance']",2
621013,Chemical Hearts,0,0,93,6.4926,7.293,1173,2020-08-21,en,"['Drama', 'Romance']",3
11015,The Relic,60000000,33956608,110,6.491,6.2,667,1997-01-10,en,"['Horror', 'Mystery', 'Thriller', 'Science Fiction']",8
11068,Singles,0,18472850,99,6.4905,6.4,451,1992-09-18,en,"['Romance', 'Comedy', 'Drama']",2
169219,The Dyatlov Pass Incident,0,5217347,100,6.4901,6.0,767,2013-02-27,en,"['Thriller', 'Mystery']",5
12435,The Nanny Diaries,20000000,47817020,105,6.49,6.4,1267,2007-08-24,en,"['Comedy', 'Drama', 'Romance']",2
12149,Frailty,11000000,17400000,100,6.4899,6.954,1412,2002-04-12,en,"['Drama', 'Thriller', 'Crime']",5
5038,Vicky Cristina Barcelona,15000000,96409830,96,6.4899,6.798,4132,2008-08-15,en,"['Drama', 'Romance']",4
50698,Grave Encounters,1000000,0,93,6.4892,6.336,1733,2011-09-09,en,"['Thriller', 'Horror']",3
250538,The Good Lie,20000000,3396345,110,6.4868,7.516,626,2014-09-10,en,['Drama'],5
33909,Wall Street: Money Never Sleeps,70000000,134748021,133,6.4866,6.094,1743,2010-09-20,en,"['Drama', 'Crime']",4
13022,Rogue,20000000,4600000,99,6.4856,6.3,795,2007-11-08,en,"['Action', 'Horror', 'Thriller']",3
11422,Midway,4000000,100000000,132,6.4851,6.6,342,1976-06-18,en,"['Action', 'Drama', 'History', 'War']",2
793387,Holy Night: Demon Hunters,0,6500000,92,6.4846,6.979,118,2025-04-30,ko,"['Action', 'Fantasy', 'Horror', 'Thriller']",2
2255,Chasing Amy,250000,12021272,114,6.4842,6.748,1608,1997-04-04,en,"['Comedy', 'Drama', 'Romance']",2
11802,Space Chimps,37000000,64762724,81,6.4834,4.9,500,2008-06-25,en,"['Animation', 'Family', 'Adventure', 'Comedy', 'Science Fiction']",2
677638,We Bare Bears: The Movie,0,0,69,6.4829,7.828,867,2020-06-30,en,"['Animation', 'Adventure', 'Family', 'Comedy', 'TV Movie']",1
154,Star Trek II: The Wrath of Khan,12000000,96594943,113,6.4821,7.5,2224,1982-06-04,en,"['Action', 'Adventure', 'Science Fiction', 'Thriller']",1
253980,Marvel One-Shot: All Hail the King,0,0,14,6.4818,6.748,654,2014-02-04,en,"['Action', 'Comedy', 'Fantasy']",1
12609,Help! I'm a Fish,18000000,5600000,80,6.481,6.7,465,2000-10-06,da,"['Adventure', 'Animation', 'Comedy', 'Family', 'Drama']",6
11697,The Man Who Shot Liberty Valance,3200000,8000000,123,6.2654,7.825,1344,1962-04-13,en,['Western'],2
551332,The Two Popes,0,232638,125,6.1728,7.469,3236,2019-11-27,en,"['Drama', 'History']",1
11327,Midnight Express,2300000,35000000,121,6.4798,7.437,1956,1978-08-31,en,"['Drama', 'Crime']",2
530382,In the Shadow of the Moon,0,0,115,6.2604,6.181,1661,2019-09-27,en,"['Science Fiction', 'Thriller']",4
209263,Enough Said,0,25288872,93,5.6202,6.735,947,2013-09-18,en,"['Comedy', 'Drama', 'Romance']",5
1212142,Kinda Pregnant,0,0,98,6.0539,5.567,336,2025-02-04,en,"['Comedy', 'Romance']",4
1073,Arlington Road,31000000,41100000,117,6.2158,7.044,1317,1999-03-19,en,"['Crime', 'Drama', 'Thriller', 'Mystery']",6
488623,Forgotten,0,9968972,108,6.2451,7.871,1409,2017-11-29,ko,"['Thriller', 'Mystery', 'Crime']",7
9962,The Good Girl,8000000,16900000,93,6.4661,6.2,702,2002-08-07,en,"['Drama', 'Comedy', 'Romance']",3
11589,Kelly's Heroes,4000000,5200000,144,6.2578,7.393,862,1970-06-22,en,"['Adventure', 'Comedy', 'War']",3
414001,The Mercy,18000000,4536348,102,6.0787,5.932,307,2018-02-09,en,"['Drama', 'Adventure']",3
436343,On Body and Soul,0,0,116,5.6874,7.249,638,2017-03-02,hu,"['Drama', 'Romance', 'Fantasy']",1
1227816,Red Right Hand,0,0,111,5.941,6.582,257,2024-02-22,en,"['Crime', 'Action', 'Thriller']",2
12657,Soul Plane,16000000,14800000,86,6.4079,5.515,522,2004-05-28,en,['Comedy'],2
675531,Dark Harvest,0,0,96,6.0445,6.1,336,2023-10-11,en,"['Horror', 'Fantasy', 'Thriller']",2
10366,Universal Soldier: The Return,33500000,10667893,82,6.2708,5.9,1376,1999-08-05,en,"['Action', 'Science Fiction']",4
8195,Ronin,55000000,70692101,122,6.2682,6.969,2805,1998-09-25,en,"['Action', 'Thriller', 'Crime']",4
736073,"Batman: The Long Halloween, Part One",0,0,85,5.915,7.444,731,2021-06-21,en,"['Animation', 'Mystery', 'Action', 'Crime']",2
14435,My Bloody Valentine,15000000,102836002,101,6.0183,5.587,1361,2009-01-16,en,"['Horror', 'Thriller']",1
439015,Slender Man,10000000,51738549,93,6.2559,4.307,2192,2018-05-17,en,"['Horror', 'Mystery', 'Thriller']",3
718014,Hold Your Breath,0,0,94,6.3278,5.91,284,2024-09-12,en,"['Horror', 'Thriller', 'Drama']",3
10474,The Basketball Diaries,2000000,2381087,102,5.5965,7.402,2297,1995-04-21,en,"['Drama', 'Crime']",1
9454,EverAfter,26000000,98005666,121,6.086,7.457,1628,1998-07-31,en,"['Drama', 'Romance', 'Comedy']",3
829799,Paradise City,20000000,0,93,6.0136,5.421,190,2022-11-11,en,"['Action', 'Crime', 'Thriller']",9
8461,Funny Games,15000000,7938872,111,5.9811,6.537,2359,2008-03-14,en,"['Thriller', 'Horror']",9
454619,Overboard,12000000,91244913,112,6.4098,6.667,1540,2018-04-13,en,"['Romance', 'Comedy']",3
11069,Tremors 2: Aftershocks,4000000,0,100,6.1094,6.35,1112,1996-04-09,en,"['Comedy', 'Horror', 'Science Fiction']",1
617502,Jolt,0,238524,91,6.2648,6.495,1443,2021-07-15,en,"['Action', 'Thriller', 'Crime']",8
11576,"It's a Mad, Mad, Mad, Mad World",9400000,60000000,192,6.178,7.0,720,1963-11-07,en,"['Adventure', 'Comedy', 'Crime']",2
127517,Disconnect,10000000,3428048,116,6.0182,7.077,1256,2013-04-12,en,"['Drama', 'Thriller']",4
338768,Please Stand By,0,0,93,5.822,6.8,534,2018-01-26,en,"['Comedy', 'Drama']",2
21078,Tom and Jerry Blast Off to Mars!,0,0,70,5.991,6.6,161,2005-01-18,en,"['Animation', 'Family']",2
802217,8-Bit Christmas,0,0,98,6.1693,6.4,520,2021-11-24,en,"['Family', 'Comedy']",2
12150,Sea of Love,19000000,110879513,113,6.4142,6.602,715,1989-09-15,en,"['Crime', 'Drama', 'Romance']",1
10660,It Could Happen to You,20000000,37939757,101,6.4111,6.745,973,1994-07-16,en,"['Comedy', 'Drama', 'Romance']",1
76544,Man of Tai Chi,25000000,2054941,105,6.411,6.116,1025,2013-07-04,en,"['Action', 'Drama']",5
823609,Monster Family 2,0,6722205,103,6.4108,6.6,106,2021-10-15,en,"['Animation', 'Family', 'Comedy']",3
831815,Saving Bikini Bottom: The Sandy Cheeks Movie,100000000,100000000,87,6.4086,6.121,190,2024-10-01,en,"['Family', 'Comedy', 'Adventure', 'Animation']",1
12118,Police Academy 3: Back in Training,12000000,107600000,84,6.4058,5.82,1422,1986-03-20,en,"['Comedy', 'Crime']",2
301804,Before I Wake,0,4937677,97,6.4079,6.498,2034,2016-04-07,en,"['Drama', 'Fantasy', 'Horror', 'Thriller']",3
8976,A Lot Like Love,30000000,42886719,107,6.4002,6.839,1403,2005-04-21,en,"['Comedy', 'Drama', 'Romance']",4
2654,In the Mouth of Madness,8000000,8946600,95,6.3974,7.209,2017,1995-02-03,en,"['Horror', 'Mystery', 'Drama', 'Thriller', 'Fantasy']",1
1221061,Sound of Falling,0,0,148,6.4011,6.965,127,2025-08-28,de,['Drama'],2
763,Braindead,3000000,242623,103,6.3971,7.4,1929,1992-08-13,en,"['Horror', 'Comedy']",4
979924,On the Line,0,0,104,6.3968,6.072,609,2022-10-31,en,"['Thriller', 'Drama']",5
26953,Puppetmaster,0,0,88,6.3961,5.853,408,1989-10-12,en,['Horror'],1
12219,12 Angry Men,1750000,2000000,117,6.395,7.691,476,1997-08-17,en,"['Drama', 'TV Movie']",1
11006,Smokey and the Bandit,4300000,126700000,96,6.395,7.0,837,1977-05-27,en,"['Action', 'Adventure', 'Comedy']",1
11895,Police Academy 6: City Under Siege,15000000,33200000,84,6.3946,5.146,985,1989-03-09,en,"['Comedy', 'Crime']",1
11652,Invincible,30000000,57800000,105,6.3942,7.037,1073,2006-08-25,en,"['Drama', 'History']",1
5919,The Towering Inferno,14000000,116000000,165,6.3934,7.008,1087,1974-12-14,en,"['Action', 'Drama', 'Thriller']",3
156717,Death Race: Inferno,6500000,0,104,6.3933,5.879,857,2013-01-04,en,"['Action', 'Science Fiction', 'Thriller']",2
9801,Bridget Jones: The Edge of Reason,40000000,265126918,108,6.3915,6.229,3094,2004-11-10,en,"['Comedy', 'Romance']",3
227348,Paranormal Activity: The Marked Ones,5000000,90894962,84,6.3914,5.445,1587,2014-01-01,en,"['Horror', 'Thriller']",3
15764,Sophie's Choice,12000000,30036166,151,6.3908,7.304,968,1982-12-08,en,"['Drama', 'Romance', 'War']",2
9086,Young Guns II,20000000,59000000,104,6.3904,6.527,622,1990-08-01,en,"['Western', 'Adventure']",1
62204,Quest for Fire,12000000,55260558,100,6.3903,7.038,601,1981-12-16,fr,"['Adventure', 'Drama', 'Fantasy']",7
14199,The Adventures of Sharkboy and Lavagirl,50000000,72000000,92,6.39,5.22,1652,2005-06-10,en,"['Adventure', 'Family', 'Science Fiction']",1
354861,Father Figures,25000000,25601244,113,6.3881,5.8,701,2017-12-21,en,['Comedy'],3
4421,G.I. Jane,50000000,48169156,125,6.3901,6.489,1924,1997-08-19,en,"['Action', 'Drama', 'War']",7
724665,"Confess, Fletch",20000000,500000,99,6.388,6.2,422,2022-09-16,en,"['Comedy', 'Mystery', 'Crime']",1
961268,Ballerina,0,0,93,6.3866,7.024,747,2023-10-06,ko,"['Action', 'Thriller']",1
180894,Ninja: Shadow of a Tear,0,82000100,95,6.3861,6.758,452,2013-12-27,en,"['Action', 'Crime', 'Thriller']",2
10207,Message in a Bottle,80000000,118880016,131,6.386,6.25,860,1999-02-22,en,"['Romance', 'Drama']",4
479,Shaft,46000000,107626125,99,6.3858,6.026,1513,2000-06-15,en,"['Action', 'Adventure', 'Crime', 'Thriller']",5
34433,Dragon Ball Z: Broly - The Legendary Super Saiyan,0,21658982,70,6.384,7.3,1034,1993-03-06,ja,"['Animation', 'Science Fiction', 'Action']",3
598387,The Tiger's Apprentice,17000000,762183,84,6.3822,7.2,150,2024-02-16,en,"['Animation', 'Family', 'Fantasy']",5
848123,Black Site,0,0,99,6.3814,6.023,300,2022-05-05,en,"['Action', 'Thriller', 'Crime', 'Drama']",2
122081,Spring Breakers,5000000,32016127,94,6.3807,5.26,4099,2013-03-06,en,"['Drama', 'Crime']",8
1182387,Armor,11500000,0,89,6.3772,5.463,308,2024-10-30,en,"['Action', 'Crime', 'Thriller']",6
1218762,Jingle Bell Heist,0,0,96,6.3771,6.0,268,2025-11-25,en,"['Romance', 'Crime', 'Comedy']",2
209189,Life of Crime,12000000,265452,100,6.2214,5.7,441,2013-09-14,en,"['Comedy', 'Crime']",3
16907,Naruto the Movie: Ninja Clash in the Land of Snow,0,11141307,82,6.1446,7.269,632,2004-08-21,ja,"['Comedy', 'Action', 'Animation', 'Adventure']",7
579245,The Specials,0,0,114,5.7245,7.763,1006,2019-10-23,fr,"['Comedy', 'Drama']",6
314405,Tale of Tales,12000000,5500277,134,6.4712,6.428,1759,2015-05-14,it,"['Romance', 'Fantasy', 'Horror']",6
11349,Cape Fear,35000000,103000000,106,6.2474,7.449,659,1962-04-12,en,"['Thriller', 'Drama', 'Crime']",2
32823,Get Him to the Greek,40000000,90029656,109,6.1052,5.964,2010,2010-06-03,en,"['Adventure', 'Comedy', 'Music']",4
176241,Prison Break: The Final Break,0,0,89,6.3612,7.493,755,2009-09-10,en,"['Action', 'Drama', 'Thriller']",3
91342,Barbie in A Mermaid Tale 2,0,0,74,6.1278,7.1,486,2012-02-22,en,"['Animation', 'Family']",2
21519,Project A,0,18044470,105,5.907,7.3,594,1983-12-22,cn,"['Action', 'Adventure', 'Comedy']",3
4960,"Synecdoche, New York",20000000,4383538,124,6.4479,7.517,1686,2008-10-24,en,['Drama'],4
18198,Barbie Mariposa,0,0,75,6.2831,6.8,559,2008-02-26,en,"['Animation', 'Fantasy', 'Family']",3
454433,Magic Camp,24000000,0,100,6.1007,6.9,224,2020-08-14,en,"['Family', 'Fantasy', 'Comedy']",3
289720,Outcast,25000000,5148503,98,6.3585,5.2,523,2014-09-26,en,"['Action', 'Adventure']",3
13851,Batman: Gotham Knight,0,0,76,6.3584,6.7,799,2008-07-08,en,"['Action', 'Crime', 'Animation', 'Drama', 'Science Fiction']",7
2155,Reindeer Games,42000000,32168970,104,6.3583,5.703,755,2000-02-25,en,"['Thriller', 'Action', 'Crime']",2
597316,My Little Pony: A New Generation,0,4100000,90,6.3576,7.646,356,2021-09-22,en,"['Animation', 'Family', 'Fantasy', 'Comedy', 'Adventure']",2
763329,Red Rocket,1100000,2200000,130,6.3562,6.803,670,2021-12-10,en,"['Drama', 'Comedy']",2
1049638,Rye Lane,0,1600000,82,6.3565,6.979,265,2023-03-17,en,"['Comedy', 'Romance']",5
1037113,Snack Shack,3000000,455708,112,6.3543,7.41,310,2024-03-15,en,"['Comedy', 'Drama']",3
1321439,The Wrong Paris,0,0,107,6.3542,6.717,345,2025-09-11,en,"['Romance', 'Comedy']",2
403431,Brigsby Bear,0,681632,97,6.3541,7.087,429,2017-07-27,en,"['Comedy', 'Drama']",4
11654,The Hunger,10000000,10200000,97,6.353,6.7,685,1983-04-29,en,"['Horror', 'Drama']",2
64586,Sleeping Beauty,10000000,408680,102,6.3517,5.382,703,2011-06-10,en,"['Drama', 'Romance']",7
5156,Bicycle Thieves,133000,450159,89,6.3514,8.16,2764,1948-07-21,it,['Drama'],1
570735,37 Seconds,125000,0,115,6.3506,7.279,111,2019-02-09,ja,['Drama'],3
299,Ocean's Eleven,0,2800000,127,6.35,6.382,424,1960-08-10,en,"['Crime', 'Comedy', 'Thriller']",2
333385,Mr. Right,8000000,34694,95,6.3484,6.442,1499,2016-02-29,en,"['Comedy', 'Romance', 'Crime']",3
518068,Along with the Gods: The Last 49 Days,18300000,112790210,141,6.3479,8.0,781,2018-08-01,ko,"['Action', 'Adventure', 'Fantasy', 'Thriller']",7
659,The Tin Drum,3000000,17000000,162,6.3477,6.965,562,1979-05-02,de,"['Drama', 'History', 'War']",9
1267319,Mantis,0,0,113,6.3461,6.4,195,2025-09-25,ko,"['Action', 'Crime', 'Thriller']",1
1119090,I Am Frankelda,0,2709440,104,6.3456,8.0,125,2025-10-23,es,"['Animation', 'Fantasy', 'Horror', 'Adventure', 'Family']",3
11963,Three Days of the Condor,7800000,41509797,117,6.3439,7.267,1426,1975-09-24,en,"['Thriller', 'Mystery']",2
601796,Alienoid,24500000,12109608,142,6.3437,6.9,599,2022-07-20,ko,"['Science Fiction', 'Action', 'Fantasy', 'Adventure']",2
664574,Silent Night,0,438825,92,6.3434,5.919,627,2021-12-03,en,"['Comedy', 'Science Fiction', 'Horror']",4
1001414,Fear Street: Prom Queen,0,0,90,6.3426,5.324,607,2025-05-23,en,"['Horror', 'Mystery']",1
23631,Machete,10500000,45491656,105,6.3396,6.337,3663,2010-09-01,en,"['Action', 'Comedy', 'Thriller']",2
327,Brother,12000000,15250000,113,6.3387,7.09,547,2000-12-13,ja,"['Crime', 'Drama', 'Thriller']",4
429471,Captive State,25000000,8808611,110,6.3372,5.659,1317,2019-03-15,en,"['Science Fiction', 'Thriller', 'Adventure']",2
16858,All That Jazz,12000000,37823676,123,6.3364,7.525,632,1979-12-16,en,['Drama'],2
8290,Don't Look Now... We're Being Shot At!,0,0,132,6.336,7.9,1498,1966-12-08,fr,"['Comedy', 'War']",3
165213,New World,0,0,134,6.335,7.441,571,2013-02-21,ko,"['Thriller', 'Crime', 'Drama', 'Action']",6
819876,Crimes of the Future,27000000,4551565,107,6.3349,6.008,1339,2022-05-25,en,"['Science Fiction', 'Horror', 'Thriller']",8
555285,"Are You There God? It's Me, Margaret.",30000000,21800000,106,6.3344,7.132,548,2023-03-29,en,"['Comedy', 'Drama']",2
398175,Brawl in Cell Block 99,10000000,64453,132,6.333,7.0,1640,2017-09-23,en,"['Action', 'Crime', 'Thriller']",3
768,From Hell,35000000,74558115,122,6.3312,6.686,3101,2001-02-08,en,"['Horror', 'Mystery', 'Thriller']",4
9396,Crocodile Dundee II,14000000,239606210,111,6.3283,5.867,1276,1988-05-19,en,"['Adventure', 'Comedy']",1
11368,Blood Simple,1500000,4229114,97,6.3262,7.244,1693,1985-01-18,en,"['Crime', 'Drama', 'Thriller']",2
1159206,Father Mother Sister Brother,0,7693345,111,6.3277,6.4,347,2025-12-01,en,"['Comedy', 'Drama']",12
10385,Hanging Up,60000000,51880044,94,6.3259,5.284,192,2000-02-16,en,"['Drama', 'Comedy']",3
430040,The Hurricane Heist,35000000,32517248,103,6.3255,5.683,1101,2018-02-28,en,"['Action', 'Adventure', 'Crime', 'Thriller']",8
602654,Horizon Line,0,916042,92,6.4324,5.571,434,2020-10-29,en,"['Thriller', 'Adventure', 'Action']",7
736790,Chupa,0,0,98,5.8464,6.3,385,2023-04-07,en,"['Adventure', 'Fantasy', 'Family']",2
77459,A Monster in Paris,25000000,26611650,90,6.1175,6.9,1407,2011-10-12,fr,"['Adventure', 'Animation', 'Family', 'Fantasy']",6
1287322,Christy,15000000,2343418,134,6.1532,7.065,237,2025-10-27,en,"['History', 'Drama']",5
585759,The Coldest Game,0,0,104,5.535,6.165,339,2019-11-08,pl,"['Drama', 'Thriller']",9
872906,Jawan,31736340,136675088,169,6.1541,7.028,355,2023-09-07,hi,"['Action', 'Thriller']",1
17663,Anne of Green Gables,0,0,199,5.6904,8.1,261,1985-12-01,en,"['Family', 'Drama']",1
9819,Marvin's Room,23000000,12803305,98,5.6236,6.7,639,1996-12-18,en,['Drama'],3
6341,Blue Thunder,22000000,42313354,110,6.2259,6.3,587,1983-02-05,en,"['Drama', 'Action', 'Thriller']",2
164457,Out of the Furnace,22000000,15400000,116,6.1203,6.56,2189,2013-11-12,en,"['Thriller', 'Drama', 'Crime']",5
1659087,180,0,0,94,6.0799,5.9,149,2026-04-16,en,"['Thriller', 'Crime', 'Drama', 'TV Movie']",1
589761,Chernobyl: Abyss,9100000,6459306,136,6.2533,6.2,586,2021-04-15,ru,"['Drama', 'History', 'Action']",7
74534,The Best Exotic Marigold Hotel,10000000,150501815,124,5.9841,6.954,1497,2012-02-23,en,"['Drama', 'Comedy']",8
483980,Z-O-M-B-I-E-S,0,0,94,6.2875,7.2,786,2018-02-16,en,"['Fantasy', 'Comedy', 'Romance', 'TV Movie']",2
651,M*A*S*H,3500000,81600000,116,6.3592,6.945,1202,1970-02-18,en,"['Comedy', 'Drama', 'War']",3
6522,Life,80000000,73500000,108,5.5865,6.7,913,1999-04-16,en,"['Comedy', 'Crime']",4
864168,Joy Ride,20000000,15800000,94,6.3199,6.51,513,2023-06-22,en,['Comedy'],3
19904,The Stepfather,20000000,31198531,101,5.8146,5.829,981,2009-10-16,en,"['Horror', 'Thriller']",3
26736,Wizards of Waverly Place: The Movie,0,0,94,5.9123,7.3,1821,2009-08-28,en,"['Family', 'TV Movie', 'Adventure', 'Comedy', 'Fantasy', 'Action', 'Drama']",2
454699,Monster Family,0,29230695,93,5.8094,5.999,381,2017-08-24,en,"['Animation', 'Family', 'Fantasy', 'Comedy']",5
98357,Broken City,56000000,34737199,109,6.1205,5.955,1617,2013-01-18,en,"['Thriller', 'Crime', 'Drama']",9
10236,The Way We Were,5000000,50000000,118,5.5192,7.0,531,1973-10-17,en,"['Drama', 'Romance']",3
9699,Trail of the Pink Panther,0,9056073,96,6.25,5.135,341,1982-12-03,en,"['Comedy', 'Crime', 'Mystery']",5
42337,Beau Pere,0,0,123,6.3684,6.424,157,1981-09-16,fr,"['Drama', 'Romance', 'Comedy']",2
467956,The Professor,0,3645308,90,6.2023,6.82,1296,2019-05-10,en,"['Comedy', 'Drama']",7
606870,The Survivor,0,0,129,6.0501,6.8,212,2022-04-07,en,"['History', 'Action', 'Drama']",6
264656,The Homesman,16000000,3442853,122,6.292,6.521,912,2014-05-18,en,"['Western', 'Drama']",3
9262,My Mom's New Boyfriend,25000000,7926601,97,5.6281,5.4,271,2008-04-30,en,"['Action', 'Comedy', 'Crime', 'Romance']",4
1677,Ray,40000000,124700000,152,5.9778,7.45,2314,2004-10-29,en,"['Drama', 'Music']",4
64639,Straw Dogs,25000000,10324441,110,6.3124,5.938,654,2011-09-16,en,"['Drama', 'Thriller']",2
469274,City Hunter,0,14702744,91,5.3843,6.471,853,2019-02-06,fr,"['Action', 'Comedy', 'Adventure']",3
1244531,Beast of War,0,336834,87,6.2548,6.284,162,2025-08-22,en,"['Thriller', 'Action', 'War', 'Horror']",2
10992,Cats & Dogs,60000000,200687492,87,6.1435,5.4,1807,2001-07-04,en,"['Family', 'Comedy', 'Action', 'Adventure', 'Fantasy']",6
111969,Stuck in Love,0,977671,97,5.8583,7.376,2053,2013-06-14,en,"['Drama', 'Comedy', 'Romance']",3
1145221,It Feeds,0,0,102,6.1719,6.677,254,2025-04-17,en,['Horror'],1
12146,The Missing,60000000,38364277,135,5.8904,6.3,717,2003-11-26,en,"['Thriller', 'Western', 'Adventure']",3
2800,Rumor Has It...,70000000,88900000,97,6.4693,5.684,1282,2005-12-22,en,"['Comedy', 'Romance']",2
245916,Kill the Messenger,5000000,5200000,112,5.9962,6.629,950,2014-10-09,en,"['Crime', 'Drama', 'Mystery', 'Thriller', 'History']",4
808023,The Virtuoso,0,0,110,6.0341,5.9,458,2021-04-30,en,"['Thriller', 'Crime', 'Action']",2
2990,Pacific Heights,18000000,55000000,102,6.3169,6.295,438,1990-09-28,en,"['Thriller', 'Drama', 'Mystery']",1
11364,Regarding Henry,25000000,43001500,108,6.1086,6.5,653,1991-07-10,en,"['Romance', 'Drama']",3
9292,Hudson Hawk,65000000,17218080,100,6.0552,5.733,1185,1991-05-23,en,"['Action', 'Adventure', 'Comedy']",2
966220,Sniper: The White Raven,1000000,881,120,6.2872,7.719,954,2022-05-03,uk,"['War', 'Action', 'Drama']",1
11838,Ju-on: The Grudge,3500000,3657876,92,6.2872,6.8,1008,2002-10-18,ja,['Horror'],4
800787,A Good Person,0,3101256,128,6.2868,6.998,464,2023-03-23,en,['Drama'],2
35690,The Last Song,20000000,89137047,107,6.2851,7.229,3421,2010-03-31,en,"['Drama', 'Family', 'Romance']",2
9932,Analyze That,60000000,55003135,96,6.2855,5.9,1445,2002-12-06,en,"['Comedy', 'Crime']",7
839,Duel,450000,2544,74,6.2828,7.419,2150,1971-12-25,en,"['Action', 'Thriller', 'TV Movie']",1
276905,Norm of the North,7000000,17062499,86,6.2817,4.663,371,2016-01-14,en,"['Adventure', 'Animation', 'Comedy', 'Family']",7
59860,Monte Carlo,20000000,39800000,109,6.2803,6.809,2354,2011-07-01,en,"['Adventure', 'Comedy', 'Romance']",6
9620,Paycheck,60000000,117248958,119,6.2793,6.228,2129,2003-12-25,en,"['Action', 'Science Fiction', 'Thriller']",5
86828,Absolutely Anything,0,6303792,85,6.2866,5.921,1701,2015-02-13,en,"['Comedy', 'Science Fiction']",2
7450,Titan A.E.,75000000,36754634,95,6.2776,6.6,1242,2000-06-16,en,"['Animation', 'Science Fiction', 'Adventure', 'Family', 'Action']",4
275601,Ricki and the Flash,18000000,41325328,100,6.2762,5.781,748,2015-07-10,en,"['Comedy', 'Drama', 'Music']",4
14444,The Rugrats Movie,30000000,100491683,80,6.2736,6.275,663,1998-11-20,en,"['Adventure', 'Animation', 'Comedy', 'Family']",3
14696,Ugetsu,0,0,96,6.2713,8.0,668,1953-03-26,ja,"['Fantasy', 'Drama', 'Mystery']",1
152742,The Best Offer,13500000,19255873,131,6.2689,7.807,3159,2013-01-01,it,"['Drama', 'Romance', 'Crime']",7
615643,Minari,2000000,12900000,115,6.2706,7.322,1938,2021-02-12,en,['Drama'],1
9607,Super Mario Bros.,48000000,20929518,105,6.2684,4.5,1508,1993-05-28,en,"['Adventure', 'Fantasy', 'Comedy', 'Family']",4
55465,A Very Harold & Kumar Christmas,19000000,36192775,90,5.3421,6.0,1097,2011-11-04,en,['Comedy'],3
4816,Ghost Dog: The Way of the Samurai,2000000,9392768,117,5.7898,7.348,1480,1999-10-06,en,"['Crime', 'Drama']",6
611213,The Prom,0,187432,131,5.9909,6.1,725,2020-12-02,en,"['Romance', 'Comedy']",2
4550,Lady Vengeance,0,23803308,115,6.4558,7.515,2041,2005-07-29,ko,"['Drama', 'Thriller']",6
775996,Outside the Wire,0,0,116,6.4374,6.348,1996,2021-01-15,en,"['Thriller', 'Action', 'Science Fiction']",4
635891,Clerks III,7000000,4737955,100,5.3187,6.004,347,2022-09-04,en,"['Comedy', 'Drama']",7
680593,The Dark and the Wicked,0,736153,95,6.0491,6.15,574,2020-04-16,en,['Horror'],4
9425,Soldier,75000000,14594226,99,6.079,6.4,1003,1998-10-23,en,"['Science Fiction', 'Action', 'Drama']",4
4517,Elizabeth: The Golden Age,55000000,74237563,114,5.369,6.7,1346,2007-09-09,en,"['Drama', 'History', 'Romance']",4
12556,Ghosts of Girlfriends Past,37500000,102366815,115,5.8538,5.97,2498,2009-05-01,en,"['Romance', 'Comedy', 'Fantasy']",2
592983,Spellbound,0,0,111,6.1776,6.572,338,2024-11-22,en,"['Animation', 'Fantasy', 'Family', 'Adventure', 'Comedy']",2
9504,Glengarry Glen Ross,12500000,10725228,100,5.5789,7.325,1670,1992-09-10,en,"['Crime', 'Drama', 'Mystery']",3
9718,Talladega Nights: The Ballad of Ricky Bobby,72500000,163000000,108,5.3216,6.385,2005,2006-08-04,en,['Comedy'],2
1688,Conquest of the Planet of the Apes,1700000,9700000,88,6.1358,6.164,1133,1972-06-29,en,"['Action', 'Science Fiction']",2
